# WaveFront *.obj file (generated by Autodesk ATF)

mtllib Immersionaxe Main Frame v2 - PT1.mtl

g Immersionaxe Main Frame v2 - PT1

v 56.015563 174.250011 11.000000
v 56.015563 174.250011 8.358579
v 55.915563 173.893067 8.458579
v 55.915563 173.893067 0.000000
v 78.999998 256.291674 0.000000
v 78.999998 256.291674 11.000000
v 30.984437 174.250011 11.000000
v 30.984437 174.250011 8.358579
v 33.484437 174.250011 10.858579
v 38.061442 174.250011 6.281574
v 38.061442 174.250011 11.000000
v 83.499998 169.250011 7.358579
v 85.499998 169.250011 9.358579
v 85.499998 159.250011 9.358579
v 83.499998 159.250011 7.358579
v 82.099998 170.600080 5.958579
v 82.131028 170.426267 5.989609
v 82.141419 170.250011 6.000000
v 82.131028 170.073756 5.989609
v 82.099998 169.899943 5.958579
v 82.099998 154.350011 5.958579
v 86.999998 154.350011 10.858579
v 86.999998 174.250011 10.858579
v 82.099998 174.250011 5.958579
v 1.499998 169.250011 9.358581
v 3.499998 169.250011 7.358581
v 3.499998 159.250011 7.358581
v 1.499998 159.250011 9.358581
v 4.900000 169.899943 5.958579
v 4.868970 170.073756 5.989609
v 4.858579 170.250011 6.000000
v 4.868970 170.426267 5.989609
v 4.900000 170.600080 5.958579
v 4.900000 174.250011 5.958579
v 0.000000 174.250011 10.858579
v 0.000000 154.350011 10.858579
v 4.900000 154.350011 5.958579
v 60.174449 277.000008 8.299852
v 60.174449 272.000008 8.299852
v 43.500004 272.000008 54.752250
v 43.500004 277.000008 54.752250
v 26.825551 272.000008 8.299852
v 26.825551 277.000015 8.299852
v 26.000001 272.000008 6.000000
v 26.000001 267.000008 6.000000
v 60.999999 267.000008 6.000000
v 60.999999 272.000008 6.000000
v 60.999999 277.000008 6.000000
v 26.000001 277.000008 6.000000
v 77.000003 277.000008 6.000000
v 77.000003 277.000008 0.000000
v 10.000000 277.000008 0.000000
v 10.000000 277.000008 6.000000
v 0.000000 277.000008 6.000000
v 0.000000 277.000008 18.643678
v 10.000000 277.000008 18.643678
v 10.000000 277.000008 61.999852
v 35.799495 277.000008 61.999852
v 51.200505 277.000008 61.999852
v 77.000003 277.000008 61.999852
v 77.000003 277.000008 18.643678
v 86.999998 277.000008 18.643678
v 86.999998 277.000008 6.000000
v 26.000001 272.000015 75.999999
v 26.000001 272.000015 61.999852
v 5.000000 272.000015 61.999852
v 5.000000 272.000015 75.999999
v 60.999999 272.000015 61.999852
v 60.999999 272.000015 75.999999
v 82.000000 272.000015 75.999999
v 82.000000 272.000015 61.999852
v 87.000000 354.000015 75.999999
v 86.999998 354.000015 0.000000
v 0.000000 354.000015 0.000000
v 0.000000 354.000015 75.999999
v 77.000003 354.000015 18.643678
v 43.500001 354.000015 60.999997
v 21.591701 354.000015 33.299852
v 10.000000 354.000015 18.643678
v 10.000000 354.000015 6.000000
v 77.000003 354.000015 6.000000
v 10.000005 344.000015 8.299852
v 10.000000 344.000015 18.643678
v 0.000000 344.000015 18.643678
v 0.000000 344.000015 6.000000
v 10.000000 344.000015 6.000000
v 77.000003 344.000015 18.643678
v 77.000003 344.000015 6.000000
v 86.999998 344.000015 6.000000
v 86.999998 344.000015 18.643678
v 43.500001 344.000015 60.999997
v 21.591701 344.000015 33.299852
v 87.000000 173.050011 4.500000
v 86.999998 173.007473 4.013785
v 86.999998 172.881151 3.542344
v 86.999998 172.674883 3.100000
v 86.999998 172.394936 2.700195
v 86.999998 172.049817 2.355076
v 86.999998 171.650011 2.075129
v 86.999998 171.207668 1.868861
v 86.999998 170.736226 1.742538
v 86.999998 170.250011 1.700000
v 86.999998 169.763797 1.742538
v 86.999998 169.292355 1.868861
v 86.999998 168.850011 2.075129
v 86.999998 168.450206 2.355076
v 86.999998 168.105087 2.700195
v 86.999998 167.825140 3.100000
v 86.999998 167.618872 3.542344
v 86.999998 167.492550 4.013785
v 86.999998 167.450011 4.500000
v 86.999998 167.492550 4.986215
v 86.999998 167.618872 5.457657
v 86.999998 167.825140 5.900000
v 86.999998 168.105087 6.299805
v 86.999998 168.450206 6.644925
v 86.999998 168.850011 6.924871
v 86.999998 169.292355 7.131139
v 86.999998 169.763797 7.257462
v 86.999998 170.250011 7.300000
v 86.999998 170.736226 7.257462
v 86.999998 171.207668 7.131139
v 86.999998 171.650011 6.924871
v 86.999998 172.049817 6.644925
v 86.999998 172.394936 6.299805
v 86.999998 172.674883 5.900000
v 86.999998 172.881151 5.457657
v 86.999998 173.007473 4.986215
v 86.999998 267.000008 48.299852
v 87.000000 267.000015 43.299999
v 86.999998 267.000008 11.000000
v 86.999998 174.250011 11.000000
v 86.999998 154.350011 0.000000
v 87.000000 267.000015 75.999999
v 86.999998 310.500011 60.999999
v 10.000000 310.500011 60.999999
v 0.000000 310.500011 60.999999
v 82.000000 349.000015 61.999852
v 5.000000 349.000015 61.999852
v 35.799495 272.000008 61.999852
v 51.200505 272.000008 61.999852
v 10.000000 288.591710 61.999852
v 10.000000 332.408313 61.999852
v 10.000000 344.000015 61.999852
v 77.000003 344.000015 61.999852
v 5.000000 349.000015 75.999999
v 82.000000 349.000015 75.999999
v 77.000003 310.500011 60.999999
v 60.999999 267.000015 75.999999
v 26.000001 267.000015 75.999999
v 0.000000 267.000015 75.999999
v 0.000000 267.000008 48.299852
v 0.000000 267.000015 43.299999
v 0.000000 267.000008 11.000000
v 12.077005 267.000008 11.000000
v 12.077005 267.000008 0.000000
v 74.922998 267.000008 0.000000
v 74.922998 267.000008 11.000000
v 26.000001 272.000015 48.299852
v 0.000000 154.350011 0.000000
v 0.000000 174.250011 11.000000
v 0.000000 173.050011 4.500000
v 0.000000 173.007473 4.986215
v 0.000000 172.881151 5.457657
v 0.000000 172.674883 5.900000
v 0.000000 172.394936 6.299805
v 0.000000 172.049817 6.644925
v 0.000000 171.650011 6.924871
v 0.000000 171.207668 7.131139
v 0.000000 170.736226 7.257462
v 0.000000 170.250011 7.300000
v 0.000000 169.763797 7.257462
v 0.000000 169.292355 7.131139
v 0.000000 168.850011 6.924871
v 0.000000 168.450206 6.644925
v 0.000000 168.105087 6.299805
v 0.000000 167.825140 5.900000
v 0.000000 167.618872 5.457657
v 0.000000 167.492550 4.986215
v 0.000000 167.450011 4.500000
v 0.000000 167.492550 4.013785
v 0.000000 167.618872 3.542344
v 0.000000 167.825140 3.100000
v 0.000000 168.105087 2.700195
v 0.000000 168.450206 2.355076
v 0.000000 168.850011 2.075129
v 0.000000 169.292355 1.868861
v 0.000000 169.763797 1.742538
v 0.000000 170.250011 1.700000
v 0.000000 170.736226 1.742538
v 0.000000 171.207668 1.868861
v 0.000000 171.650011 2.075129
v 0.000000 172.049817 2.355076
v 0.000000 172.394936 2.700195
v 0.000000 172.674883 3.100000
v 0.000000 172.881151 3.542344
v 0.000000 173.007473 4.013785
v 48.938175 174.248645 0.000000
v 48.938175 166.250011 0.000000
v 48.938175 166.250011 6.281191
v 48.938175 169.045911 6.281191
v 48.938175 168.762217 6.052085
v 48.938175 168.521321 5.778331
v 48.938175 168.330154 5.467805
v 48.938175 168.194213 5.129438
v 48.938175 168.117410 4.772965
v 48.938175 168.101953 4.408639
v 48.938175 168.148289 4.046942
v 48.938175 168.255083 3.698278
v 48.938175 168.419263 3.372676
v 48.938175 168.636107 3.079503
v 48.938175 168.899377 2.827192
v 48.938175 169.201500 2.623002
v 48.938175 169.533784 2.472805
v 48.938175 169.886672 2.380924
v 48.938175 170.250011 2.350000
v 48.938175 170.613351 2.380924
v 48.938175 170.966238 2.472805
v 48.938175 171.298523 2.623002
v 48.938175 171.600646 2.827192
v 48.938175 171.863916 3.079503
v 48.938175 172.080760 3.372676
v 48.938175 172.244940 3.698278
v 48.938175 172.351734 4.046942
v 48.938175 172.398069 4.408639
v 48.938175 172.382613 4.772965
v 48.938175 172.305810 5.129438
v 48.938175 172.169869 5.467805
v 48.938175 171.978702 5.778331
v 48.938175 171.737806 6.052085
v 48.938175 171.454112 6.281191
v 48.938175 174.248645 6.281191
v 55.915563 168.100011 4.500000
v 55.915563 168.132675 4.126657
v 55.915563 168.229672 3.764657
v 55.915563 168.388057 3.425000
v 55.915563 168.603016 3.118007
v 55.915563 168.868018 2.853005
v 55.915563 169.175011 2.638046
v 55.915563 169.514668 2.479661
v 55.915563 169.876668 2.382663
v 55.915563 170.250011 2.350000
v 55.915563 170.623355 2.382663
v 55.915563 170.985355 2.479661
v 55.915563 171.325011 2.638046
v 55.915563 171.632005 2.853005
v 55.915563 171.897007 3.118007
v 55.915563 172.111966 3.425000
v 55.915563 172.270351 3.764657
v 55.915563 172.367348 4.126657
v 55.915563 172.400011 4.500000
v 55.915563 172.367348 4.873344
v 55.915563 172.270351 5.235343
v 55.915563 172.111966 5.575000
v 55.915563 171.897007 5.881993
v 55.915563 171.632005 6.146996
v 55.915563 171.325011 6.361955
v 55.915563 170.985355 6.520339
v 55.915563 170.623355 6.617337
v 55.915563 170.250011 6.650000
v 55.915563 169.876668 6.617337
v 55.915563 169.514668 6.520339
v 55.915563 169.175011 6.361955
v 55.915563 168.868018 6.146996
v 55.915563 168.603016 5.881993
v 55.915563 168.388057 5.575000
v 55.915563 168.229672 5.235343
v 55.915563 168.132675 4.873344
v 49.096827 169.322913 6.439843
v 49.160299 169.469479 6.503315
v 49.212715 169.620353 6.555731
v 49.253787 169.774702 6.596803
v 49.283286 169.931673 6.626302
v 49.301052 170.090402 6.644067
v 49.306984 170.250011 6.650000
v 49.301052 170.409621 6.644067
v 49.283286 170.568349 6.626302
v 49.253787 170.725321 6.596803
v 49.212715 170.879670 6.555731
v 49.160299 171.030544 6.503315
v 49.096827 171.177110 6.439843
v 55.915563 166.250011 0.000000
v 55.915563 166.250011 8.458579
v 53.515563 166.250011 10.858579
v 38.061921 166.250011 0.000000
v 38.061921 174.248303 0.000000
v 38.061921 174.248303 6.281096
v 38.061921 171.454253 6.281096
v 38.061921 171.737921 6.051975
v 38.061921 171.978790 5.778212
v 38.061921 172.169931 5.467683
v 38.061921 172.305847 5.129318
v 38.061921 172.382628 4.772852
v 38.061921 172.398065 4.408537
v 38.061921 172.351715 4.046853
v 38.061921 172.244911 3.698204
v 38.061921 172.080724 3.372618
v 38.061921 171.863878 3.079460
v 38.061921 171.600610 2.827163
v 38.061921 171.298493 2.622985
v 38.061921 170.966217 2.472798
v 38.061921 170.613340 2.380922
v 38.061921 170.250011 2.350000
v 38.061921 169.886683 2.380922
v 38.061921 169.533806 2.472798
v 38.061921 169.201530 2.622985
v 38.061921 168.899413 2.827163
v 38.061921 168.636145 3.079460
v 38.061921 168.419299 3.372618
v 38.061921 168.255112 3.698204
v 38.061921 168.148308 4.046853
v 38.061921 168.101958 4.408537
v 38.061921 168.117395 4.772852
v 38.061921 168.194176 5.129318
v 38.061921 168.330092 5.467683
v 38.061921 168.521233 5.778212
v 38.061921 168.762102 6.051975
v 38.061921 169.045769 6.281096
v 38.061921 166.250011 6.281096
v 31.084437 168.100011 4.500000
v 31.084437 168.132675 4.873344
v 31.084437 168.229672 5.235343
v 31.084437 168.388057 5.575000
v 31.084437 168.603016 5.881993
v 31.084437 168.868018 6.146996
v 31.084437 169.175011 6.361955
v 31.084437 169.514668 6.520339
v 31.084437 169.876668 6.617337
v 31.084437 170.250011 6.650000
v 31.084437 170.623355 6.617337
v 31.084437 170.985355 6.520339
v 31.084437 171.325011 6.361955
v 31.084437 171.632005 6.146996
v 31.084437 171.897007 5.881993
v 31.084437 172.111966 5.575000
v 31.084437 172.270351 5.235343
v 31.084437 172.367348 4.873344
v 31.084437 172.400011 4.500000
v 31.084437 172.367348 4.126657
v 31.084437 172.270351 3.764657
v 31.084437 172.111966 3.425000
v 31.084437 171.897007 3.118007
v 31.084437 171.632005 2.853005
v 31.084437 171.325011 2.638046
v 31.084437 170.985355 2.479661
v 31.084437 170.623355 2.382663
v 31.084437 170.250011 2.350000
v 31.084437 169.876668 2.382663
v 31.084437 169.514668 2.479661
v 31.084437 169.175011 2.638046
v 31.084437 168.868018 2.853005
v 31.084437 168.603016 3.118007
v 31.084437 168.388057 3.425000
v 31.084437 168.229672 3.764657
v 31.084437 168.132675 4.126657
v 37.903229 171.177225 6.439787
v 37.839740 171.030643 6.503276
v 37.787310 170.879751 6.555706
v 37.746228 170.725384 6.596788
v 37.716720 170.568392 6.626296
v 37.698950 170.409642 6.644066
v 37.693016 170.250011 6.650000
v 37.698950 170.090381 6.644066
v 37.716720 169.931631 6.626296
v 37.746228 169.774639 6.596788
v 37.787310 169.620272 6.555706
v 37.839740 169.469380 6.503276
v 37.903229 169.322798 6.439787
v 31.084437 166.250011 0.000000
v 31.084437 173.893067 0.000000
v 8.000000 256.291675 0.000000
v 8.000000 174.250011 0.000000
v 4.900000 174.250011 0.000000
v 4.900000 154.350011 -0.000000
v 82.099998 154.350011 0.000000
v 82.099998 174.250008 0.000000
v 78.999998 174.250008 0.000000
v 77.000003 344.000015 0.000000
v 10.000000 344.000015 0.000000
v 33.484437 166.250011 10.858579
v 31.084437 166.250011 8.458579
v 48.938558 174.250011 6.281574
v 48.938558 174.250011 11.000000
v 53.515563 174.250011 10.858579
v 8.000000 256.291675 11.000000
v 8.000000 174.250011 11.000000
v 31.084437 173.893067 8.458579
v 78.999998 174.250008 11.000000
v 3.100000 173.050011 4.500000
v 3.100000 173.007473 4.986215
v 3.100000 172.881151 5.457657
v 3.100000 172.674883 5.900000
v 3.100000 172.394936 6.299805
v 3.100000 172.049817 6.644925
v 3.100000 171.650011 6.924871
v 3.100000 171.207668 7.131139
v 3.100000 170.736226 7.257462
v 3.100000 170.250011 7.300000
v 3.100000 169.763797 7.257462
v 3.100000 169.292355 7.131139
v 3.100000 168.850011 6.924871
v 3.100000 168.450206 6.644925
v 3.100000 168.105087 6.299805
v 3.100000 167.825140 5.900000
v 3.100000 167.618872 5.457657
v 3.100000 167.492550 4.986215
v 3.100000 167.450011 4.500000
v 3.100000 167.492550 4.013785
v 3.100000 167.618872 3.542344
v 3.100000 167.825140 3.100000
v 3.100000 168.105087 2.700195
v 3.100000 168.450206 2.355076
v 3.100000 168.850011 2.075129
v 3.100000 169.292355 1.868861
v 3.100000 169.763797 1.742538
v 3.100000 170.250011 1.700000
v 3.100000 170.736226 1.742538
v 3.100000 171.207668 1.868861
v 3.100000 171.650011 2.075129
v 3.100000 172.049817 2.355076
v 3.100000 172.394936 2.700195
v 3.100000 172.674883 3.100000
v 3.100000 172.881151 3.542344
v 3.100000 173.007473 4.013785
v 3.100000 168.750011 4.500000
v 3.100000 168.772800 4.239528
v 3.100000 168.840473 3.986970
v 3.100000 168.950973 3.750000
v 3.100000 169.100945 3.535819
v 3.100000 169.285830 3.350933
v 3.100000 169.500011 3.200962
v 3.100000 169.736981 3.090461
v 3.100000 169.989539 3.022788
v 3.100000 170.250011 3.000000
v 3.100000 170.510484 3.022788
v 3.100000 170.763042 3.090461
v 3.100000 171.000011 3.200962
v 3.100000 171.214193 3.350933
v 3.100000 171.399078 3.535819
v 3.100000 171.549050 3.750000
v 3.100000 171.659550 3.986970
v 3.100000 171.727223 4.239528
v 3.100000 171.750011 4.500000
v 3.100000 171.727223 4.760472
v 3.100000 171.659550 5.013030
v 3.100000 171.549050 5.250000
v 3.100000 171.399078 5.464182
v 3.100000 171.214193 5.649067
v 3.100000 171.000011 5.799038
v 3.100000 170.763042 5.909539
v 3.100000 170.510484 5.977212
v 3.100000 170.250011 6.000000
v 3.100000 169.989539 5.977212
v 3.100000 169.736981 5.909539
v 3.100000 169.500011 5.799038
v 3.100000 169.285830 5.649067
v 3.100000 169.100945 5.464182
v 3.100000 168.950973 5.250000
v 3.100000 168.840473 5.013030
v 3.100000 168.772800 4.760472
v 83.900000 173.050011 4.500000
v 83.900000 173.007473 4.013785
v 83.900000 172.881151 3.542344
v 83.900000 172.674883 3.100000
v 83.900000 172.394936 2.700195
v 83.900000 172.049817 2.355076
v 83.900000 171.650011 2.075129
v 83.900000 171.207668 1.868861
v 83.900000 170.736226 1.742538
v 83.900000 170.250011 1.700000
v 83.900000 169.763797 1.742538
v 83.900000 169.292355 1.868861
v 83.900000 168.850011 2.075129
v 83.900000 168.450206 2.355076
v 83.900000 168.105087 2.700195
v 83.900000 167.825140 3.100000
v 83.900000 167.618872 3.542344
v 83.900000 167.492550 4.013785
v 83.900000 167.450011 4.500000
v 83.900000 167.492550 4.986215
v 83.900000 167.618872 5.457657
v 83.900000 167.825140 5.900000
v 83.900000 168.105087 6.299805
v 83.900000 168.450206 6.644925
v 83.900000 168.850011 6.924871
v 83.900000 169.292355 7.131139
v 83.900000 169.763797 7.257462
v 83.900000 170.250011 7.300000
v 83.900000 170.736226 7.257462
v 83.900000 171.207668 7.131139
v 83.900000 171.650011 6.924871
v 83.900000 172.049817 6.644925
v 83.900000 172.394936 6.299805
v 83.900000 172.674883 5.900000
v 83.900000 172.881151 5.457657
v 83.900000 173.007473 4.986215
v 83.900000 168.750011 4.500000
v 83.900000 168.772800 4.760472
v 83.900000 168.840473 5.013030
v 83.900000 168.950973 5.250000
v 83.900000 169.100945 5.464182
v 83.900000 169.285830 5.649067
v 83.900000 169.500011 5.799038
v 83.900000 169.736981 5.909539
v 83.900000 169.989539 5.977212
v 83.900000 170.250011 6.000000
v 83.900000 170.510484 5.977212
v 83.900000 170.763042 5.909539
v 83.900000 171.000011 5.799038
v 83.900000 171.214193 5.649067
v 83.900000 171.399078 5.464182
v 83.900000 171.549050 5.250000
v 83.900000 171.659550 5.013030
v 83.900000 171.727223 4.760472
v 83.900000 171.750011 4.500000
v 83.900000 171.727223 4.239528
v 83.900000 171.659550 3.986970
v 83.900000 171.549050 3.750000
v 83.900000 171.399078 3.535819
v 83.900000 171.214193 3.350933
v 83.900000 171.000011 3.200962
v 83.900000 170.763042 3.090461
v 83.900000 170.510484 3.022788
v 83.900000 170.250011 3.000000
v 83.900000 169.989539 3.022788
v 83.900000 169.736981 3.090461
v 83.900000 169.500011 3.200962
v 83.900000 169.285830 3.350933
v 83.900000 169.100945 3.535819
v 83.900000 168.950973 3.750000
v 83.900000 168.840473 3.986970
v 83.900000 168.772800 4.239528
v 4.900000 169.656923 5.877769
v 4.900000 169.431192 5.756796
v 4.900000 169.229330 5.599186
v 4.900000 169.057222 5.409535
v 4.900000 168.919884 5.193370
v 4.900000 168.821321 4.956993
v 4.900000 168.764404 4.707294
v 4.900000 168.750794 4.451553
v 4.900000 168.780887 4.197224
v 4.900000 168.853806 3.951721
v 4.900000 168.967425 3.722200
v 4.900000 169.118433 3.515353
v 4.900000 169.302426 3.337209
v 4.900000 169.514043 3.192962
v 4.900000 169.747113 3.086815
v 4.900000 169.994843 3.021863
v 4.900000 170.250011 3.000000
v 4.900000 170.505180 3.021863
v 4.900000 170.752910 3.086815
v 4.900000 170.985980 3.192962
v 4.900000 171.197597 3.337209
v 4.900000 171.381590 3.515353
v 4.900000 171.532598 3.722200
v 4.900000 171.646217 3.951721
v 4.900000 171.719136 4.197224
v 4.900000 171.749229 4.451553
v 4.900000 171.735619 4.707294
v 4.900000 171.678702 4.956993
v 4.900000 171.580139 5.193370
v 4.900000 171.442801 5.409535
v 4.900000 171.270693 5.599186
v 4.900000 171.068831 5.756796
v 4.900000 170.843100 5.877769
v 82.099998 170.843100 5.877769
v 82.099998 171.068831 5.756796
v 82.099998 171.270693 5.599186
v 82.099998 171.442801 5.409535
v 82.099998 171.580139 5.193370
v 82.099998 171.678702 4.956993
v 82.099998 171.735619 4.707294
v 82.099998 171.749229 4.451553
v 82.099998 171.719136 4.197224
v 82.099998 171.646217 3.951721
v 82.099998 171.532598 3.722200
v 82.099998 171.381590 3.515353
v 82.099998 171.197597 3.337209
v 82.099998 170.985980 3.192962
v 82.099998 170.752910 3.086815
v 82.099998 170.505180 3.021863
v 82.099998 170.250011 3.000000
v 82.099998 169.994843 3.021863
v 82.099998 169.747113 3.086815
v 82.099998 169.514043 3.192962
v 82.099998 169.302426 3.337209
v 82.099998 169.118433 3.515353
v 82.099998 168.967425 3.722200
v 82.099998 168.853806 3.951721
v 82.099998 168.780887 4.197224
v 82.099998 168.750794 4.451553
v 82.099998 168.764404 4.707294
v 82.099998 168.821321 4.956993
v 82.099998 168.919884 5.193370
v 82.099998 169.057222 5.409535
v 82.099998 169.229330 5.599186
v 82.099998 169.431192 5.756796
v 82.099998 169.656923 5.877769
v 85.499998 169.250011 9.858579
v 85.499998 159.250011 9.858579
v 83.499998 169.250011 9.858579
v 84.499998 169.250011 10.858579
v 83.499998 159.250011 9.858579
v 84.499998 159.250011 10.858579
v 1.499998 159.250011 9.858579
v 1.499998 169.250011 9.858579
v 3.499998 159.250011 9.858579
v 2.499998 159.250011 10.858579
v 3.499998 169.250011 9.858579
v 2.499998 169.250011 10.858579
v 60.999999 272.000015 48.299852
vt -1.100000 0.000000 0.000000
vt -0.835858 0.000000 0.000000
vt -1.100000 8.520046 0.000000
vt 0.000000 8.520046 0.000000
vt -0.000000 -0.037069 0.000000
vt -0.845858 -0.037069 0.000000
vt 2.964143 -1.251556 0.000000
vt 2.714143 -1.001556 0.000000
vt 2.700000 -1.251556 0.000000
vt 2.700000 -0.543856 0.000000
vt 3.171843 -0.543856 0.000000
vt 0.131421 0.500000 0.000000
vt -0.349411 1.000000 0.000000
vt -0.151421 0.500000 0.000000
vt -0.345023 0.617626 0.000000
vt -0.343553 0.600000 0.000000
vt 0.131421 -0.500000 0.000000
vt 0.343553 -0.990000 0.000000
vt 0.343553 1.000000 0.000000
vt -0.349411 -0.990000 0.000000
vt -0.151421 -0.500000 0.000000
vt -0.349411 0.564993 0.000000
vt -0.345023 0.582374 0.000000
vt -0.349411 0.635007 0.000000
vt 0.151421 0.500000 0.000000
vt 0.349411 1.000000 0.000000
vt -0.131422 0.500000 0.000000
vt -0.343553 1.000000 0.000000
vt -0.343553 -0.990000 0.000000
vt 0.151421 -0.500000 0.000000
vt 0.349411 0.564993 0.000000
vt 0.345023 0.582374 0.000000
vt 0.343553 0.600000 0.000000
vt 0.349411 -0.990000 0.000000
vt -0.131422 -0.500000 0.000000
vt 0.345023 0.617626 0.000000
vt 0.349411 0.635007 0.000000
vt -4.935446 0.000000 0.000000
vt -0.000000 0.000000 0.000000
vt -4.935446 0.500000 0.000000
vt -0.000000 0.500000 0.000000
vt -0.244353 0.500001 0.000000
vt -5.179799 0.500000 0.000000
vt -0.244353 0.000000 0.000000
vt -5.179799 0.000000 0.000000
vt 0.000000 0.000000 0.000000
vt 3.500000 0.000000 0.000000
vt 0.000000 0.500000 0.000000
vt 3.500000 0.500000 0.000000
vt 0.000000 1.000000 0.000000
vt 3.500000 1.000000 0.000000
vt 5.475225 3.350000 0.000000
vt 1.864368 6.700000 0.000000
vt 0.829985 5.017445 0.000000
vt 0.600000 6.700000 0.000000
vt 0.600000 5.100000 0.000000
vt 0.000000 6.700000 0.000000
vt 0.000000 0.000000 0.000000
vt 0.829985 1.682555 0.000000
vt 1.864368 0.000000 0.000000
vt 6.199985 0.000000 0.000000
vt 6.199985 2.579949 0.000000
vt 0.600000 0.000000 0.000000
vt 0.600000 1.600000 0.000000
vt 0.600000 -1.000000 0.000000
vt 1.864368 -1.000000 0.000000
vt 6.199985 4.120050 0.000000
vt 6.199985 6.700000 0.000000
vt 1.864368 7.700000 0.000000
vt 0.600000 7.700000 0.000000
vt -0.050000 -1.750000 0.000000
vt -1.450015 -1.750000 0.000000
vt -0.050000 -3.850000 0.000000
vt -1.450015 -3.850000 0.000000
vt -1.450015 1.750000 0.000000
vt -0.050000 1.750000 0.000000
vt -1.450015 3.850000 0.000000
vt -0.050000 3.850000 0.000000
vt 0.000000 0.000000 0.000000
vt 1.864368 -1.000000 0.000000
vt 7.600000 0.000000 0.000000
vt 6.100000 -4.350000 0.000000
vt 7.600000 -8.700000 0.000000
vt 3.329985 -6.540830 0.000000
vt 1.864368 -7.700000 0.000000
vt 0.000000 -8.700000 0.000000
vt 0.600000 -7.700000 0.000000
vt 0.600000 -1.000000 0.000000
vt -1.264368 -7.700000 0.000000
vt -1.264368 -8.700000 0.000000
vt -0.229985 -7.699999 0.000000
vt 0.000000 -8.700000 0.000000
vt 0.000000 -7.700000 0.000000
vt -1.264368 -1.000000 0.000000
vt 0.000000 -1.000000 0.000000
vt -1.264368 0.000000 0.000000
vt 0.000000 0.000000 0.000000
vt -0.000000 -0.000000 0.000000
vt 3.531673 0.000000 0.000000
vt -0.000000 1.000000 0.000000
vt 3.531673 1.000000 0.000000
vt -0.498622 -18.099254 0.000000
vt -0.450000 -18.095000 0.000000
vt -1.100000 -8.700001 0.000000
vt -0.401379 -18.099254 0.000000
vt -0.354234 -18.111886 0.000000
vt -0.310000 -18.132513 0.000000
vt -0.270019 -18.160508 0.000000
vt -0.600000 -7.700001 0.000000
vt -0.235508 -18.195020 0.000000
vt -0.207513 -18.235000 0.000000
vt -0.186886 -18.279235 0.000000
vt -0.174254 -18.326379 0.000000
vt 0.000000 0.000000 0.000000
vt 0.000000 -19.965000 0.000000
vt -0.170000 -18.375000 0.000000
vt -0.174254 -18.423622 0.000000
vt -0.186886 -18.470766 0.000000
vt -0.207513 -18.515000 0.000000
vt -0.235508 -18.554981 0.000000
vt -0.270019 -18.589493 0.000000
vt -0.310000 -18.617487 0.000000
vt -0.354234 -18.638114 0.000000
vt -0.401379 -18.650747 0.000000
vt -0.450000 -18.655000 0.000000
vt -0.498622 -18.650747 0.000000
vt -1.085858 -19.965000 0.000000
vt -0.545766 -18.638114 0.000000
vt -0.590000 -18.617487 0.000000
vt -0.629981 -18.589493 0.000000
vt -0.664492 -18.554981 0.000000
vt -0.692487 -18.515000 0.000000
vt -0.713114 -18.470766 0.000000
vt -0.725746 -18.423622 0.000000
vt -1.085858 -17.975000 0.000000
vt -0.730000 -18.375000 0.000000
vt -0.725746 -18.326379 0.000000
vt -0.713114 -18.279235 0.000000
vt -0.692487 -18.235000 0.000000
vt -0.664492 -18.195020 0.000000
vt -0.629981 -18.160508 0.000000
vt -0.590000 -18.132513 0.000000
vt -0.545766 -18.111886 0.000000
vt -1.100000 -17.975000 0.000000
vt -7.600000 -8.700000 0.000000
vt -4.829985 -8.700001 0.000000
vt -6.100000 -4.350000 0.000000
vt -4.330000 -8.700000 0.000000
vt -1.864368 -7.700001 0.000000
vt -7.600000 0.000000 0.000000
vt -1.864368 -1.000000 0.000000
vt -0.600000 -1.000000 0.000000
vt -1.000000 -5.400285 0.000000
vt 0.000000 -5.400285 0.000000
vt -1.000000 0.000000 0.000000
vt 0.000000 0.000000 0.000000
vt 4.138001 -8.499999 0.000000
vt 3.638002 -8.000000 0.000000
vt 2.038001 -8.499999 0.000000
vt 1.058052 -8.000000 0.000000
vt 1.058052 -8.500000 0.000000
vt -0.482049 -8.000000 0.000000
vt -0.482049 -8.500000 0.000000
vt -1.461999 -8.499999 0.000000
vt -3.061999 -8.000000 0.000000
vt -3.561999 -8.499999 0.000000
vt -3.061999 -6.840830 0.000000
vt -3.061999 -2.459169 0.000000
vt 3.638002 -1.299999 0.000000
vt 4.138001 -0.799999 0.000000
vt -3.061999 -1.299999 0.000000
vt -3.561999 -0.799999 0.000000
vt -1.450015 -3.850000 0.000000
vt -0.050000 -3.850000 0.000000
vt -1.450015 3.850000 0.000000
vt -0.050000 3.850000 0.000000
vt 1.450015 3.850000 0.000000
vt 0.050000 3.850000 0.000000
vt 1.450015 -3.850000 0.000000
vt 0.050000 -3.850000 0.000000
vt 1.450015 3.850000 0.000000
vt 0.050000 3.850000 0.000000
vt 1.450015 -3.850000 0.000000
vt 0.050000 -3.850000 0.000000
vt -1.000000 0.000000 0.000000
vt 0.000000 0.000000 0.000000
vt -1.000000 5.400285 0.000000
vt 0.000000 5.400285 0.000000
vt 0.000000 1.000000 0.000000
vt -1.264368 1.000000 0.000000
vt 0.000000 0.000000 0.000000
vt -1.264368 0.000000 0.000000
vt 5.400285 0.000000 0.000000
vt 0.000000 1.000000 0.000000
vt 5.400285 1.000000 0.000000
vt -0.000000 5.400285 0.000000
vt -1.000000 5.400285 0.000000
vt 0.000000 0.000000 0.000000
vt -1.000000 0.000000 0.000000
vt -0.244353 0.500001 0.000000
vt -0.244353 0.000000 0.000000
vt 0.000000 0.500000 0.000000
vt -0.000000 0.000000 0.000000
vt -0.600000 5.100000 0.000000
vt -4.330000 7.700000 0.000000
vt -7.600000 5.100000 0.000000
vt -4.829985 7.700000 0.000000
vt -7.600000 7.700000 0.000000
vt -0.600000 1.600000 0.000000
vt 0.000000 0.207700 0.000000
vt 0.000000 6.492300 0.000000
vt -1.100000 6.492300 0.000000
vt -7.600000 1.600000 0.000000
vt -4.330000 -1.000000 0.000000
vt -1.100000 0.207700 0.000000
vt -7.600000 -1.000000 0.000000
vt -4.829985 -1.000000 0.000000
vt -1.100000 -1.000000 0.000000
vt -1.100000 7.700000 0.000000
vt 0.000000 0.000000 0.000000
vt -4.229985 0.500001 0.000000
vt -7.000000 0.000001 0.000000
vt -5.599985 0.500001 0.000000
vt -7.000000 0.500001 0.000000
vt -0.000000 0.500000 0.000000
vt -4.335632 0.000000 0.000000
vt -0.000015 0.000000 0.000000
vt -0.100000 3.350000 0.000000
vt -0.000015 6.700001 0.000000
vt -4.335632 6.700001 0.000000
vt 0.000000 6.700001 0.000000
vt -4.335617 5.540831 0.000000
vt -4.235632 3.350000 0.000000
vt -4.335617 1.159170 0.000000
vt 0.000000 0.000000 0.000000
vt -4.335617 0.000000 0.000000
vt -4.335617 6.700001 0.000000
vt -4.235632 -3.350000 0.000000
vt -1.770000 -4.350000 0.000000
vt -0.000000 0.000000 0.000000
vt -1.270015 -4.350000 0.000000
vt 1.500000 -4.350000 0.000000
vt -5.000000 -4.350000 0.000000
vt -5.500000 -3.350000 0.000000
vt -5.829980 -13.810508 0.000000
vt -5.864492 -13.845019 0.000000
vt -5.892487 -13.885000 0.000000
vt -5.913114 -13.929234 0.000000
vt -5.925746 -13.976379 0.000000
vt -6.100000 4.350000 0.000000
vt -6.100000 -15.615000 0.000000
vt -5.500000 3.350000 0.000000
vt -4.235632 3.350000 0.000000
vt 1.500000 4.350000 0.000000
vt -5.014142 -15.615000 0.000000
vt -5.601378 -14.300746 0.000000
vt -5.650000 -14.305000 0.000000
vt -5.698621 -14.300746 0.000000
vt -5.014142 -13.625000 0.000000
vt -5.374254 -14.073621 0.000000
vt -5.386886 -14.120766 0.000000
vt -5.407513 -14.165000 0.000000
vt -5.000000 -13.625000 0.000000
vt -5.601378 -13.749254 0.000000
vt -5.554234 -13.761886 0.000000
vt -5.698621 -13.749254 0.000000
vt -5.650000 -13.745000 0.000000
vt -5.510000 -13.782513 0.000000
vt -5.470019 -13.810508 0.000000
vt -5.435507 -13.845019 0.000000
vt -5.407513 -13.885000 0.000000
vt -5.386886 -13.929234 0.000000
vt -5.374254 -13.976379 0.000000
vt -5.370000 -14.025000 0.000000
vt -5.435507 -14.204981 0.000000
vt -5.470019 -14.239492 0.000000
vt -5.510000 -14.267487 0.000000
vt -5.554234 -14.288114 0.000000
vt -5.745766 -14.288114 0.000000
vt -5.790000 -14.267487 0.000000
vt -5.829980 -14.239492 0.000000
vt -5.864492 -14.204981 0.000000
vt -5.892487 -14.165000 0.000000
vt -5.913114 -14.120766 0.000000
vt -5.925746 -14.073621 0.000000
vt -5.930000 -14.025000 0.000000
vt -5.790000 -13.782513 0.000000
vt -5.745766 -13.761886 0.000000
vt 2.200000 0.260750 0.000000
vt 2.435000 0.660750 0.000000
vt 2.200000 1.060613 0.000000
vt 2.438092 0.697084 0.000000
vt 2.447281 0.732373 0.000000
vt 2.828119 0.260750 0.000000
vt 2.604694 0.450578 0.000000
vt 2.569828 0.461257 0.000000
vt 2.537268 0.477675 0.000000
vt 2.828119 0.540340 0.000000
vt 2.805208 0.511971 0.000000
vt 2.777833 0.487881 0.000000
vt 2.746780 0.468764 0.000000
vt 2.712944 0.455170 0.000000
vt 2.677296 0.447490 0.000000
vt 2.640864 0.445944 0.000000
vt 2.507950 0.499360 0.000000
vt 2.482719 0.525687 0.000000
vt 2.462300 0.555899 0.000000
vt 2.447281 0.589127 0.000000
vt 2.438092 0.624416 0.000000
vt 2.462300 0.765601 0.000000
vt 2.482719 0.795813 0.000000
vt 2.507950 0.822140 0.000000
vt 2.537268 0.843825 0.000000
vt 2.569828 0.860243 0.000000
vt 2.604694 0.870922 0.000000
vt 2.828119 1.060613 0.000000
vt 2.640864 0.875556 0.000000
vt 2.677296 0.874010 0.000000
vt 2.712944 0.866330 0.000000
vt 2.746780 0.852736 0.000000
vt 2.777833 0.833619 0.000000
vt 2.805208 0.809529 0.000000
vt 2.828119 0.781160 0.000000
vt 0.255000 -0.637918 0.000000
vt -0.442739 -0.666304 0.000000
vt 0.255000 -0.675442 0.000000
vt 0.255000 0.675442 0.000000
vt -0.442739 0.684581 0.000000
vt -0.442739 0.648072 0.000000
vt 0.255000 0.637918 0.000000
vt -0.442739 0.611563 0.000000
vt 0.255000 0.600393 0.000000
vt -0.442739 0.575054 0.000000
vt 0.255000 0.562869 0.000000
vt -0.442739 0.538545 0.000000
vt 0.255000 0.525344 0.000000
vt -0.442739 0.502035 0.000000
vt 0.255000 0.487820 0.000000
vt -0.442739 0.465526 0.000000
vt 0.255000 0.450295 0.000000
vt -0.426874 0.433575 0.000000
vt 0.255000 0.412770 0.000000
vt -0.420526 0.417599 0.000000
vt -0.415285 0.401624 0.000000
vt -0.442739 -0.629794 0.000000
vt 0.255000 -0.600393 0.000000
vt -0.442739 -0.593285 0.000000
vt 0.255000 -0.562869 0.000000
vt -0.442739 -0.556776 0.000000
vt 0.255000 -0.525344 0.000000
vt -0.442739 -0.520267 0.000000
vt 0.255000 -0.487820 0.000000
vt -0.442739 -0.483758 0.000000
vt 0.255000 -0.450295 0.000000
vt -0.442739 -0.447249 0.000000
vt 0.255000 -0.412770 0.000000
vt -0.442739 -0.410740 0.000000
vt 0.255000 -0.375246 0.000000
vt -0.442739 -0.374230 0.000000
vt 0.255000 -0.337721 0.000000
vt -0.442739 -0.337721 0.000000
vt -0.442739 -0.301212 0.000000
vt 0.255000 -0.300197 0.000000
vt -0.442739 -0.264703 0.000000
vt 0.255000 -0.262672 0.000000
vt -0.442739 -0.228194 0.000000
vt 0.255000 -0.225147 0.000000
vt -0.442739 -0.191685 0.000000
vt 0.255000 -0.187623 0.000000
vt -0.442739 -0.155175 0.000000
vt 0.255000 -0.150098 0.000000
vt -0.442739 -0.118666 0.000000
vt 0.255000 -0.112574 0.000000
vt -0.442739 -0.082157 0.000000
vt 0.255000 -0.075049 0.000000
vt -0.442739 -0.045648 0.000000
vt 0.255000 -0.037525 0.000000
vt -0.442739 -0.009139 0.000000
vt 0.255000 -0.000000 0.000000
vt -0.442739 0.027370 0.000000
vt 0.255000 0.037525 0.000000
vt -0.442739 0.063879 0.000000
vt 0.255000 0.075049 0.000000
vt -0.442739 0.100389 0.000000
vt 0.255000 0.112574 0.000000
vt -0.442739 0.136898 0.000000
vt 0.255000 0.150098 0.000000
vt -0.442739 0.173407 0.000000
vt 0.255000 0.187623 0.000000
vt -0.442739 0.209916 0.000000
vt 0.255000 0.225147 0.000000
vt -0.426874 0.241867 0.000000
vt 0.255000 0.262672 0.000000
vt -0.420526 0.257843 0.000000
vt -0.415285 0.273819 0.000000
vt 0.255000 0.300197 0.000000
vt -0.411178 0.289794 0.000000
vt -0.408228 0.305770 0.000000
vt -0.406451 0.321746 0.000000
vt 0.255000 0.337721 0.000000
vt -0.405858 0.337721 0.000000
vt -0.406451 0.353697 0.000000
vt 0.255000 0.375246 0.000000
vt -0.408228 0.369672 0.000000
vt -0.411178 0.385648 0.000000
vt 5.356171 0.543818 0.000000
vt 5.356171 1.241556 0.000000
vt 4.728052 0.543818 0.000000
vt 4.510313 1.241556 0.000000
vt 4.270313 1.001556 0.000000
vt 1.050000 -0.825889 0.000000
vt 1.285000 -0.426060 0.000000
vt 1.050000 -0.026060 0.000000
vt 1.288092 -0.389727 0.000000
vt 1.297280 -0.354439 0.000000
vt 1.678110 -0.825889 0.000000
vt 1.454685 -0.636230 0.000000
vt 1.419820 -0.625549 0.000000
vt 1.387262 -0.609131 0.000000
vt 1.678110 -0.546484 0.000000
vt 1.655197 -0.574850 0.000000
vt 1.627821 -0.598937 0.000000
vt 1.596768 -0.618051 0.000000
vt 1.562932 -0.631643 0.000000
vt 1.527285 -0.639321 0.000000
vt 1.490854 -0.640865 0.000000
vt 1.357946 -0.587446 0.000000
vt 1.332716 -0.561119 0.000000
vt 1.312298 -0.530908 0.000000
vt 1.297280 -0.497680 0.000000
vt 1.288092 -0.462392 0.000000
vt 1.312298 -0.321211 0.000000
vt 1.332716 -0.291000 0.000000
vt 1.357946 -0.264673 0.000000
vt 1.387262 -0.242988 0.000000
vt 1.419820 -0.226570 0.000000
vt 1.454685 -0.215889 0.000000
vt 1.678110 -0.026060 0.000000
vt 1.490854 -0.211254 0.000000
vt 1.527285 -0.212798 0.000000
vt 1.562932 -0.220476 0.000000
vt 1.596768 -0.234068 0.000000
vt 1.627821 -0.253182 0.000000
vt 1.655197 -0.277269 0.000000
vt 1.678110 -0.305635 0.000000
vt 0.255000 -0.637918 0.000000
vt -0.442748 -0.648083 0.000000
vt 0.255000 -0.675442 0.000000
vt 0.255000 0.675442 0.000000
vt -0.442748 0.702801 0.000000
vt -0.442748 0.666293 0.000000
vt 0.255000 0.637918 0.000000
vt -0.442748 0.629785 0.000000
vt 0.255000 0.600393 0.000000
vt -0.442748 0.593277 0.000000
vt 0.255000 0.562869 0.000000
vt -0.442748 0.556769 0.000000
vt 0.255000 0.525344 0.000000
vt -0.442748 0.520261 0.000000
vt 0.255000 0.487820 0.000000
vt -0.442748 0.483753 0.000000
vt 0.255000 0.450295 0.000000
vt -0.442748 0.447245 0.000000
vt 0.255000 0.412770 0.000000
vt -0.442748 0.410737 0.000000
vt 0.255000 0.375246 0.000000
vt -0.442748 0.374229 0.000000
vt 0.255000 0.337721 0.000000
vt -0.442748 0.337721 0.000000
vt -0.442748 0.301213 0.000000
vt -0.442748 -0.611575 0.000000
vt 0.255000 -0.600393 0.000000
vt -0.442748 -0.575067 0.000000
vt 0.255000 -0.562869 0.000000
vt -0.442748 -0.538559 0.000000
vt 0.255000 -0.525344 0.000000
vt -0.442748 -0.502051 0.000000
vt 0.255000 -0.487820 0.000000
vt -0.442748 -0.465543 0.000000
vt 0.255000 -0.450295 0.000000
vt -0.426879 -0.433588 0.000000
vt 0.255000 -0.412770 0.000000
vt -0.420530 -0.417610 0.000000
vt -0.415287 -0.401632 0.000000
vt 0.255000 -0.375246 0.000000
vt -0.411179 -0.385655 0.000000
vt -0.408228 -0.369677 0.000000
vt -0.406451 -0.353699 0.000000
vt 0.255000 -0.337721 0.000000
vt -0.405858 -0.337721 0.000000
vt -0.406451 -0.321743 0.000000
vt 0.255000 -0.300197 0.000000
vt -0.408228 -0.305766 0.000000
vt -0.411179 -0.289788 0.000000
vt -0.415287 -0.273810 0.000000
vt 0.255000 -0.262672 0.000000
vt -0.420530 -0.257832 0.000000
vt -0.426879 -0.241855 0.000000
vt 0.255000 -0.225147 0.000000
vt -0.442748 -0.209899 0.000000
vt 0.255000 -0.187623 0.000000
vt -0.442748 -0.173391 0.000000
vt 0.255000 -0.150098 0.000000
vt -0.442748 -0.136883 0.000000
vt 0.255000 -0.112574 0.000000
vt -0.442748 -0.100375 0.000000
vt 0.255000 -0.075049 0.000000
vt -0.442748 -0.063867 0.000000
vt 0.255000 -0.037525 0.000000
vt -0.442748 -0.027359 0.000000
vt 0.255000 0.000000 0.000000
vt -0.442748 0.009149 0.000000
vt 0.255000 0.037525 0.000000
vt -0.442748 0.045657 0.000000
vt 0.255000 0.075049 0.000000
vt -0.442748 0.082165 0.000000
vt 0.255000 0.112574 0.000000
vt -0.442748 0.118673 0.000000
vt 0.255000 0.150098 0.000000
vt -0.442748 0.155181 0.000000
vt 0.255000 0.187623 0.000000
vt -0.442748 0.191689 0.000000
vt 0.255000 0.225147 0.000000
vt -0.442748 0.228197 0.000000
vt 0.255000 0.262672 0.000000
vt -0.442748 0.264705 0.000000
vt 0.255000 0.300197 0.000000
vt -0.000000 -0.056209 0.000000
vt -0.000000 9.576078 0.000000
vt -0.628110 -0.056209 0.000000
vt -0.628157 -0.056031 0.000000
vt -1.100000 9.576078 0.000000
vt -1.100000 -0.056031 0.000000
vt -2.493113 -0.800000 0.000000
vt -1.795374 -0.800000 0.000000
vt -2.493113 -0.035694 0.000000
vt -1.795374 -0.000137 0.000000
vt -4.393856 9.275000 0.000000
vt 1.890743 9.275000 0.000000
vt -4.601557 10.275000 0.000000
vt -4.801556 8.204166 0.000000
vt -0.707748 -0.000171 0.000000
vt -0.010000 -0.035694 0.000000
vt 2.298444 8.204166 0.000000
vt 2.098444 10.275000 0.000000
vt 3.098444 17.975000 0.000000
vt 2.098444 16.975000 0.000000
vt -5.601556 17.975000 0.000000
vt -4.601557 16.975000 0.000000
vt -0.707748 -0.800000 0.000000
vt -0.010000 -0.800000 0.000000
vt 2.298444 0.000000 0.000000
vt 2.608444 0.000000 0.000000
vt 3.098444 -1.990000 0.000000
vt 2.608444 -1.990000 0.000000
vt -5.601556 -1.990000 0.000000
vt -5.111556 -0.000000 0.000000
vt -4.801556 -0.000000 0.000000
vt -5.111556 -1.990000 0.000000
vt 5.356171 -0.543808 0.000000
vt 4.728061 -0.543808 0.000000
vt 5.356171 -1.241556 0.000000
vt 4.510313 -1.241556 0.000000
vt 4.270313 -1.001556 0.000000
vt -0.166777 -5.437500 0.000000
vt 0.428406 -5.037500 0.000000
vt -0.166777 -4.637500 0.000000
vt 0.429245 -5.021537 0.000000
vt 0.431758 -5.005662 0.000000
vt 0.480577 -5.437500 0.000000
vt 0.441741 -5.100474 0.000000
vt 0.435931 -5.085037 0.000000
vt 0.431758 -5.069338 0.000000
vt 0.480577 -5.157924 0.000000
vt 0.458135 -5.130221 0.000000
vt 0.449156 -5.115563 0.000000
vt 0.429245 -5.053463 0.000000
vt 0.435931 -4.989963 0.000000
vt 0.441741 -4.974526 0.000000
vt 0.480510 -4.637500 0.000000
vt 0.449156 -4.959437 0.000000
vt 0.458135 -4.944778 0.000000
vt 0.480577 -4.917076 0.000000
vt 0.480577 -4.637671 0.000000
vt 0.000000 -0.056173 0.000000
vt 0.628119 -0.056173 0.000000
vt 0.000000 9.576078 0.000000
vt 0.628157 -0.056031 0.000000
vt 1.100000 9.576078 0.000000
vt 1.100000 -0.056031 0.000000
vt -0.480510 0.000000 0.000000
vt -0.441738 -0.337034 0.000000
vt 0.166777 0.000000 0.000000
vt -0.435929 -0.352469 0.000000
vt -0.431758 -0.368166 0.000000
vt -0.480564 -0.000137 0.000000
vt -0.458127 -0.307290 0.000000
vt -0.449151 -0.321947 0.000000
vt -0.480564 -0.279590 0.000000
vt -0.429245 -0.384039 0.000000
vt -0.428406 -0.400000 0.000000
vt 0.166777 -0.800000 0.000000
vt -0.429245 -0.415961 0.000000
vt -0.431758 -0.431834 0.000000
vt -0.435929 -0.447531 0.000000
vt -0.441738 -0.462966 0.000000
vt -0.480564 -0.800000 0.000000
vt -0.449151 -0.478053 0.000000
vt -0.458127 -0.492710 0.000000
vt -0.480564 -0.520410 0.000000
vt 0.550000 3.566666 0.000000
vt -0.550000 3.566666 0.000000
vt 0.550000 -4.637500 0.000000
vt -0.550000 -4.637500 0.000000
vt 0.000000 0.000000 0.000000
vt 0.000000 8.520046 0.000000
vt -0.264142 0.000000 0.000000
vt -1.100000 8.520046 0.000000
vt -1.100000 -0.037069 0.000000
vt -0.254142 -0.037069 0.000000
vt 0.550000 -3.566667 0.000000
vt 0.550000 4.637500 0.000000
vt -0.550000 -3.566667 0.000000
vt -0.550000 4.637500 0.000000
vt -0.207700 0.000000 0.000000
vt 0.500000 0.000000 0.000000
vt 2.390744 9.275000 0.000000
vt 2.798444 8.204166 0.000000
vt 3.598444 9.275000 0.000000
vt 3.598444 0.000000 0.000000
vt 2.798444 -0.000000 0.000000
vt -0.155000 -0.048869 0.000000
vt 0.155000 -0.048869 0.000000
vt -0.155000 -0.000000 0.000000
vt 0.155000 0.000000 0.000000
vt -0.155000 0.048869 0.000000
vt 0.155000 0.048869 0.000000
vt -0.155000 0.097738 0.000000
vt 0.155000 0.097738 0.000000
vt -0.155000 0.146608 0.000000
vt 0.155000 0.146608 0.000000
vt -0.155000 0.195477 0.000000
vt 0.155000 0.195477 0.000000
vt -0.155000 0.244346 0.000000
vt 0.155000 0.244346 0.000000
vt -0.155000 0.293215 0.000000
vt 0.155000 0.293215 0.000000
vt -0.155000 0.342085 0.000000
vt 0.155000 0.342085 0.000000
vt -0.155000 0.390954 0.000000
vt 0.155000 0.390954 0.000000
vt -0.155000 0.439823 0.000000
vt 0.155000 0.439823 0.000000
vt -0.155000 0.488692 0.000000
vt 0.155000 0.488692 0.000000
vt -0.155000 0.537561 0.000000
vt 0.155000 0.537561 0.000000
vt -0.155000 0.586431 0.000000
vt 0.155000 0.586431 0.000000
vt -0.155000 0.635300 0.000000
vt 0.155000 0.635300 0.000000
vt -0.155000 0.684169 0.000000
vt 0.155000 0.684169 0.000000
vt -0.155000 0.733038 0.000000
vt 0.155000 0.733038 0.000000
vt -0.155000 0.781908 0.000000
vt 0.155000 0.781908 0.000000
vt -0.155000 0.830777 0.000000
vt 0.155000 0.830777 0.000000
vt -0.155000 0.879646 0.000000
vt 0.155000 0.879646 0.000000
vt -0.155000 -0.879646 0.000000
vt 0.155000 -0.879646 0.000000
vt -0.155000 -0.830777 0.000000
vt 0.155000 -0.830777 0.000000
vt -0.155000 -0.781908 0.000000
vt 0.155000 -0.781908 0.000000
vt -0.155000 -0.733038 0.000000
vt 0.155000 -0.733038 0.000000
vt -0.155000 -0.684169 0.000000
vt 0.155000 -0.684169 0.000000
vt -0.155000 -0.635300 0.000000
vt 0.155000 -0.635300 0.000000
vt -0.155000 -0.586431 0.000000
vt 0.155000 -0.586431 0.000000
vt -0.155000 -0.537561 0.000000
vt 0.155000 -0.537561 0.000000
vt -0.155000 -0.488692 0.000000
vt 0.155000 -0.488692 0.000000
vt -0.155000 -0.439823 0.000000
vt 0.155000 -0.439823 0.000000
vt -0.155000 -0.390954 0.000000
vt 0.155000 -0.390954 0.000000
vt -0.155000 -0.342085 0.000000
vt 0.155000 -0.342085 0.000000
vt -0.155000 -0.293215 0.000000
vt 0.155000 -0.293215 0.000000
vt -0.155000 -0.244346 0.000000
vt 0.155000 -0.244346 0.000000
vt -0.155000 -0.195477 0.000000
vt 0.155000 -0.195477 0.000000
vt -0.155000 -0.146608 0.000000
vt 0.155000 -0.146608 0.000000
vt -0.155000 -0.097738 0.000000
vt 0.155000 -0.097738 0.000000
vt 0.147721 -0.026047 0.000000
vt 0.275746 -0.048621 0.000000
vt 0.150000 -0.000000 0.000000
vt 0.280000 0.000000 0.000000
vt 0.147721 0.026047 0.000000
vt 0.275746 0.048621 0.000000
vt 0.140954 0.051303 0.000000
vt 0.263114 0.095766 0.000000
vt 0.129904 0.075000 0.000000
vt 0.242487 0.140000 0.000000
vt 0.114907 0.096418 0.000000
vt 0.214492 0.179981 0.000000
vt 0.096418 0.114907 0.000000
vt 0.179981 0.214492 0.000000
vt 0.075000 0.129904 0.000000
vt 0.140000 0.242487 0.000000
vt 0.051303 0.140954 0.000000
vt 0.095766 0.263114 0.000000
vt 0.026047 0.147721 0.000000
vt 0.048621 0.275746 0.000000
vt -0.000000 0.150000 0.000000
vt -0.000000 0.280000 0.000000
vt -0.048621 0.275746 0.000000
vt 0.140954 -0.051303 0.000000
vt 0.263114 -0.095766 0.000000
vt 0.129904 -0.075000 0.000000
vt 0.242487 -0.140000 0.000000
vt 0.114907 -0.096418 0.000000
vt 0.214492 -0.179981 0.000000
vt 0.096418 -0.114907 0.000000
vt 0.179981 -0.214492 0.000000
vt 0.075000 -0.129904 0.000000
vt 0.140000 -0.242487 0.000000
vt 0.051303 -0.140954 0.000000
vt 0.095766 -0.263114 0.000000
vt 0.026047 -0.147721 0.000000
vt 0.048621 -0.275746 0.000000
vt -0.000000 -0.150000 0.000000
vt -0.000000 -0.280000 0.000000
vt -0.048621 -0.275746 0.000000
vt -0.026047 -0.147721 0.000000
vt -0.095766 -0.263114 0.000000
vt -0.051303 -0.140954 0.000000
vt -0.140000 -0.242487 0.000000
vt -0.075000 -0.129904 0.000000
vt -0.179981 -0.214492 0.000000
vt -0.096418 -0.114907 0.000000
vt -0.214492 -0.179981 0.000000
vt -0.114907 -0.096418 0.000000
vt -0.242487 -0.140000 0.000000
vt -0.129904 -0.075000 0.000000
vt -0.263114 -0.095766 0.000000
vt -0.140954 -0.051303 0.000000
vt -0.275746 -0.048621 0.000000
vt -0.147721 -0.026047 0.000000
vt -0.280000 0.000000 0.000000
vt -0.150000 -0.000000 0.000000
vt -0.147721 0.026047 0.000000
vt -0.275746 0.048621 0.000000
vt -0.140954 0.051303 0.000000
vt -0.263114 0.095766 0.000000
vt -0.129904 0.075000 0.000000
vt -0.242487 0.140000 0.000000
vt -0.114907 0.096418 0.000000
vt -0.214492 0.179981 0.000000
vt -0.096418 0.114907 0.000000
vt -0.179981 0.214492 0.000000
vt -0.075000 0.129904 0.000000
vt -0.140000 0.242487 0.000000
vt -0.051303 0.140954 0.000000
vt -0.095766 0.263114 0.000000
vt -0.026047 0.147721 0.000000
vt -0.155000 0.048869 0.000000
vt -0.155000 0.000000 0.000000
vt 0.155000 -0.000000 0.000000
vt -0.155000 -0.048869 0.000000
vt 0.155000 -0.048869 0.000000
vt 0.155000 -0.097738 0.000000
vt -0.155000 -0.097738 0.000000
vt 0.155000 -0.146608 0.000000
vt -0.155000 -0.146608 0.000000
vt 0.155000 -0.195477 0.000000
vt -0.155000 -0.195477 0.000000
vt 0.155000 -0.244346 0.000000
vt -0.155000 -0.244346 0.000000
vt 0.155000 -0.293215 0.000000
vt -0.155000 -0.293215 0.000000
vt 0.155000 -0.342085 0.000000
vt -0.155000 -0.342085 0.000000
vt 0.155000 -0.390954 0.000000
vt -0.155000 -0.390954 0.000000
vt 0.155000 -0.439823 0.000000
vt -0.155000 -0.439823 0.000000
vt 0.155000 -0.488692 0.000000
vt -0.155000 -0.488692 0.000000
vt 0.155000 -0.537561 0.000000
vt -0.155000 -0.537561 0.000000
vt 0.155000 -0.586431 0.000000
vt -0.155000 -0.586431 0.000000
vt 0.155000 -0.635300 0.000000
vt -0.155000 -0.635300 0.000000
vt 0.155000 -0.684169 0.000000
vt -0.155000 -0.684169 0.000000
vt 0.155000 -0.733038 0.000000
vt -0.155000 -0.733038 0.000000
vt 0.155000 -0.781908 0.000000
vt -0.155000 -0.781908 0.000000
vt 0.155000 -0.830777 0.000000
vt -0.155000 -0.830777 0.000000
vt 0.155000 -0.879646 0.000000
vt -0.155000 -0.879646 0.000000
vt 0.155000 0.879646 0.000000
vt -0.155000 0.879646 0.000000
vt 0.155000 0.830777 0.000000
vt -0.155000 0.830777 0.000000
vt 0.155000 0.781908 0.000000
vt -0.155000 0.781908 0.000000
vt 0.155000 0.733038 0.000000
vt -0.155000 0.733038 0.000000
vt 0.155000 0.684169 0.000000
vt -0.155000 0.684169 0.000000
vt 0.155000 0.635300 0.000000
vt -0.155000 0.635300 0.000000
vt 0.155000 0.586431 0.000000
vt -0.155000 0.586431 0.000000
vt 0.155000 0.537561 0.000000
vt -0.155000 0.537561 0.000000
vt 0.155000 0.488692 0.000000
vt -0.155000 0.488692 0.000000
vt 0.155000 0.439823 0.000000
vt -0.155000 0.439823 0.000000
vt 0.155000 0.390954 0.000000
vt -0.155000 0.390954 0.000000
vt 0.155000 0.342085 0.000000
vt -0.155000 0.342085 0.000000
vt 0.155000 0.293215 0.000000
vt -0.155000 0.293215 0.000000
vt 0.155000 0.244346 0.000000
vt -0.155000 0.244346 0.000000
vt 0.155000 0.195477 0.000000
vt -0.155000 0.195477 0.000000
vt 0.155000 0.146608 0.000000
vt -0.155000 0.146608 0.000000
vt 0.155000 0.097738 0.000000
vt -0.155000 0.097738 0.000000
vt 0.155000 0.048869 0.000000
vt 0.147721 -0.026047 0.000000
vt 0.275746 -0.048621 0.000000
vt 0.150000 -0.000000 0.000000
vt 0.280000 0.000000 0.000000
vt 0.147721 0.026047 0.000000
vt 0.275746 0.048621 0.000000
vt 0.140954 0.051303 0.000000
vt 0.263114 0.095766 0.000000
vt 0.129904 0.075000 0.000000
vt 0.242487 0.140000 0.000000
vt 0.114907 0.096418 0.000000
vt 0.214492 0.179981 0.000000
vt 0.096418 0.114907 0.000000
vt 0.179981 0.214492 0.000000
vt 0.075000 0.129904 0.000000
vt 0.140000 0.242487 0.000000
vt 0.051303 0.140954 0.000000
vt 0.095766 0.263114 0.000000
vt 0.026047 0.147721 0.000000
vt 0.048621 0.275746 0.000000
vt -0.000000 0.150000 0.000000
vt -0.000000 0.280000 0.000000
vt -0.048621 0.275746 0.000000
vt 0.140954 -0.051303 0.000000
vt 0.263114 -0.095766 0.000000
vt 0.129904 -0.075000 0.000000
vt 0.242487 -0.140000 0.000000
vt 0.114907 -0.096418 0.000000
vt 0.214492 -0.179981 0.000000
vt 0.096418 -0.114907 0.000000
vt 0.179981 -0.214492 0.000000
vt 0.075000 -0.129904 0.000000
vt 0.140000 -0.242487 0.000000
vt 0.051303 -0.140954 0.000000
vt 0.095766 -0.263114 0.000000
vt 0.026047 -0.147721 0.000000
vt 0.048621 -0.275746 0.000000
vt -0.000000 -0.150000 0.000000
vt -0.000000 -0.280000 0.000000
vt -0.048621 -0.275746 0.000000
vt -0.026047 -0.147721 0.000000
vt -0.095766 -0.263114 0.000000
vt -0.051303 -0.140954 0.000000
vt -0.140000 -0.242487 0.000000
vt -0.075000 -0.129904 0.000000
vt -0.179981 -0.214492 0.000000
vt -0.096418 -0.114907 0.000000
vt -0.214492 -0.179981 0.000000
vt -0.114907 -0.096418 0.000000
vt -0.242487 -0.140000 0.000000
vt -0.129904 -0.075000 0.000000
vt -0.263114 -0.095766 0.000000
vt -0.140954 -0.051303 0.000000
vt -0.275746 -0.048621 0.000000
vt -0.147721 -0.026047 0.000000
vt -0.280000 0.000000 0.000000
vt -0.150000 -0.000000 0.000000
vt -0.147721 0.026047 0.000000
vt -0.275746 0.048621 0.000000
vt -0.140954 0.051303 0.000000
vt -0.263114 0.095766 0.000000
vt -0.129904 0.075000 0.000000
vt -0.242487 0.140000 0.000000
vt -0.114907 0.096418 0.000000
vt -0.214492 0.179981 0.000000
vt -0.096418 0.114907 0.000000
vt -0.179981 0.214492 0.000000
vt -0.075000 0.129904 0.000000
vt -0.140000 0.242487 0.000000
vt -0.051303 0.140954 0.000000
vt -0.095766 0.263114 0.000000
vt -0.026047 0.147721 0.000000
vt -4.113103 0.217953 0.000000
vt -4.290000 0.209440 0.000000
vt -4.110000 0.200287 0.000000
vt -4.290000 0.183260 0.000000
vt -4.110000 0.174645 0.000000
vt -4.290000 0.157080 0.000000
vt -4.110000 0.149004 0.000000
vt -4.290000 0.130900 0.000000
vt -4.110000 0.123362 0.000000
vt -4.290000 0.104720 0.000000
vt -4.110000 0.097721 0.000000
vt -4.290000 0.078540 0.000000
vt -4.110000 0.072079 0.000000
vt -4.290000 0.052360 0.000000
vt -4.110000 0.046438 0.000000
vt -4.290000 0.026180 0.000000
vt -4.110000 0.020796 0.000000
vt -4.290000 0.000000 0.000000
vt -4.110000 -0.004846 0.000000
vt -4.290000 -0.026180 0.000000
vt -4.110000 -0.030487 0.000000
vt -4.290000 -0.052360 0.000000
vt -4.110000 -0.056129 0.000000
vt -4.290000 -0.078540 0.000000
vt -4.110000 -0.081770 0.000000
vt -4.290000 -0.104720 0.000000
vt -4.110000 -0.107412 0.000000
vt -4.290000 -0.130900 0.000000
vt -4.110000 -0.133053 0.000000
vt -4.290000 -0.157080 0.000000
vt -4.110000 -0.158695 0.000000
vt -4.290000 -0.183260 0.000000
vt -4.110000 -0.184336 0.000000
vt -4.290000 -0.209440 0.000000
vt -4.110000 -0.209978 0.000000
vt -4.290000 -0.235619 0.000000
vt -4.110000 -0.235619 0.000000
vt -4.110000 -0.261261 0.000000
vt -4.290000 -0.261799 0.000000
vt -4.110000 -0.286903 0.000000
vt -4.290000 -0.287979 0.000000
vt -4.110000 -0.312544 0.000000
vt -4.290000 -0.314159 0.000000
vt -4.110000 -0.338186 0.000000
vt -4.290000 -0.340339 0.000000
vt -4.110000 -0.363827 0.000000
vt -4.290000 -0.366519 0.000000
vt -4.110000 -0.389469 0.000000
vt -4.290000 -0.392699 0.000000
vt -4.110000 -0.415110 0.000000
vt -4.290000 -0.418879 0.000000
vt -4.110000 -0.440752 0.000000
vt -4.290000 -0.445059 0.000000
vt -4.110000 -0.466393 0.000000
vt -4.290000 -0.471239 0.000000
vt -4.110000 -0.492035 0.000000
vt -4.110000 0.450443 0.000000
vt -4.290000 0.471239 0.000000
vt -4.290000 0.445059 0.000000
vt -4.110000 0.424801 0.000000
vt -4.290000 0.418879 0.000000
vt -4.110000 0.399160 0.000000
vt -4.290000 0.392699 0.000000
vt -4.110000 0.373518 0.000000
vt -4.290000 0.366519 0.000000
vt -4.110000 0.347877 0.000000
vt -4.290000 0.340339 0.000000
vt -4.110000 0.322235 0.000000
vt -4.290000 0.314159 0.000000
vt -4.110000 0.296594 0.000000
vt -4.290000 0.287979 0.000000
vt -4.110000 0.270952 0.000000
vt -4.290000 0.261799 0.000000
vt -4.113103 0.253286 0.000000
vt -4.290000 0.235619 0.000000
vt -4.114142 0.235619 0.000000
vt 3.613103 0.253286 0.000000
vt 3.790000 0.261799 0.000000
vt 3.610000 0.270952 0.000000
vt 3.790000 0.287979 0.000000
vt 3.610000 0.296594 0.000000
vt 3.790000 0.314159 0.000000
vt 3.610000 0.322235 0.000000
vt 3.790000 0.340339 0.000000
vt 3.610000 0.347877 0.000000
vt 3.790000 0.366519 0.000000
vt 3.610000 0.373518 0.000000
vt 3.790000 0.392699 0.000000
vt 3.610000 0.399160 0.000000
vt 3.790000 0.418879 0.000000
vt 3.610000 0.424801 0.000000
vt 3.790000 0.445059 0.000000
vt 3.610000 0.450443 0.000000
vt 3.790000 0.471239 0.000000
vt 3.610000 0.476084 0.000000
vt 3.610000 -0.466393 0.000000
vt 3.790000 -0.471239 0.000000
vt 3.790000 -0.445059 0.000000
vt 3.610000 -0.440752 0.000000
vt 3.790000 -0.418879 0.000000
vt 3.610000 -0.415110 0.000000
vt 3.790000 -0.392699 0.000000
vt 3.610000 -0.389469 0.000000
vt 3.790000 -0.366519 0.000000
vt 3.610000 -0.363827 0.000000
vt 3.790000 -0.340339 0.000000
vt 3.610000 -0.338186 0.000000
vt 3.790000 -0.314159 0.000000
vt 3.610000 -0.312544 0.000000
vt 3.790000 -0.287979 0.000000
vt 3.610000 -0.286903 0.000000
vt 3.790000 -0.261799 0.000000
vt 3.610000 -0.261261 0.000000
vt 3.790000 -0.235619 0.000000
vt 3.610000 -0.235619 0.000000
vt 3.610000 -0.209978 0.000000
vt 3.790000 -0.209440 0.000000
vt 3.610000 -0.184336 0.000000
vt 3.790000 -0.183260 0.000000
vt 3.610000 -0.158695 0.000000
vt 3.790000 -0.157080 0.000000
vt 3.610000 -0.133053 0.000000
vt 3.790000 -0.130900 0.000000
vt 3.610000 -0.107412 0.000000
vt 3.790000 -0.104720 0.000000
vt 3.610000 -0.081770 0.000000
vt 3.790000 -0.078540 0.000000
vt 3.610000 -0.056129 0.000000
vt 3.790000 -0.052360 0.000000
vt 3.610000 -0.030487 0.000000
vt 3.790000 -0.026180 0.000000
vt 3.610000 -0.004846 0.000000
vt 3.790000 -0.000000 0.000000
vt 3.610000 0.020796 0.000000
vt 3.790000 0.026180 0.000000
vt 3.610000 0.046438 0.000000
vt 3.790000 0.052360 0.000000
vt 3.610000 0.072079 0.000000
vt 3.790000 0.078540 0.000000
vt 3.610000 0.097721 0.000000
vt 3.790000 0.104720 0.000000
vt 3.610000 0.123362 0.000000
vt 3.790000 0.130900 0.000000
vt 3.610000 0.149004 0.000000
vt 3.790000 0.157080 0.000000
vt 3.610000 0.174645 0.000000
vt 3.790000 0.183260 0.000000
vt 3.610000 0.200287 0.000000
vt 3.790000 0.209440 0.000000
vt 3.613103 0.217953 0.000000
vt 3.790000 0.235619 0.000000
vt 3.614142 0.235619 0.000000
vt -0.504142 -0.364993 0.000000
vt -0.504142 0.000000 0.000000
vt -0.512223 -0.340691 0.000000
vt -0.524320 -0.318118 0.000000
vt -0.540081 -0.297932 0.000000
vt -0.559047 -0.280721 0.000000
vt -0.580663 -0.266987 0.000000
vt -0.604301 -0.257131 0.000000
vt -0.629271 -0.251439 0.000000
vt -0.654845 -0.250078 0.000000
vt -0.680278 -0.253088 0.000000
vt -0.704828 -0.260379 0.000000
vt -0.727780 -0.271741 0.000000
vt -1.100000 -0.000000 0.000000
vt -0.748465 -0.286842 0.000000
vt -0.766279 -0.305241 0.000000
vt -0.780704 -0.326403 0.000000
vt -0.791319 -0.349710 0.000000
vt -0.797814 -0.374483 0.000000
vt -0.800000 -0.400000 0.000000
vt -0.797814 -0.425517 0.000000
vt -1.100000 -1.990000 0.000000
vt -0.791319 -0.450290 0.000000
vt -0.780704 -0.473597 0.000000
vt -0.766279 -0.494759 0.000000
vt -0.748465 -0.513158 0.000000
vt -0.727780 -0.528259 0.000000
vt -0.504142 -1.990000 0.000000
vt -0.704828 -0.539621 0.000000
vt -0.680278 -0.546912 0.000000
vt -0.654845 -0.549922 0.000000
vt -0.629271 -0.548561 0.000000
vt -0.604301 -0.542869 0.000000
vt -0.580663 -0.533013 0.000000
vt -0.559047 -0.519279 0.000000
vt -0.540081 -0.502068 0.000000
vt -0.524320 -0.481882 0.000000
vt -0.512223 -0.459309 0.000000
vt -0.504142 -0.435007 0.000000
vt -0.595858 -0.435007 0.000000
vt -0.595858 -1.990000 0.000000
vt -0.587777 -0.459309 0.000000
vt -0.575680 -0.481882 0.000000
vt -0.559919 -0.502068 0.000000
vt -0.540953 -0.519279 0.000000
vt -0.519337 -0.533013 0.000000
vt -0.495699 -0.542869 0.000000
vt -0.470729 -0.548561 0.000000
vt -0.445155 -0.549922 0.000000
vt -0.419722 -0.546912 0.000000
vt -0.395172 -0.539621 0.000000
vt -0.372220 -0.528259 0.000000
vt 0.000000 -1.990000 0.000000
vt -0.351535 -0.513158 0.000000
vt -0.333721 -0.494759 0.000000
vt -0.319296 -0.473597 0.000000
vt -0.308681 -0.450290 0.000000
vt -0.302186 -0.425517 0.000000
vt -0.000000 0.000000 0.000000
vt -0.300000 -0.400000 0.000000
vt -0.302186 -0.374483 0.000000
vt -0.308681 -0.349710 0.000000
vt -0.319296 -0.326403 0.000000
vt -0.333721 -0.305241 0.000000
vt -0.351535 -0.286842 0.000000
vt -0.372220 -0.271741 0.000000
vt -0.595858 0.000000 0.000000
vt -0.395172 -0.260379 0.000000
vt -0.419722 -0.253088 0.000000
vt -0.445155 -0.250078 0.000000
vt -0.470729 -0.251439 0.000000
vt -0.495699 -0.257131 0.000000
vt -0.519337 -0.266987 0.000000
vt -0.540953 -0.280721 0.000000
vt -0.559919 -0.297932 0.000000
vt -0.575680 -0.318118 0.000000
vt -0.587777 -0.340691 0.000000
vt -0.595858 -0.364993 0.000000
vt 4.270313 -4.350000 0.000000
vt 5.356171 -4.350000 0.000000
vt 4.760313 -3.860000 0.000000
vt 5.356171 -3.860000 0.000000
vt 5.356171 3.860000 0.000000
vt 5.356171 4.350000 0.000000
vt 4.760313 3.860000 0.000000
vt 4.270313 4.350000 0.000000
vt 0.687334 0.611734 0.000000
vt 1.100000 0.800000 0.000000
vt 0.650000 0.615000 0.000000
vt 0.254142 0.800000 0.000000
vt 0.612666 0.611734 0.000000
vt 0.576466 0.602034 0.000000
vt 0.542500 0.586195 0.000000
vt 0.511801 0.564700 0.000000
vt 0.485300 0.538199 0.000000
vt 0.463805 0.507500 0.000000
vt 0.447966 0.473534 0.000000
vt 0.438266 0.437334 0.000000
vt 0.435000 0.400000 0.000000
vt 0.254142 0.035694 0.000000
vt 0.438266 0.362666 0.000000
vt 0.447966 0.326466 0.000000
vt 0.463805 0.292500 0.000000
vt 0.485300 0.261801 0.000000
vt 0.511801 0.235300 0.000000
vt 0.542500 0.213805 0.000000
vt 0.576466 0.197966 0.000000
vt 0.612666 0.188266 0.000000
vt 0.650000 0.185000 0.000000
vt 1.100000 0.035694 0.000000
vt 0.687334 0.188266 0.000000
vt 0.723534 0.197966 0.000000
vt 0.757500 0.213805 0.000000
vt 0.788199 0.235300 0.000000
vt 0.814700 0.261801 0.000000
vt 0.836195 0.292500 0.000000
vt 0.852034 0.326466 0.000000
vt 0.861734 0.362666 0.000000
vt 0.865000 0.400000 0.000000
vt 0.861734 0.437334 0.000000
vt 0.852034 0.473534 0.000000
vt 0.836195 0.507500 0.000000
vt 0.814700 0.538199 0.000000
vt 0.788199 0.564700 0.000000
vt 0.757500 0.586195 0.000000
vt 0.723534 0.602034 0.000000
vt -0.172635 -5.437500 0.000000
vt 0.166777 -5.437500 0.000000
vt -0.172635 -4.673194 0.000000
vt 0.166777 -4.637500 0.000000
vt -0.186777 -4.637500 0.000000
vt 0.186777 0.000000 0.000000
vt -0.166777 0.000000 0.000000
vt 0.172635 -0.035694 0.000000
vt -0.166777 -0.800000 0.000000
vt 0.172635 -0.800000 0.000000
vt -0.135858 0.500000 0.000000
vt -0.185858 0.500000 0.000000
vt -0.135858 -0.500000 0.000000
vt -0.185858 -0.500000 0.000000
vt -0.064142 -0.100000 0.000000
vt 0.185858 -0.100000 0.000000
vt 0.135858 0.100000 0.000000
vt 0.285858 0.000000 0.000000
vt 0.185858 0.100000 0.000000
vt -0.080711 -0.500000 0.000000
vt 0.060711 -0.500000 0.000000
vt -0.080711 0.500000 0.000000
vt 0.060711 0.500000 0.000000
vt 0.080711 0.500000 0.000000
vt -0.060711 0.500000 0.000000
vt 0.080711 -0.500000 0.000000
vt -0.060711 -0.500000 0.000000
vt 0.064142 -0.100000 0.000000
vt -0.135858 0.100000 0.000000
vt -0.185858 -0.100000 0.000000
vt -0.285858 0.000000 0.000000
vt -0.185858 0.100000 0.000000
vt -0.064142 -0.500000 0.000000
vt 0.185858 -0.500000 0.000000
vt -0.064142 0.500000 0.000000
vt 0.185858 0.500000 0.000000
vt 0.235858 -0.250000 0.000000
vt 0.250000 -0.250000 0.000000
vt -0.254142 0.240000 0.000000
vt 0.250000 0.550000 0.000000
vt -0.850000 0.550000 0.000000
vt -0.850000 0.240000 0.000000
vt 0.487334 0.611734 0.000000
vt 0.845858 0.800000 0.000000
vt 0.450000 0.615000 0.000000
vt 0.000000 0.800000 0.000000
vt 0.412666 0.611734 0.000000
vt 0.376466 0.602034 0.000000
vt 0.342500 0.586195 0.000000
vt 0.311801 0.564700 0.000000
vt 0.285300 0.538199 0.000000
vt 0.263805 0.507500 0.000000
vt 0.247966 0.473534 0.000000
vt 0.238266 0.437334 0.000000
vt 0.235000 0.400000 0.000000
vt 0.000000 0.035694 0.000000
vt 0.238266 0.362666 0.000000
vt 0.247966 0.326466 0.000000
vt 0.263805 0.292500 0.000000
vt 0.285300 0.261801 0.000000
vt 0.311801 0.235300 0.000000
vt 0.342500 0.213805 0.000000
vt 0.376466 0.197966 0.000000
vt 0.412666 0.188266 0.000000
vt 0.450000 0.185000 0.000000
vt 0.845858 0.035694 0.000000
vt 0.487334 0.188266 0.000000
vt 0.523534 0.197966 0.000000
vt 0.557500 0.213805 0.000000
vt 0.588199 0.235300 0.000000
vt 0.614700 0.261801 0.000000
vt 0.636195 0.292500 0.000000
vt 0.652034 0.326466 0.000000
vt 0.661734 0.362666 0.000000
vt 0.665000 0.400000 0.000000
vt 0.661734 0.437334 0.000000
vt 0.652034 0.473534 0.000000
vt 0.636195 0.507500 0.000000
vt 0.614700 0.538199 0.000000
vt 0.588199 0.564700 0.000000
vt 0.557500 0.586195 0.000000
vt 0.523534 0.602034 0.000000
vt 2.964143 1.251556 0.000000
vt 2.700000 1.251556 0.000000
vt 2.714143 1.001556 0.000000
vt 2.700000 0.543856 0.000000
vt 3.171843 0.543856 0.000000
vt 0.135858 -0.500000 0.000000
vt 0.185858 -0.500000 0.000000
vt 0.135858 0.500000 0.000000
vt 0.185858 0.500000 0.000000
vt 0.064142 0.100000 0.000000
vt -0.185858 0.100000 0.000000
vt -0.135858 -0.100000 0.000000
vt -0.285858 0.000000 0.000000
vt -0.185858 -0.100000 0.000000
vt 0.080711 0.500000 0.000000
vt -0.060711 0.500000 0.000000
vt 0.080711 -0.500000 0.000000
vt -0.060711 -0.500000 0.000000
vt -0.080711 -0.500000 0.000000
vt 0.060711 -0.500000 0.000000
vt -0.080711 0.500000 0.000000
vt 0.060711 0.500000 0.000000
vt -0.064142 0.100000 0.000000
vt 0.135858 -0.100000 0.000000
vt 0.185858 0.100000 0.000000
vt 0.285858 0.000000 0.000000
vt 0.185858 -0.100000 0.000000
vt 0.064142 0.500000 0.000000
vt -0.185858 0.500000 0.000000
vt 0.064142 -0.500000 0.000000
vt -0.185858 -0.500000 0.000000
vt -0.229985 -0.082555 0.000000
vt -4.229985 0.000000 0.000000
vt -4.875225 -1.750000 0.000000
vt -5.599985 -0.979949 0.000000
vt -5.599985 -2.520050 0.000000
vt 0.000000 0.000000 0.000000
vt -5.599985 0.000000 0.000000
vt -5.599985 -3.500000 0.000000
vt -4.229985 -3.500000 0.000000
vt -0.000000 -3.500000 0.000000
vt -0.229985 -3.417445 0.000000
vt -5.600000 0.000000 0.000000
vt -5.600000 -0.500000 0.000000
vt -1.370015 0.000001 0.000000
vt 1.400000 -0.499999 0.000000
vt -0.000015 0.000001 0.000000
vt 1.400000 0.000001 0.000000
vt 0.000000 0.000000 0.000000
vt 0.000000 1.000000 0.000000
vt -0.229985 0.000000 0.000000
vt -1.264368 1.000000 0.000000
vt -1.264368 0.000000 0.000000
vt -1.264368 -1.000000 0.000000
vt -5.599985 -1.000000 0.000000
vt -5.500000 -4.350000 0.000000
vt -5.599985 -7.700000 0.000000
vt -2.729985 -6.540830 0.000000
vt -1.264368 -7.700000 0.000000
vt 0.000000 0.000000 0.000000
vt 6.700000 0.000000 0.000000
vt 0.000000 1.000000 0.000000
vt 6.700000 1.000000 0.000000
vt 1.000000 0.000000 0.000000
vt 0.000000 0.000000 0.000000
vt 1.000000 -5.400285 0.000000
vt 0.000000 -5.400285 0.000000
vt 0.000000 1.000000 0.000000
vt -1.868612 1.000000 0.000000
vt 0.000000 0.000000 0.000000
vt -1.868612 0.000000 0.000000
vt 1.000000 0.000000 0.000000
vt 0.000000 0.000000 0.000000
vt 1.000000 -6.700001 0.000000
vt 0.000000 -6.700001 0.000000
vt 0.000000 0.000000 0.000000
vt 1.000000 0.000000 0.000000
vt 0.000000 6.700001 0.000000
vt 1.000000 6.700001 0.000000
vt 0.000000 0.000000 0.000000
vt -0.600000 0.000000 0.000000
vt 0.000000 -6.700000 0.000000
vt -0.600000 -6.700000 0.000000
vt 0.000000 0.000000 0.000000
vt 0.600000 0.000000 0.000000
vt 0.000000 6.700001 0.000000
vt 0.600000 6.700001 0.000000
vt -0.600000 0.000000 0.000000
vt 0.000000 0.000000 0.000000
vt -0.600000 6.700001 0.000000
vt 0.000000 6.700001 0.000000
vt 0.244353 0.500000 0.000000
vt 0.000000 0.500000 0.000000
vt 0.244353 0.000000 0.000000
vt 0.000000 0.000000 0.000000
vt 3.806144 0.000000 0.000000
vt 1.207700 9.275000 0.000000
vt 3.098444 0.000000 0.000000
vt 0.800000 8.204166 0.000000
vt 0.000000 9.275000 0.000000
vt 0.000000 0.000000 0.000000
vt 0.800000 0.000000 0.000000
vt -0.850000 -0.240000 0.000000
vt -0.850000 -0.550000 0.000000
vt -0.254142 -0.240000 0.000000
vt 0.250000 -0.550000 0.000000
vt 0.250000 0.250000 0.000000
vt 0.235858 0.250000 0.000000
vt 3.850000 1.750000 0.000000
vt 4.350000 1.750000 0.000000
vt 3.850000 3.850000 0.000000
vt 4.350000 4.350000 0.000000
vt -4.350000 4.350000 0.000000
vt -3.850000 3.850000 0.000000
vt -4.350000 -4.350000 0.000000
vt -3.850000 -3.850000 0.000000
vt 4.350000 -4.350000 0.000000
vt 3.850000 -3.850000 0.000000
vt 4.350000 -1.750000 0.000000
vt 3.850000 -1.750000 0.000000
vn 0.096293 -0.026977 0.000000
vn 0.096293 -0.026977 0.000000
vn 0.096293 -0.026977 0.000000
vn 0.096293 -0.026977 0.000000
vn 0.096293 -0.026977 0.000000
vn 0.096293 -0.026977 0.000000
vn 0.000000 -0.100000 0.000000
vn 0.000000 -0.100000 0.000000
vn 0.000000 -0.100000 0.000000
vn 0.000000 -0.100000 0.000000
vn 0.000000 -0.100000 0.000000
vn -0.070711 0.000000 0.070711
vn -0.070711 0.000000 0.070711
vn -0.070711 0.000000 0.070711
vn -0.070711 0.000000 0.070711
vn -0.070711 0.000000 0.070711
vn -0.070711 0.000000 0.070711
vn -0.070711 0.000000 0.070711
vn -0.070711 0.000000 0.070711
vn -0.070711 0.000000 0.070711
vn -0.070711 0.000000 0.070711
vn -0.070711 0.000000 0.070711
vn -0.070711 0.000000 0.070711
vn -0.070711 0.000000 0.070711
vn 0.070711 0.000000 0.070711
vn 0.070711 0.000000 0.070711
vn 0.070711 0.000000 0.070711
vn 0.070711 0.000000 0.070711
vn 0.070711 0.000000 0.070711
vn 0.070711 0.000000 0.070711
vn 0.070711 0.000000 0.070711
vn 0.070711 0.000000 0.070711
vn 0.070711 0.000000 0.070711
vn 0.070711 0.000000 0.070711
vn 0.070711 0.000000 0.070711
vn 0.070711 0.000000 0.070711
vn 0.070711 0.000000 0.070711
vn -0.094120 0.000000 -0.033785
vn -0.094120 0.000000 -0.033785
vn -0.094120 0.000000 -0.033785
vn -0.094120 0.000000 -0.033785
vn 0.094120 0.000000 -0.033785
vn 0.094120 0.000000 -0.033785
vn 0.094120 0.000000 -0.033785
vn 0.094120 0.000000 -0.033785
vn 0.000000 0.000000 0.100000
vn 0.000000 0.000000 0.100000
vn 0.000000 0.000000 0.100000
vn 0.000000 0.000000 0.100000
vn 0.000000 0.000000 0.100000
vn 0.000000 0.000000 0.100000
vn 0.000000 0.100000 0.000000
vn 0.000000 0.100000 0.000000
vn 0.000000 0.100000 0.000000
vn 0.000000 0.100000 0.000000
vn 0.000000 0.100000 0.000000
vn 0.000000 0.100000 0.000000
vn 0.000000 0.100000 0.000000
vn 0.000000 0.100000 0.000000
vn 0.000000 0.100000 0.000000
vn 0.000000 0.100000 0.000000
vn 0.000000 0.100000 0.000000
vn 0.000000 0.100000 0.000000
vn 0.000000 0.100000 0.000000
vn 0.000000 0.100000 0.000000
vn 0.000000 0.100000 0.000000
vn 0.000000 0.100000 0.000000
vn 0.000000 0.100000 0.000000
vn 0.000000 0.100000 0.000000
vn 0.000000 0.100000 0.000000
vn 0.000000 0.100000 0.000000
vn 0.000000 0.100000 0.000000
vn 0.000000 0.100000 0.000000
vn 0.000000 0.100000 0.000000
vn 0.000000 0.100000 0.000000
vn 0.000000 0.100000 0.000000
vn 0.000000 0.100000 0.000000
vn 0.000000 0.100000 0.000000
vn 0.000000 0.100000 0.000000
vn 0.000000 0.100000 0.000000
vn 0.000000 0.100000 0.000000
vn 0.000000 0.100000 0.000000
vn 0.000000 0.100000 0.000000
vn 0.000000 0.100000 0.000000
vn 0.000000 0.100000 0.000000
vn 0.000000 0.100000 0.000000
vn 0.000000 0.100000 0.000000
vn 0.000000 0.100000 0.000000
vn 0.000000 -0.100000 0.000000
vn 0.000000 -0.100000 0.000000
vn 0.000000 -0.100000 0.000000
vn 0.000000 -0.100000 0.000000
vn 0.000000 -0.100000 0.000000
vn 0.000000 -0.100000 0.000000
vn 0.000000 -0.100000 0.000000
vn 0.000000 -0.100000 0.000000
vn 0.000000 -0.100000 0.000000
vn 0.078433 0.000000 -0.062034
vn 0.078433 0.000000 -0.062034
vn 0.078433 0.000000 -0.062034
vn 0.078433 0.000000 -0.062034
vn 0.100000 0.000000 0.000000
vn 0.100000 0.000000 0.000000
vn 0.100000 0.000000 0.000000
vn 0.100000 0.000000 0.000000
vn 0.100000 0.000000 0.000000
vn 0.100000 0.000000 0.000000
vn 0.100000 0.000000 0.000000
vn 0.100000 0.000000 0.000000
vn 0.100000 0.000000 0.000000
vn 0.100000 0.000000 0.000000
vn 0.100000 0.000000 0.000000
vn 0.100000 0.000000 0.000000
vn 0.100000 0.000000 0.000000
vn 0.100000 0.000000 0.000000
vn 0.100000 0.000000 0.000000
vn 0.100000 0.000000 0.000000
vn 0.100000 0.000000 0.000000
vn 0.100000 0.000000 0.000000
vn 0.100000 0.000000 0.000000
vn 0.100000 0.000000 0.000000
vn 0.100000 0.000000 0.000000
vn 0.100000 0.000000 0.000000
vn 0.100000 0.000000 0.000000
vn 0.100000 0.000000 0.000000
vn 0.100000 0.000000 0.000000
vn 0.100000 0.000000 0.000000
vn 0.100000 0.000000 0.000000
vn 0.100000 0.000000 0.000000
vn 0.100000 0.000000 0.000000
vn 0.100000 0.000000 0.000000
vn 0.100000 0.000000 0.000000
vn 0.100000 0.000000 0.000000
vn 0.100000 0.000000 0.000000
vn 0.100000 0.000000 0.000000
vn 0.100000 0.000000 0.000000
vn 0.100000 0.000000 0.000000
vn 0.100000 0.000000 0.000000
vn 0.100000 0.000000 0.000000
vn 0.100000 0.000000 0.000000
vn 0.100000 0.000000 0.000000
vn 0.100000 0.000000 0.000000
vn 0.100000 0.000000 0.000000
vn 0.100000 0.000000 0.000000
vn 0.100000 0.000000 0.000000
vn 0.100000 0.000000 0.000000
vn 0.100000 0.000000 0.000000
vn 0.100000 0.000000 0.000000
vn 0.100000 0.000000 0.000000
vn 0.100000 0.000000 0.000000
vn 0.100000 0.000000 0.000000
vn 0.100000 0.000000 0.000000
vn 0.000000 -0.078433 -0.062034
vn 0.000000 -0.078433 -0.062034
vn 0.000000 -0.078433 -0.062034
vn 0.000000 -0.078433 -0.062034
vn 0.000000 0.000000 0.100000
vn 0.000000 0.000000 0.100000
vn 0.000000 0.000000 0.100000
vn 0.000000 0.000000 0.100000
vn 0.000000 0.000000 0.100000
vn 0.000000 0.000000 0.100000
vn 0.000000 0.000000 0.100000
vn 0.000000 0.000000 0.100000
vn 0.000000 0.000000 0.100000
vn 0.000000 0.000000 0.100000
vn 0.000000 0.000000 0.100000
vn 0.000000 0.000000 0.100000
vn 0.000000 0.000000 0.100000
vn 0.000000 0.000000 0.100000
vn 0.000000 0.000000 0.100000
vn 0.000000 0.000000 0.100000
vn 0.100000 0.000000 0.000000
vn 0.100000 0.000000 0.000000
vn 0.100000 0.000000 0.000000
vn 0.100000 0.000000 0.000000
vn 0.000000 -0.100000 0.000000
vn 0.000000 -0.100000 0.000000
vn 0.000000 -0.100000 0.000000
vn 0.000000 -0.100000 0.000000
vn -0.100000 0.000000 0.000000
vn -0.100000 0.000000 0.000000
vn -0.100000 0.000000 0.000000
vn -0.100000 0.000000 0.000000
vn 0.000000 0.078433 -0.062034
vn 0.000000 0.078433 -0.062034
vn 0.000000 0.078433 -0.062034
vn 0.000000 0.078433 -0.062034
vn -0.100000 0.000000 0.000000
vn -0.100000 0.000000 0.000000
vn -0.100000 0.000000 0.000000
vn -0.100000 0.000000 0.000000
vn -0.078433 0.000000 -0.062034
vn -0.078433 0.000000 -0.062034
vn -0.078433 0.000000 -0.062034
vn -0.078433 0.000000 -0.062034
vn 0.000000 0.078433 -0.062034
vn 0.000000 0.078433 -0.062034
vn 0.000000 0.078433 -0.062034
vn 0.000000 0.078433 -0.062034
vn 0.094120 0.000000 -0.033785
vn 0.094120 0.000000 -0.033785
vn 0.094120 0.000000 -0.033785
vn 0.094120 0.000000 -0.033785
vn 0.000000 -0.100000 0.000000
vn 0.000000 -0.100000 0.000000
vn 0.000000 -0.100000 0.000000
vn 0.000000 -0.100000 0.000000
vn 0.000000 -0.100000 0.000000
vn 0.000000 -0.100000 0.000000
vn 0.000000 -0.100000 0.000000
vn 0.000000 -0.100000 0.000000
vn 0.000000 -0.100000 0.000000
vn 0.000000 -0.100000 0.000000
vn 0.000000 -0.100000 0.000000
vn 0.000000 -0.100000 0.000000
vn 0.000000 -0.100000 0.000000
vn 0.000000 -0.100000 0.000000
vn 0.000000 -0.100000 0.000000
vn 0.000000 -0.100000 0.000000
vn 0.100000 0.000000 0.000000
vn 0.100000 0.000000 0.000000
vn 0.100000 0.000000 0.000000
vn 0.100000 0.000000 0.000000
vn 0.100000 0.000000 0.000000
vn 0.100000 0.000000 0.000000
vn -0.100000 0.000000 0.000000
vn -0.100000 0.000000 0.000000
vn -0.100000 0.000000 0.000000
vn -0.100000 0.000000 0.000000
vn 0.100000 0.000000 0.000000
vn 0.100000 0.000000 0.000000
vn 0.100000 0.000000 0.000000
vn 0.100000 0.000000 0.000000
vn 0.100000 0.000000 0.000000
vn 0.100000 0.000000 0.000000
vn 0.100000 0.000000 0.000000
vn -0.100000 -0.000000 0.000000
vn -0.100000 -0.000000 0.000000
vn -0.100000 -0.000000 0.000000
vn -0.100000 -0.000000 0.000000
vn -0.100000 -0.000000 0.000000
vn -0.100000 -0.000000 0.000000
vn -0.100000 -0.000000 0.000000
vn -0.100000 -0.000000 0.000000
vn -0.100000 -0.000000 0.000000
vn -0.100000 -0.000000 0.000000
vn -0.100000 -0.000000 0.000000
vn -0.100000 -0.000000 0.000000
vn -0.100000 -0.000000 0.000000
vn -0.100000 -0.000000 0.000000
vn -0.100000 -0.000000 0.000000
vn -0.100000 -0.000000 0.000000
vn -0.100000 -0.000000 0.000000
vn -0.100000 -0.000000 0.000000
vn -0.100000 -0.000000 0.000000
vn -0.100000 -0.000000 0.000000
vn -0.100000 -0.000000 0.000000
vn -0.100000 -0.000000 0.000000
vn -0.100000 -0.000000 0.000000
vn -0.100000 -0.000000 0.000000
vn -0.100000 -0.000000 0.000000
vn -0.100000 -0.000000 0.000000
vn -0.100000 -0.000000 0.000000
vn -0.100000 -0.000000 0.000000
vn -0.100000 -0.000000 0.000000
vn -0.100000 -0.000000 0.000000
vn -0.100000 -0.000000 0.000000
vn -0.100000 -0.000000 0.000000
vn -0.100000 -0.000000 0.000000
vn -0.100000 -0.000000 0.000000
vn -0.100000 -0.000000 0.000000
vn -0.100000 -0.000000 0.000000
vn -0.100000 -0.000000 0.000000
vn -0.100000 -0.000000 0.000000
vn -0.100000 -0.000000 0.000000
vn -0.100000 -0.000000 0.000000
vn -0.100000 -0.000000 0.000000
vn -0.100000 -0.000000 0.000000
vn -0.100000 -0.000000 0.000000
vn -0.100000 -0.000000 0.000000
vn -0.100000 -0.000000 0.000000
vn -0.100000 -0.000000 0.000000
vn -0.100000 -0.000000 0.000000
vn -0.100000 -0.000000 0.000000
vn -0.100000 -0.000000 0.000000
vn -0.100000 -0.000000 0.000000
vn -0.100000 -0.000000 0.000000
vn -0.100000 0.000000 0.000000
vn -0.100000 0.000000 0.000000
vn -0.100000 0.000000 0.000000
vn -0.100000 0.000000 0.000000
vn -0.100000 0.000000 0.000000
vn -0.100000 0.000000 0.000000
vn -0.100000 0.000000 0.000000
vn -0.100000 0.000000 0.000000
vn -0.100000 0.000000 0.000000
vn -0.100000 0.000000 0.000000
vn -0.100000 0.000000 0.000000
vn -0.100000 0.000000 0.000000
vn -0.100000 0.000000 0.000000
vn -0.100000 0.000000 0.000000
vn -0.100000 0.000000 0.000000
vn -0.100000 0.000000 0.000000
vn -0.100000 0.000000 0.000000
vn -0.100000 0.000000 0.000000
vn -0.100000 0.000000 0.000000
vn -0.100000 0.000000 0.000000
vn -0.100000 0.000000 0.000000
vn -0.100000 0.000000 0.000000
vn -0.100000 0.000000 0.000000
vn -0.100000 0.000000 0.000000
vn -0.100000 0.000000 0.000000
vn -0.100000 0.000000 0.000000
vn -0.100000 0.000000 0.000000
vn -0.100000 0.000000 0.000000
vn -0.100000 0.000000 0.000000
vn -0.100000 0.000000 0.000000
vn -0.100000 0.000000 0.000000
vn -0.100000 0.000000 0.000000
vn -0.100000 0.000000 0.000000
vn -0.100000 0.000000 0.000000
vn -0.100000 0.000000 0.000000
vn -0.000000 0.098481 0.017365
vn -0.000000 0.099910 0.004249
vn -0.000000 0.100000 0.000000
vn 0.000000 0.099191 -0.012696
vn 0.000000 0.098481 -0.017365
vn 0.000000 0.095619 -0.029276
vn 0.000000 0.093969 -0.034202
vn 0.000000 0.089296 -0.045014
vn 0.000000 0.086603 -0.050000
vn 0.000000 0.080404 -0.059457
vn 0.000000 0.076604 -0.064279
vn 0.000000 0.069200 -0.072190
vn 0.000000 0.064279 -0.076604
vn 0.000000 0.056005 -0.082846
vn 0.000000 0.050000 -0.086603
vn 0.000000 0.043121 -0.090225
vn 0.000000 0.034202 -0.093969
vn 0.000000 0.036304 -0.093177
vn 0.000000 0.029286 -0.095615
vn -0.000000 0.097755 0.021072
vn -0.000000 0.093969 0.034202
vn -0.000000 0.092787 0.037289
vn -0.000000 0.086603 0.050000
vn -0.000000 0.085151 0.052434
vn -0.000000 0.076604 0.064279
vn -0.000000 0.075065 0.066070
vn -0.000000 0.064279 0.076604
vn -0.000000 0.062820 0.077805
vn -0.000000 0.050000 0.086603
vn -0.000000 0.048768 0.087302
vn -0.000000 0.034202 0.093969
vn -0.000000 0.033313 0.094288
vn -0.000000 0.017365 0.098481
vn -0.000000 0.016900 0.098562
vn -0.000000 -0.000000 0.100000
vn -0.000000 -0.000000 0.100000
vn -0.000000 -0.016900 0.098562
vn -0.000000 -0.017365 0.098481
vn -0.000000 -0.033313 0.094288
vn -0.000000 -0.034202 0.093969
vn -0.000000 -0.048768 0.087302
vn -0.000000 -0.050000 0.086603
vn -0.000000 -0.062820 0.077805
vn -0.000000 -0.064279 0.076604
vn -0.000000 -0.075065 0.066070
vn -0.000000 -0.076604 0.064279
vn -0.000000 -0.085151 0.052434
vn -0.000000 -0.086603 0.050000
vn -0.000000 -0.092787 0.037289
vn -0.000000 -0.093969 0.034202
vn -0.000000 -0.097755 0.021072
vn -0.000000 -0.098481 0.017365
vn -0.000000 -0.099910 0.004249
vn -0.000000 -0.100000 0.000000
vn 0.000000 -0.099191 -0.012696
vn 0.000000 -0.098481 -0.017365
vn 0.000000 -0.095619 -0.029276
vn 0.000000 -0.093969 -0.034202
vn 0.000000 -0.089296 -0.045014
vn 0.000000 -0.086603 -0.050000
vn 0.000000 -0.080404 -0.059457
vn 0.000000 -0.076604 -0.064279
vn 0.000000 -0.069200 -0.072190
vn 0.000000 -0.064279 -0.076604
vn 0.000000 -0.056005 -0.082846
vn 0.000000 -0.050000 -0.086603
vn 0.000000 -0.043121 -0.090225
vn 0.000000 -0.034202 -0.093969
vn 0.000000 -0.036304 -0.093177
vn 0.000000 -0.029286 -0.095615
vn 0.000000 -0.017365 -0.098481
vn 0.000000 -0.022107 -0.097526
vn 0.000000 -0.014806 -0.098898
vn 0.000000 -0.007424 -0.099724
vn 0.000000 -0.000000 -0.100000
vn 0.000000 -0.000000 -0.100000
vn 0.000000 0.007424 -0.099724
vn 0.000000 0.017365 -0.098481
vn 0.000000 0.014806 -0.098898
vn 0.000000 0.022107 -0.097526
vn 0.000000 -0.100000 0.000000
vn 0.000000 -0.100000 0.000000
vn 0.000000 -0.100000 0.000000
vn 0.000000 -0.100000 0.000000
vn 0.000000 -0.100000 0.000000
vn 0.100000 0.000000 0.000000
vn 0.100000 0.000000 0.000000
vn 0.100000 0.000000 0.000000
vn 0.100000 0.000000 0.000000
vn 0.100000 0.000000 0.000000
vn 0.100000 0.000000 0.000000
vn 0.100000 0.000000 0.000000
vn 0.100000 0.000000 0.000000
vn 0.100000 0.000000 0.000000
vn 0.100000 0.000000 0.000000
vn 0.100000 0.000000 0.000000
vn 0.100000 0.000000 0.000000
vn 0.100000 0.000000 0.000000
vn 0.100000 0.000000 0.000000
vn 0.100000 0.000000 0.000000
vn 0.100000 0.000000 0.000000
vn 0.100000 0.000000 0.000000
vn 0.100000 0.000000 0.000000
vn 0.100000 0.000000 0.000000
vn 0.100000 0.000000 0.000000
vn 0.100000 0.000000 0.000000
vn 0.100000 0.000000 0.000000
vn 0.100000 0.000000 0.000000
vn 0.100000 0.000000 0.000000
vn 0.100000 0.000000 0.000000
vn 0.100000 0.000000 0.000000
vn 0.100000 0.000000 0.000000
vn 0.100000 0.000000 0.000000
vn 0.100000 0.000000 0.000000
vn 0.100000 0.000000 0.000000
vn 0.100000 0.000000 0.000000
vn 0.100000 0.000000 0.000000
vn 0.100000 0.000000 0.000000
vn 0.100000 0.000000 0.000000
vn 0.100000 0.000000 0.000000
vn -0.000000 0.098481 -0.017365
vn -0.000000 0.099191 -0.012691
vn -0.000000 0.100000 -0.000000
vn 0.000000 0.099909 0.004254
vn 0.000000 0.098481 0.017365
vn 0.000000 0.097754 0.021077
vn 0.000000 0.093969 0.034202
vn 0.000000 0.092786 0.037293
vn 0.000000 0.086603 0.050000
vn 0.000000 0.085149 0.052436
vn 0.000000 0.076604 0.064279
vn 0.000000 0.075064 0.066072
vn 0.000000 0.064279 0.076604
vn 0.000000 0.062819 0.077806
vn 0.000000 0.050000 0.086603
vn 0.000000 0.048767 0.087303
vn 0.000000 0.034202 0.093969
vn 0.000000 0.033312 0.094288
vn 0.000000 0.017365 0.098481
vn 0.000000 0.016899 0.098562
vn 0.000000 -0.000000 0.100000
vn 0.000000 -0.000000 0.100000
vn 0.000000 -0.016899 0.098562
vn -0.000000 0.095620 -0.029271
vn -0.000000 0.093969 -0.034202
vn -0.000000 0.089299 -0.045008
vn -0.000000 0.086603 -0.050000
vn -0.000000 0.080408 -0.059452
vn -0.000000 0.076604 -0.064279
vn -0.000000 0.069205 -0.072185
vn -0.000000 0.064279 -0.076604
vn -0.000000 0.056011 -0.082842
vn -0.000000 0.050000 -0.086603
vn -0.000000 0.043126 -0.090223
vn -0.000000 0.034202 -0.093969
vn -0.000000 0.036308 -0.093176
vn -0.000000 0.029290 -0.095614
vn -0.000000 0.017365 -0.098481
vn -0.000000 0.022110 -0.097525
vn -0.000000 0.014808 -0.098897
vn -0.000000 0.007425 -0.099724
vn -0.000000 -0.000000 -0.100000
vn -0.000000 -0.000000 -0.100000
vn -0.000000 -0.007425 -0.099724
vn -0.000000 -0.017365 -0.098481
vn -0.000000 -0.014808 -0.098897
vn -0.000000 -0.022110 -0.097525
vn -0.000000 -0.029290 -0.095614
vn -0.000000 -0.034202 -0.093969
vn -0.000000 -0.036308 -0.093176
vn -0.000000 -0.043126 -0.090223
vn -0.000000 -0.050000 -0.086603
vn -0.000000 -0.056011 -0.082842
vn -0.000000 -0.064279 -0.076604
vn -0.000000 -0.069205 -0.072185
vn -0.000000 -0.076604 -0.064279
vn -0.000000 -0.080408 -0.059452
vn -0.000000 -0.086603 -0.050000
vn -0.000000 -0.089299 -0.045008
vn -0.000000 -0.093969 -0.034202
vn -0.000000 -0.095620 -0.029271
vn -0.000000 -0.098481 -0.017365
vn -0.000000 -0.099191 -0.012691
vn 0.000000 -0.100000 0.000000
vn 0.000000 -0.099909 0.004254
vn 0.000000 -0.098481 0.017365
vn 0.000000 -0.097754 0.021077
vn 0.000000 -0.093969 0.034202
vn 0.000000 -0.092786 0.037293
vn 0.000000 -0.086603 0.050000
vn 0.000000 -0.085149 0.052436
vn 0.000000 -0.076604 0.064279
vn 0.000000 -0.075064 0.066072
vn 0.000000 -0.064279 0.076604
vn 0.000000 -0.062819 0.077806
vn 0.000000 -0.050000 0.086603
vn 0.000000 -0.048767 0.087303
vn 0.000000 -0.034202 0.093969
vn 0.000000 -0.033312 0.094288
vn 0.000000 -0.017365 0.098481
vn 0.096293 0.026977 0.000000
vn 0.096293 0.026977 0.000000
vn 0.096293 0.026977 0.000000
vn 0.096293 0.026977 0.000000
vn 0.096293 0.026977 0.000000
vn 0.096293 0.026977 0.000000
vn 0.000000 0.000000 -0.100000
vn 0.000000 0.000000 -0.100000
vn 0.000000 0.000000 -0.100000
vn 0.000000 0.000000 -0.100000
vn 0.000000 0.000000 -0.100000
vn 0.000000 0.000000 -0.100000
vn 0.000000 0.000000 -0.100000
vn 0.000000 0.000000 -0.100000
vn 0.000000 0.000000 -0.100000
vn 0.000000 0.000000 -0.100000
vn 0.000000 0.000000 -0.100000
vn 0.000000 0.000000 -0.100000
vn 0.000000 0.000000 -0.100000
vn 0.000000 0.000000 -0.100000
vn 0.000000 0.000000 -0.100000
vn 0.000000 0.000000 -0.100000
vn 0.000000 0.000000 -0.100000
vn 0.000000 0.000000 -0.100000
vn 0.000000 0.000000 -0.100000
vn 0.000000 0.000000 -0.100000
vn 0.000000 0.000000 -0.100000
vn 0.000000 0.000000 -0.100000
vn 0.000000 0.000000 -0.100000
vn 0.000000 0.000000 -0.100000
vn 0.000000 0.000000 -0.100000
vn 0.000000 0.000000 -0.100000
vn 0.000000 -0.100000 0.000000
vn 0.000000 -0.100000 0.000000
vn 0.000000 -0.100000 0.000000
vn 0.000000 -0.100000 0.000000
vn 0.000000 -0.100000 0.000000
vn 0.070711 0.000000 0.070711
vn 0.070711 0.000000 0.070711
vn 0.070711 0.000000 0.070711
vn 0.070711 0.000000 0.070711
vn 0.070711 0.000000 0.070711
vn 0.070711 0.000000 0.070711
vn 0.070711 0.000000 0.070711
vn 0.070711 0.000000 0.070711
vn 0.070711 0.000000 0.070711
vn 0.070711 0.000000 0.070711
vn 0.070711 0.000000 0.070711
vn 0.070711 0.000000 0.070711
vn 0.070711 0.000000 0.070711
vn 0.070711 0.000000 0.070711
vn 0.070711 0.000000 0.070711
vn 0.070711 0.000000 0.070711
vn 0.070711 0.000000 0.070711
vn 0.070711 0.000000 0.070711
vn 0.070711 0.000000 0.070711
vn 0.070711 0.000000 0.070711
vn -0.096293 0.026977 0.000000
vn -0.096293 0.026977 0.000000
vn -0.096293 0.026977 0.000000
vn -0.096293 0.026977 0.000000
vn -0.096293 0.026977 0.000000
vn -0.096293 0.026977 0.000000
vn -0.070711 0.000000 0.070711
vn -0.070711 0.000000 0.070711
vn -0.070711 0.000000 0.070711
vn -0.070711 0.000000 0.070711
vn -0.070711 0.000000 0.070711
vn -0.070711 0.000000 0.070711
vn -0.070711 0.000000 0.070711
vn -0.070711 0.000000 0.070711
vn -0.070711 0.000000 0.070711
vn -0.070711 0.000000 0.070711
vn -0.070711 0.000000 0.070711
vn -0.070711 0.000000 0.070711
vn -0.070711 0.000000 0.070711
vn -0.070711 0.000000 0.070711
vn -0.070711 0.000000 0.070711
vn -0.070711 0.000000 0.070711
vn -0.070711 0.000000 0.070711
vn -0.070711 0.000000 0.070711
vn -0.070711 0.000000 0.070711
vn -0.070711 0.000000 0.070711
vn 0.100000 0.000000 0.000000
vn 0.100000 0.000000 0.000000
vn 0.100000 0.000000 0.000000
vn 0.100000 0.000000 0.000000
vn -0.096293 -0.026977 0.000000
vn -0.096293 -0.026977 0.000000
vn -0.096293 -0.026977 0.000000
vn -0.096293 -0.026977 0.000000
vn -0.096293 -0.026977 0.000000
vn -0.096293 -0.026977 0.000000
vn -0.100000 0.000000 0.000000
vn -0.100000 0.000000 0.000000
vn -0.100000 0.000000 0.000000
vn -0.100000 0.000000 0.000000
vn 0.000000 0.000000 0.100000
vn 0.000000 0.000000 0.100000
vn 0.000000 0.000000 0.100000
vn 0.000000 0.000000 0.100000
vn 0.000000 0.000000 0.100000
vn 0.000000 0.000000 0.100000
vn 0.000000 0.000000 0.100000
vn -0.000000 -0.098481 0.017365
vn -0.000000 -0.098481 0.017365
vn -0.000000 -0.100000 0.000000
vn 0.000000 -0.100000 -0.000000
vn 0.000000 -0.098481 -0.017365
vn 0.000000 -0.098481 -0.017365
vn 0.000000 -0.093969 -0.034202
vn 0.000000 -0.093969 -0.034202
vn 0.000000 -0.086603 -0.050000
vn 0.000000 -0.086603 -0.050000
vn 0.000000 -0.076604 -0.064279
vn 0.000000 -0.076604 -0.064279
vn 0.000000 -0.064279 -0.076604
vn 0.000000 -0.064279 -0.076604
vn 0.000000 -0.050000 -0.086603
vn 0.000000 -0.050000 -0.086603
vn 0.000000 -0.034202 -0.093969
vn 0.000000 -0.034202 -0.093969
vn 0.000000 -0.017365 -0.098481
vn 0.000000 -0.017365 -0.098481
vn 0.000000 -0.000000 -0.100000
vn 0.000000 -0.000000 -0.100000
vn 0.000000 0.017365 -0.098481
vn 0.000000 0.017365 -0.098481
vn 0.000000 0.034202 -0.093969
vn 0.000000 0.034202 -0.093969
vn 0.000000 0.050000 -0.086603
vn 0.000000 0.050000 -0.086603
vn 0.000000 0.064279 -0.076604
vn 0.000000 0.064279 -0.076604
vn 0.000000 0.076604 -0.064279
vn 0.000000 0.076604 -0.064279
vn 0.000000 0.086603 -0.050000
vn 0.000000 0.086603 -0.050000
vn 0.000000 0.093969 -0.034202
vn 0.000000 0.093969 -0.034202
vn 0.000000 0.098481 -0.017365
vn 0.000000 0.098481 -0.017365
vn 0.000000 0.100000 -0.000000
vn 0.000000 0.100000 -0.000000
vn -0.000000 0.098481 0.017365
vn -0.000000 0.098481 0.017365
vn -0.000000 0.093969 0.034202
vn -0.000000 0.093969 0.034202
vn -0.000000 0.086603 0.050000
vn -0.000000 0.086603 0.050000
vn -0.000000 0.076604 0.064279
vn -0.000000 0.076604 0.064279
vn -0.000000 0.064279 0.076604
vn -0.000000 0.064279 0.076604
vn -0.000000 0.050000 0.086603
vn -0.000000 0.050000 0.086603
vn -0.000000 0.034202 0.093969
vn -0.000000 0.034202 0.093969
vn -0.000000 0.017365 0.098481
vn -0.000000 0.017365 0.098481
vn -0.000000 -0.000000 0.100000
vn -0.000000 -0.000000 0.100000
vn -0.000000 -0.017365 0.098481
vn -0.000000 -0.017365 0.098481
vn -0.000000 -0.034202 0.093969
vn -0.000000 -0.034202 0.093969
vn -0.000000 -0.050000 0.086603
vn -0.000000 -0.050000 0.086603
vn -0.000000 -0.064279 0.076604
vn -0.000000 -0.064279 0.076604
vn -0.000000 -0.076604 0.064279
vn -0.000000 -0.076604 0.064279
vn -0.000000 -0.086603 0.050000
vn -0.000000 -0.086603 0.050000
vn -0.000000 -0.093969 0.034202
vn -0.000000 -0.093969 0.034202
vn -0.100000 0.000000 -0.000000
vn -0.100000 0.000000 -0.000000
vn -0.100000 0.000000 -0.000000
vn -0.100000 0.000000 -0.000000
vn -0.100000 0.000000 -0.000000
vn -0.100000 0.000000 -0.000000
vn -0.100000 0.000000 -0.000000
vn -0.100000 0.000000 -0.000000
vn -0.100000 0.000000 -0.000000
vn -0.100000 0.000000 -0.000000
vn -0.100000 0.000000 -0.000000
vn -0.100000 0.000000 -0.000000
vn -0.100000 0.000000 -0.000000
vn -0.100000 0.000000 -0.000000
vn -0.100000 0.000000 -0.000000
vn -0.100000 0.000000 -0.000000
vn -0.100000 0.000000 -0.000000
vn -0.100000 0.000000 -0.000000
vn -0.100000 0.000000 -0.000000
vn -0.100000 0.000000 -0.000000
vn -0.100000 0.000000 -0.000000
vn -0.100000 0.000000 -0.000000
vn -0.100000 0.000000 -0.000000
vn -0.100000 0.000000 -0.000000
vn -0.100000 0.000000 -0.000000
vn -0.100000 0.000000 -0.000000
vn -0.100000 0.000000 -0.000000
vn -0.100000 0.000000 -0.000000
vn -0.100000 0.000000 -0.000000
vn -0.100000 0.000000 -0.000000
vn -0.100000 0.000000 -0.000000
vn -0.100000 0.000000 -0.000000
vn -0.100000 0.000000 -0.000000
vn -0.100000 0.000000 -0.000000
vn -0.100000 0.000000 -0.000000
vn -0.100000 0.000000 -0.000000
vn -0.100000 0.000000 -0.000000
vn -0.100000 0.000000 -0.000000
vn -0.100000 0.000000 -0.000000
vn -0.100000 0.000000 -0.000000
vn -0.100000 0.000000 -0.000000
vn -0.100000 0.000000 -0.000000
vn -0.100000 0.000000 -0.000000
vn -0.100000 0.000000 -0.000000
vn -0.100000 0.000000 -0.000000
vn -0.100000 0.000000 -0.000000
vn -0.100000 0.000000 -0.000000
vn -0.100000 0.000000 -0.000000
vn -0.100000 0.000000 -0.000000
vn -0.100000 0.000000 -0.000000
vn -0.100000 0.000000 -0.000000
vn -0.100000 0.000000 -0.000000
vn -0.100000 0.000000 -0.000000
vn -0.100000 0.000000 -0.000000
vn -0.100000 0.000000 -0.000000
vn -0.100000 0.000000 -0.000000
vn -0.100000 0.000000 -0.000000
vn -0.100000 0.000000 -0.000000
vn -0.100000 0.000000 -0.000000
vn -0.100000 0.000000 -0.000000
vn -0.100000 0.000000 -0.000000
vn -0.100000 0.000000 -0.000000
vn -0.100000 0.000000 -0.000000
vn -0.100000 0.000000 -0.000000
vn -0.100000 0.000000 -0.000000
vn -0.100000 0.000000 -0.000000
vn -0.100000 0.000000 -0.000000
vn -0.100000 0.000000 -0.000000
vn -0.100000 0.000000 -0.000000
vn -0.100000 0.000000 -0.000000
vn -0.100000 0.000000 -0.000000
vn -0.100000 0.000000 -0.000000
vn 0.000000 -0.098481 0.017365
vn 0.000000 -0.100000 0.000000
vn -0.000000 -0.100000 -0.000000
vn -0.000000 -0.098481 -0.017365
vn -0.000000 -0.098481 -0.017365
vn -0.000000 -0.093969 -0.034202
vn -0.000000 -0.093969 -0.034202
vn -0.000000 -0.086603 -0.050000
vn -0.000000 -0.086603 -0.050000
vn -0.000000 -0.076604 -0.064279
vn -0.000000 -0.076604 -0.064279
vn -0.000000 -0.064279 -0.076604
vn -0.000000 -0.064279 -0.076604
vn -0.000000 -0.050000 -0.086603
vn -0.000000 -0.050000 -0.086603
vn -0.000000 -0.034202 -0.093969
vn -0.000000 -0.034202 -0.093969
vn -0.000000 -0.017365 -0.098481
vn -0.000000 -0.017365 -0.098481
vn -0.000000 -0.000000 -0.100000
vn -0.000000 -0.000000 -0.100000
vn -0.000000 0.017365 -0.098481
vn -0.000000 0.017365 -0.098481
vn -0.000000 0.034202 -0.093969
vn -0.000000 0.034202 -0.093969
vn -0.000000 0.050000 -0.086603
vn -0.000000 0.050000 -0.086603
vn -0.000000 0.064279 -0.076604
vn -0.000000 0.064279 -0.076604
vn -0.000000 0.076604 -0.064279
vn -0.000000 0.076604 -0.064279
vn -0.000000 0.086603 -0.050000
vn -0.000000 0.086603 -0.050000
vn -0.000000 0.093969 -0.034202
vn -0.000000 0.093969 -0.034202
vn -0.000000 0.098481 -0.017365
vn -0.000000 0.098481 -0.017365
vn -0.000000 0.100000 -0.000000
vn -0.000000 0.100000 -0.000000
vn 0.000000 0.098481 0.017365
vn 0.000000 0.098481 0.017365
vn 0.000000 0.093969 0.034202
vn 0.000000 0.093969 0.034202
vn 0.000000 0.086603 0.050000
vn 0.000000 0.086603 0.050000
vn 0.000000 0.076604 0.064279
vn 0.000000 0.076604 0.064279
vn 0.000000 0.064279 0.076604
vn 0.000000 0.064279 0.076604
vn 0.000000 0.050000 0.086603
vn 0.000000 0.050000 0.086603
vn 0.000000 0.034202 0.093969
vn 0.000000 0.034202 0.093969
vn 0.000000 0.017365 0.098481
vn 0.000000 0.017365 0.098481
vn 0.000000 -0.000000 0.100000
vn 0.000000 -0.000000 0.100000
vn 0.000000 -0.017365 0.098481
vn 0.000000 -0.017365 0.098481
vn 0.000000 -0.034202 0.093969
vn 0.000000 -0.034202 0.093969
vn 0.000000 -0.050000 0.086603
vn 0.000000 -0.050000 0.086603
vn 0.000000 -0.064279 0.076604
vn 0.000000 -0.064279 0.076604
vn 0.000000 -0.076604 0.064279
vn 0.000000 -0.076604 0.064279
vn 0.000000 -0.086603 0.050000
vn 0.000000 -0.086603 0.050000
vn 0.000000 -0.093969 0.034202
vn 0.000000 -0.093969 0.034202
vn 0.000000 -0.098481 0.017365
vn 0.100000 0.000000 -0.000000
vn 0.100000 0.000000 -0.000000
vn 0.100000 0.000000 -0.000000
vn 0.100000 0.000000 -0.000000
vn 0.100000 0.000000 -0.000000
vn 0.100000 0.000000 -0.000000
vn 0.100000 0.000000 -0.000000
vn 0.100000 0.000000 -0.000000
vn 0.100000 0.000000 -0.000000
vn 0.100000 0.000000 -0.000000
vn 0.100000 0.000000 -0.000000
vn 0.100000 0.000000 -0.000000
vn 0.100000 0.000000 -0.000000
vn 0.100000 0.000000 -0.000000
vn 0.100000 0.000000 -0.000000
vn 0.100000 0.000000 -0.000000
vn 0.100000 0.000000 -0.000000
vn 0.100000 0.000000 -0.000000
vn 0.100000 0.000000 -0.000000
vn 0.100000 0.000000 -0.000000
vn 0.100000 0.000000 -0.000000
vn 0.100000 0.000000 -0.000000
vn 0.100000 0.000000 -0.000000
vn 0.100000 0.000000 -0.000000
vn 0.100000 0.000000 -0.000000
vn 0.100000 0.000000 -0.000000
vn 0.100000 0.000000 -0.000000
vn 0.100000 0.000000 -0.000000
vn 0.100000 0.000000 -0.000000
vn 0.100000 0.000000 -0.000000
vn 0.100000 0.000000 -0.000000
vn 0.100000 0.000000 -0.000000
vn 0.100000 0.000000 -0.000000
vn 0.100000 0.000000 -0.000000
vn 0.100000 0.000000 -0.000000
vn 0.100000 0.000000 -0.000000
vn 0.100000 0.000000 -0.000000
vn 0.100000 0.000000 -0.000000
vn 0.100000 0.000000 -0.000000
vn 0.100000 0.000000 -0.000000
vn 0.100000 0.000000 -0.000000
vn 0.100000 0.000000 -0.000000
vn 0.100000 0.000000 -0.000000
vn 0.100000 0.000000 -0.000000
vn 0.100000 0.000000 -0.000000
vn 0.100000 0.000000 -0.000000
vn 0.100000 0.000000 -0.000000
vn 0.100000 0.000000 -0.000000
vn 0.100000 0.000000 -0.000000
vn 0.100000 0.000000 -0.000000
vn 0.100000 0.000000 -0.000000
vn 0.100000 0.000000 -0.000000
vn 0.100000 0.000000 -0.000000
vn 0.100000 0.000000 -0.000000
vn 0.100000 0.000000 -0.000000
vn 0.100000 0.000000 -0.000000
vn 0.100000 0.000000 -0.000000
vn 0.100000 0.000000 -0.000000
vn 0.100000 0.000000 -0.000000
vn 0.100000 0.000000 -0.000000
vn 0.100000 0.000000 -0.000000
vn 0.100000 0.000000 -0.000000
vn 0.100000 0.000000 -0.000000
vn 0.100000 0.000000 -0.000000
vn 0.100000 0.000000 -0.000000
vn 0.100000 0.000000 -0.000000
vn 0.100000 0.000000 -0.000000
vn 0.100000 0.000000 -0.000000
vn 0.100000 0.000000 -0.000000
vn 0.100000 0.000000 -0.000000
vn 0.100000 0.000000 -0.000000
vn 0.100000 0.000000 -0.000000
vn 0.000000 -0.011750 -0.099307
vn 0.000000 -0.017365 -0.098481
vn 0.000000 -0.023338 -0.097239
vn 0.000000 -0.034202 -0.093969
vn 0.000000 -0.039539 -0.091851
vn 0.000000 -0.050000 -0.086603
vn 0.000000 -0.054588 -0.083786
vn 0.000000 -0.064279 -0.076604
vn 0.000000 -0.068045 -0.073279
vn 0.000000 -0.076604 -0.064279
vn 0.000000 -0.079519 -0.060636
vn 0.000000 -0.086603 -0.050000
vn 0.000000 -0.088675 -0.046225
vn 0.000000 -0.093969 -0.034202
vn 0.000000 -0.095246 -0.030466
vn 0.000000 -0.098481 -0.017365
vn 0.000000 -0.099040 -0.013820
vn 0.000000 -0.100000 -0.000000
vn -0.000000 -0.099948 0.003230
vn -0.000000 -0.098481 0.017365
vn -0.000000 -0.097942 0.020185
vn -0.000000 -0.093969 0.034202
vn -0.000000 -0.093080 0.036552
vn -0.000000 -0.086603 0.050000
vn -0.000000 -0.085506 0.051853
vn -0.000000 -0.076604 0.064279
vn -0.000000 -0.075439 0.065643
vn -0.000000 -0.064279 0.076604
vn -0.000000 -0.063172 0.077519
vn -0.000000 -0.050000 0.086603
vn -0.000000 -0.049065 0.087136
vn -0.000000 -0.034202 0.093969
vn -0.000000 -0.033527 0.094212
vn -0.000000 -0.017365 0.098481
vn -0.000000 -0.017011 0.098542
vn -0.000000 -0.000000 0.100000
vn -0.000000 -0.000000 0.100000
vn -0.000000 0.017011 0.098542
vn -0.000000 0.017365 0.098481
vn -0.000000 0.033527 0.094212
vn -0.000000 0.034202 0.093969
vn -0.000000 0.049065 0.087136
vn -0.000000 0.050000 0.086603
vn -0.000000 0.063172 0.077519
vn -0.000000 0.064279 0.076604
vn -0.000000 0.075439 0.065643
vn -0.000000 0.076604 0.064279
vn -0.000000 0.085506 0.051853
vn -0.000000 0.086603 0.050000
vn -0.000000 0.093080 0.036552
vn -0.000000 0.093969 0.034202
vn -0.000000 0.097942 0.020185
vn -0.000000 0.098481 0.017365
vn -0.000000 0.099948 0.003230
vn -0.000000 0.100000 0.000000
vn 0.000000 0.099040 -0.013820
vn 0.000000 0.098481 -0.017365
vn 0.000000 0.095246 -0.030466
vn 0.000000 0.093969 -0.034202
vn 0.000000 0.088675 -0.046225
vn 0.000000 0.086603 -0.050000
vn 0.000000 0.079519 -0.060636
vn 0.000000 0.076604 -0.064279
vn 0.000000 0.068045 -0.073279
vn 0.000000 0.064279 -0.076604
vn 0.000000 0.054588 -0.083786
vn 0.000000 0.050000 -0.086603
vn 0.000000 0.039539 -0.091851
vn 0.000000 0.034202 -0.093969
vn 0.000000 0.023338 -0.097239
vn 0.000000 0.017365 -0.098481
vn 0.000000 0.011750 -0.099307
vn 0.000000 -0.000000 -0.100000
vn 0.000000 -0.000000 -0.100000
vn 0.000000 0.011750 -0.099307
vn 0.000000 0.017365 -0.098481
vn 0.000000 0.023338 -0.097239
vn 0.000000 0.034202 -0.093969
vn 0.000000 0.039539 -0.091851
vn 0.000000 0.050000 -0.086603
vn 0.000000 0.054588 -0.083786
vn 0.000000 0.064279 -0.076604
vn 0.000000 0.068045 -0.073279
vn 0.000000 0.076604 -0.064279
vn 0.000000 0.079519 -0.060636
vn 0.000000 0.086603 -0.050000
vn 0.000000 0.088675 -0.046225
vn 0.000000 0.093969 -0.034202
vn 0.000000 0.095246 -0.030466
vn 0.000000 0.098481 -0.017365
vn 0.000000 0.099040 -0.013820
vn 0.000000 0.100000 -0.000000
vn -0.000000 0.099948 0.003230
vn -0.000000 0.098481 0.017365
vn -0.000000 0.097942 0.020185
vn -0.000000 0.093969 0.034202
vn -0.000000 0.093080 0.036552
vn -0.000000 0.086603 0.050000
vn -0.000000 0.085506 0.051853
vn -0.000000 0.076604 0.064279
vn -0.000000 0.075439 0.065643
vn -0.000000 0.064279 0.076604
vn -0.000000 0.063172 0.077519
vn -0.000000 0.050000 0.086603
vn -0.000000 0.049065 0.087136
vn -0.000000 0.034202 0.093969
vn -0.000000 0.033527 0.094212
vn -0.000000 0.017365 0.098481
vn -0.000000 0.017011 0.098542
vn -0.000000 -0.000000 0.100000
vn -0.000000 -0.000000 0.100000
vn -0.000000 -0.017011 0.098542
vn -0.000000 -0.017365 0.098481
vn -0.000000 -0.033527 0.094212
vn -0.000000 -0.034202 0.093969
vn -0.000000 -0.049065 0.087136
vn -0.000000 -0.050000 0.086603
vn -0.000000 -0.063172 0.077519
vn -0.000000 -0.064279 0.076604
vn -0.000000 -0.075439 0.065643
vn -0.000000 -0.076604 0.064279
vn -0.000000 -0.085506 0.051853
vn -0.000000 -0.086603 0.050000
vn -0.000000 -0.093080 0.036552
vn -0.000000 -0.093969 0.034202
vn -0.000000 -0.097942 0.020185
vn -0.000000 -0.098481 0.017365
vn -0.000000 -0.099948 0.003230
vn -0.000000 -0.100000 0.000000
vn 0.000000 -0.099040 -0.013820
vn 0.000000 -0.098481 -0.017365
vn 0.000000 -0.095246 -0.030466
vn 0.000000 -0.093969 -0.034202
vn 0.000000 -0.088675 -0.046225
vn 0.000000 -0.086603 -0.050000
vn 0.000000 -0.079519 -0.060636
vn 0.000000 -0.076604 -0.064279
vn 0.000000 -0.068045 -0.073279
vn 0.000000 -0.064279 -0.076604
vn 0.000000 -0.054588 -0.083786
vn 0.000000 -0.050000 -0.086603
vn 0.000000 -0.039539 -0.091851
vn 0.000000 -0.034202 -0.093969
vn 0.000000 -0.023338 -0.097239
vn 0.000000 -0.017365 -0.098481
vn 0.000000 -0.011750 -0.099307
vn 0.000000 -0.000000 -0.100000
vn 0.000000 -0.000000 -0.100000
vn -0.100000 0.000000 0.000000
vn -0.100000 0.000000 0.000000
vn -0.100000 0.000000 0.000000
vn -0.100000 0.000000 0.000000
vn -0.100000 0.000000 0.000000
vn -0.100000 0.000000 0.000000
vn -0.100000 0.000000 0.000000
vn -0.100000 0.000000 0.000000
vn -0.100000 0.000000 0.000000
vn -0.100000 0.000000 0.000000
vn -0.100000 0.000000 0.000000
vn -0.100000 0.000000 0.000000
vn -0.100000 0.000000 0.000000
vn -0.100000 0.000000 0.000000
vn -0.100000 0.000000 0.000000
vn -0.100000 0.000000 0.000000
vn -0.100000 0.000000 0.000000
vn -0.100000 0.000000 0.000000
vn -0.100000 0.000000 0.000000
vn -0.100000 0.000000 0.000000
vn -0.100000 0.000000 0.000000
vn -0.100000 0.000000 0.000000
vn -0.100000 0.000000 0.000000
vn -0.100000 0.000000 0.000000
vn -0.100000 0.000000 0.000000
vn -0.100000 0.000000 0.000000
vn -0.100000 0.000000 0.000000
vn -0.100000 0.000000 0.000000
vn -0.100000 0.000000 0.000000
vn -0.100000 0.000000 0.000000
vn -0.100000 0.000000 0.000000
vn -0.100000 0.000000 0.000000
vn -0.100000 0.000000 0.000000
vn -0.100000 0.000000 0.000000
vn -0.100000 0.000000 0.000000
vn -0.100000 0.000000 0.000000
vn -0.100000 0.000000 0.000000
vn -0.100000 0.000000 0.000000
vn -0.100000 0.000000 0.000000
vn 0.100000 0.000000 0.000000
vn 0.100000 0.000000 0.000000
vn 0.100000 0.000000 0.000000
vn 0.100000 0.000000 0.000000
vn 0.100000 0.000000 0.000000
vn 0.100000 0.000000 0.000000
vn 0.100000 0.000000 0.000000
vn 0.100000 0.000000 0.000000
vn 0.100000 0.000000 0.000000
vn 0.100000 0.000000 0.000000
vn 0.100000 0.000000 0.000000
vn 0.100000 0.000000 0.000000
vn 0.100000 0.000000 0.000000
vn 0.100000 0.000000 0.000000
vn 0.100000 0.000000 0.000000
vn 0.100000 0.000000 0.000000
vn 0.100000 0.000000 0.000000
vn 0.100000 0.000000 0.000000
vn 0.100000 0.000000 0.000000
vn 0.100000 0.000000 0.000000
vn 0.100000 0.000000 0.000000
vn 0.100000 0.000000 0.000000
vn 0.100000 0.000000 0.000000
vn 0.100000 0.000000 0.000000
vn 0.100000 0.000000 0.000000
vn 0.100000 0.000000 0.000000
vn 0.100000 0.000000 0.000000
vn 0.100000 0.000000 0.000000
vn 0.100000 0.000000 0.000000
vn 0.100000 0.000000 0.000000
vn 0.100000 0.000000 0.000000
vn 0.100000 0.000000 0.000000
vn 0.100000 0.000000 0.000000
vn 0.100000 0.000000 0.000000
vn 0.100000 0.000000 0.000000
vn 0.100000 0.000000 0.000000
vn 0.100000 0.000000 0.000000
vn 0.100000 0.000000 0.000000
vn 0.100000 0.000000 0.000000
vn 0.000000 -0.100000 0.000000
vn 0.000000 -0.100000 0.000000
vn 0.000000 -0.100000 0.000000
vn 0.000000 -0.100000 0.000000
vn 0.000000 -0.100000 0.000000
vn 0.000000 -0.100000 0.000000
vn 0.000000 -0.100000 0.000000
vn 0.000000 -0.100000 0.000000
vn -0.100000 0.000000 0.000000
vn -0.100000 0.000000 0.000000
vn -0.100000 0.000000 0.000000
vn -0.100000 0.000000 0.000000
vn -0.100000 0.000000 0.000000
vn -0.100000 0.000000 0.000000
vn -0.100000 0.000000 0.000000
vn -0.100000 0.000000 0.000000
vn -0.100000 0.000000 0.000000
vn -0.100000 0.000000 0.000000
vn -0.100000 0.000000 0.000000
vn -0.100000 0.000000 0.000000
vn -0.100000 0.000000 0.000000
vn -0.100000 0.000000 0.000000
vn -0.100000 0.000000 0.000000
vn -0.100000 0.000000 0.000000
vn -0.100000 0.000000 0.000000
vn -0.100000 0.000000 0.000000
vn -0.100000 0.000000 0.000000
vn -0.100000 0.000000 0.000000
vn -0.100000 0.000000 0.000000
vn -0.100000 0.000000 0.000000
vn -0.100000 0.000000 0.000000
vn -0.100000 0.000000 0.000000
vn -0.100000 0.000000 0.000000
vn -0.100000 0.000000 0.000000
vn -0.100000 0.000000 0.000000
vn -0.100000 0.000000 0.000000
vn -0.100000 0.000000 0.000000
vn -0.100000 0.000000 0.000000
vn -0.100000 0.000000 0.000000
vn -0.100000 0.000000 0.000000
vn -0.100000 0.000000 0.000000
vn -0.100000 0.000000 0.000000
vn -0.100000 0.000000 0.000000
vn -0.100000 0.000000 0.000000
vn -0.100000 0.000000 0.000000
vn -0.100000 0.000000 0.000000
vn -0.100000 0.000000 0.000000
vn -0.100000 0.000000 0.000000
vn -0.070711 0.000000 0.070711
vn -0.070711 0.000000 0.070711
vn -0.070711 0.000000 0.070711
vn -0.070711 0.000000 0.070711
vn -0.070711 0.000000 0.070711
vn 0.070711 0.000000 0.070711
vn 0.070711 0.000000 0.070711
vn 0.070711 0.000000 0.070711
vn 0.070711 0.000000 0.070711
vn 0.070711 0.000000 0.070711
vn 0.100000 0.000000 0.000000
vn 0.100000 0.000000 0.000000
vn 0.100000 0.000000 0.000000
vn 0.100000 0.000000 0.000000
vn -0.000000 0.100000 -0.000000
vn -0.000000 0.100000 -0.000000
vn -0.000000 0.100000 -0.000000
vn -0.000000 0.100000 -0.000000
vn -0.000000 0.100000 -0.000000
vn -0.070711 0.000000 0.070711
vn -0.070711 0.000000 0.070711
vn -0.070711 0.000000 0.070711
vn -0.070711 0.000000 0.070711
vn 0.070711 0.000000 0.070711
vn 0.070711 0.000000 0.070711
vn 0.070711 0.000000 0.070711
vn 0.070711 0.000000 0.070711
vn 0.000000 -0.100000 0.000000
vn 0.000000 -0.100000 0.000000
vn 0.000000 -0.100000 0.000000
vn 0.000000 -0.100000 0.000000
vn 0.000000 -0.100000 0.000000
vn -0.100000 0.000000 0.000000
vn -0.100000 0.000000 0.000000
vn -0.100000 0.000000 0.000000
vn -0.100000 0.000000 0.000000
vn 0.000000 -0.100000 0.000000
vn 0.000000 -0.100000 0.000000
vn 0.000000 -0.100000 0.000000
vn 0.000000 -0.100000 0.000000
vn 0.000000 -0.100000 0.000000
vn 0.000000 -0.100000 0.000000
vn 0.100000 0.000000 0.000000
vn 0.100000 0.000000 0.000000
vn 0.100000 0.000000 0.000000
vn 0.100000 0.000000 0.000000
vn 0.100000 0.000000 0.000000
vn 0.100000 0.000000 0.000000
vn 0.100000 0.000000 0.000000
vn 0.100000 0.000000 0.000000
vn 0.100000 0.000000 0.000000
vn 0.100000 0.000000 0.000000
vn 0.100000 0.000000 0.000000
vn 0.100000 0.000000 0.000000
vn 0.100000 0.000000 0.000000
vn 0.100000 0.000000 0.000000
vn 0.100000 0.000000 0.000000
vn 0.100000 0.000000 0.000000
vn 0.100000 0.000000 0.000000
vn 0.100000 0.000000 0.000000
vn 0.100000 0.000000 0.000000
vn 0.100000 0.000000 0.000000
vn 0.100000 0.000000 0.000000
vn 0.100000 0.000000 0.000000
vn 0.100000 0.000000 0.000000
vn 0.100000 0.000000 0.000000
vn 0.100000 0.000000 0.000000
vn 0.100000 0.000000 0.000000
vn 0.100000 0.000000 0.000000
vn 0.100000 0.000000 0.000000
vn 0.100000 0.000000 0.000000
vn 0.100000 0.000000 0.000000
vn 0.100000 0.000000 0.000000
vn 0.100000 0.000000 0.000000
vn 0.100000 0.000000 0.000000
vn 0.100000 0.000000 0.000000
vn 0.100000 0.000000 0.000000
vn 0.100000 0.000000 0.000000
vn 0.100000 0.000000 0.000000
vn 0.100000 0.000000 0.000000
vn 0.100000 0.000000 0.000000
vn 0.100000 0.000000 0.000000
vn 0.000000 -0.100000 0.000000
vn 0.000000 -0.100000 0.000000
vn 0.000000 -0.100000 0.000000
vn 0.000000 -0.100000 0.000000
vn 0.000000 -0.100000 0.000000
vn -0.100000 0.000000 0.000000
vn -0.100000 0.000000 0.000000
vn -0.100000 0.000000 0.000000
vn -0.100000 0.000000 0.000000
vn 0.000000 -0.100000 0.000000
vn 0.000000 -0.100000 0.000000
vn 0.000000 -0.100000 0.000000
vn 0.000000 -0.100000 0.000000
vn 0.000000 -0.100000 0.000000
vn 0.070711 0.000000 0.070711
vn 0.070711 0.000000 0.070711
vn 0.070711 0.000000 0.070711
vn 0.070711 0.000000 0.070711
vn -0.070711 0.000000 0.070711
vn -0.070711 0.000000 0.070711
vn -0.070711 0.000000 0.070711
vn -0.070711 0.000000 0.070711
vn -0.000000 0.100000 -0.000000
vn -0.000000 0.100000 -0.000000
vn -0.000000 0.100000 -0.000000
vn -0.000000 0.100000 -0.000000
vn -0.000000 0.100000 -0.000000
vn 0.100000 0.000000 0.000000
vn 0.100000 0.000000 0.000000
vn 0.100000 0.000000 0.000000
vn 0.100000 0.000000 0.000000
vn 0.000000 -0.100000 0.000000
vn 0.000000 -0.100000 0.000000
vn 0.000000 -0.100000 0.000000
vn 0.000000 -0.100000 0.000000
vn 0.000000 -0.100000 0.000000
vn 0.000000 -0.100000 0.000000
vn 0.000000 -0.100000 0.000000
vn 0.000000 -0.100000 0.000000
vn 0.000000 -0.100000 0.000000
vn 0.000000 -0.100000 0.000000
vn 0.000000 -0.100000 0.000000
vn -0.100000 0.000000 0.000000
vn -0.100000 0.000000 0.000000
vn -0.100000 0.000000 0.000000
vn -0.100000 0.000000 0.000000
vn -0.100000 0.000000 0.000000
vn -0.100000 0.000000 0.000000
vn 0.100000 0.000000 0.000000
vn 0.100000 0.000000 0.000000
vn 0.100000 0.000000 0.000000
vn 0.100000 0.000000 0.000000
vn 0.000000 -0.100000 0.000000
vn 0.000000 -0.100000 0.000000
vn 0.000000 -0.100000 0.000000
vn 0.000000 -0.100000 0.000000
vn 0.000000 0.000000 0.100000
vn 0.000000 0.000000 0.100000
vn 0.000000 0.000000 0.100000
vn 0.000000 0.000000 0.100000
vn 0.000000 -0.078433 -0.062034
vn 0.000000 -0.078433 -0.062034
vn 0.000000 -0.078433 -0.062034
vn 0.000000 -0.078433 -0.062034
vn 0.078433 0.000000 -0.062034
vn 0.078433 0.000000 -0.062034
vn 0.078433 0.000000 -0.062034
vn 0.078433 0.000000 -0.062034
vn 0.000000 0.000000 0.100000
vn 0.000000 0.000000 0.100000
vn 0.000000 0.000000 0.100000
vn 0.000000 0.000000 0.100000
vn 0.000000 0.000000 0.100000
vn 0.000000 0.000000 0.100000
vn 0.000000 -0.100000 0.000000
vn 0.000000 -0.100000 0.000000
vn 0.100000 0.000000 0.000000
vn 0.100000 0.000000 0.000000
vn 0.100000 0.000000 0.000000
vn -0.100000 0.000000 0.000000
vn -0.100000 0.000000 0.000000
vn -0.100000 0.000000 0.000000
vn -0.094120 0.000000 -0.033785
vn -0.094120 0.000000 -0.033785
vn -0.094120 0.000000 -0.033785
vn -0.094120 0.000000 -0.033785
vn 0.000000 0.000000 0.100000
vn 0.000000 0.000000 0.100000
vn 0.000000 0.000000 0.100000
vn 0.000000 0.000000 0.100000
vn 0.000000 0.000000 0.100000
vn 0.000000 0.000000 0.100000
vn 0.000000 0.000000 0.100000
vn 0.000000 -0.100000 0.000000
vn 0.000000 -0.100000 0.000000
vn 0.000000 -0.100000 0.000000
vn 0.000000 -0.100000 0.000000
vn 0.000000 -0.100000 0.000000
vn 0.000000 -0.100000 0.000000
vn 0.000000 0.000000 0.100000
vn 0.000000 0.000000 0.100000
vn 0.000000 0.000000 0.100000
vn 0.000000 0.000000 0.100000
vn 0.000000 0.000000 0.100000
vn 0.000000 0.000000 0.100000
vn 0.000000 0.000000 0.100000
vn 0.000000 0.000000 0.100000
vn 0.000000 0.000000 0.100000
vn 0.000000 0.000000 0.100000
vn 0.000000 0.000000 0.100000
vn 0.000000 0.000000 0.100000
usemtl Polymide_(Kapton)
f 1/1/1 2/2/2 6/3/3
f 6/3/3 2/2/2 5/4/4
f 5/4/4 2/2/2 4/5/5
f 4/5/5 2/2/2 3/6/6
f 8/7/7 9/8/8 7/9/9
f 7/9/9 9/8/8 11/10/10
f 11/10/10 9/8/8 10/11/11
f 13/12/12 24/13/13 12/14/14
f 12/14/14 24/13/13 17/15/15
f 12/14/14 17/15/15 18/16/16
f 14/17/17 22/18/18 13/12/12
f 13/12/12 22/18/18 23/19/19
f 13/12/12 23/19/19 24/13/13
f 22/18/18 14/17/17 21/20/20
f 21/20/20 14/17/17 15/21/21
f 21/20/20 15/21/21 20/22/22
f 20/22/22 15/21/21 12/14/14
f 20/22/22 12/14/14 19/23/23
f 19/23/23 12/14/14 18/16/16
f 16/24/24 17/15/15 24/13/13
f 26/25/25 34/26/26 25/27/27
f 25/27/27 34/26/26 35/28/28
f 25/27/27 35/28/28 36/29/29
f 27/30/30 29/31/31 26/25/25
f 26/25/25 29/31/31 30/32/32
f 26/25/25 30/32/32 31/33/33
f 29/31/31 27/30/30 37/34/34
f 37/34/34 27/30/30 28/35/35
f 37/34/34 28/35/35 36/29/29
f 36/29/29 28/35/35 25/27/27
f 31/33/33 32/36/36 26/25/25
f 26/25/25 32/36/36 34/26/26
f 32/36/36 33/37/37 34/26/26
f 39/38/38 40/39/39 38/40/40
f 38/40/40 40/39/39 41/41/41
f 43/42/42 41/43/43 42/44/44
f 42/44/44 41/43/43 40/45/45
f 45/46/46 46/47/47 44/48/48
f 44/48/48 46/47/47 47/49/49
f 44/48/48 47/49/49 49/50/50
f 49/50/50 47/49/49 48/51/51
f 41/52/52 61/53/53 38/54/54
f 38/54/54 61/53/53 50/55/55
f 38/54/54 50/55/55 48/56/56
f 48/56/56 50/55/55 51/57/57
f 48/56/56 51/57/57 52/58/58
f 43/59/59 56/60/60 41/52/52
f 41/52/52 56/60/60 57/61/61
f 41/52/52 57/61/61 58/62/62
f 56/60/60 43/59/59 53/63/63
f 53/63/63 43/59/59 49/64/64
f 53/63/63 49/64/64 52/58/58
f 52/58/58 49/64/64 48/56/56
f 54/65/65 55/66/66 53/63/63
f 53/63/63 55/66/66 56/60/60
f 58/62/62 59/67/67 41/52/52
f 41/52/52 59/67/67 60/68/68
f 41/52/52 60/68/68 61/53/53
f 62/69/69 63/70/70 61/53/53
f 61/53/53 63/70/70 50/55/55
f 64/71/71 65/72/72 67/73/73
f 67/73/73 65/72/72 66/74/74
f 68/75/75 69/76/76 71/77/77
f 71/77/77 69/76/76 70/78/78
f 73/79/79 76/80/80 72/81/81
f 72/81/81 76/80/80 77/82/82
f 72/81/81 77/82/82 75/83/83
f 75/83/83 77/82/82 78/84/84
f 75/83/83 78/84/84 79/85/85
f 74/86/86 80/87/87 73/79/79
f 73/79/79 80/87/87 81/88/88
f 73/79/79 81/88/88 76/80/80
f 80/87/87 74/86/86 79/85/85
f 79/85/85 74/86/86 75/83/83
f 83/89/89 84/90/90 82/91/91
f 82/91/91 84/90/90 85/92/92
f 82/91/91 85/92/92 86/93/93
f 87/94/94 88/95/95 90/96/96
f 90/96/96 88/95/95 89/97/97
f 78/98/98 77/99/99 92/100/100
f 92/100/100 77/99/99 91/101/101
f 128/102/102 93/103/103 131/104/104
f 131/104/104 93/103/103 94/105/105
f 131/104/104 94/105/105 95/106/106
f 95/106/106 96/107/107 131/104/104
f 131/104/104 96/107/107 97/108/108
f 131/104/104 97/108/108 63/109/109
f 63/109/109 97/108/108 98/110/110
f 63/109/109 98/110/110 99/111/111
f 99/111/111 100/112/112 63/109/109
f 63/109/109 100/112/112 101/113/113
f 63/109/109 101/113/113 73/114/114
f 73/114/114 101/113/113 133/115/115
f 133/115/115 101/113/113 102/116/116
f 133/115/115 102/116/116 103/117/117
f 103/117/117 104/118/118 133/115/115
f 133/115/115 104/118/118 105/119/119
f 133/115/115 105/119/119 106/120/120
f 106/120/120 107/121/121 133/115/115
f 133/115/115 107/121/121 108/122/122
f 133/115/115 108/122/122 109/123/123
f 109/123/123 110/124/124 133/115/115
f 133/115/115 110/124/124 111/125/125
f 133/115/115 111/125/125 112/126/126
f 133/115/115 112/126/126 22/127/127
f 22/127/127 112/126/126 113/128/128
f 22/127/127 113/128/128 114/129/129
f 114/129/129 115/130/130 22/127/127
f 22/127/127 115/130/130 116/131/131
f 22/127/127 116/131/131 117/132/132
f 117/132/132 118/133/133 22/127/127
f 22/127/127 118/133/133 119/134/134
f 22/127/127 119/134/134 23/135/135
f 23/135/135 119/134/134 120/136/136
f 23/135/135 120/136/136 121/137/137
f 121/137/137 122/138/138 23/135/135
f 23/135/135 122/138/138 123/139/139
f 23/135/135 123/139/139 124/140/140
f 124/140/140 125/141/141 23/135/135
f 23/135/135 125/141/141 126/142/142
f 23/135/135 126/142/142 127/143/143
f 127/143/143 128/102/102 23/135/135
f 23/135/135 128/102/102 131/104/104
f 23/135/135 131/104/104 132/144/144
f 134/145/145 129/146/146 135/147/147
f 135/147/147 129/146/146 130/148/148
f 135/147/147 130/148/148 62/149/149
f 62/149/149 130/148/148 131/104/104
f 62/149/149 131/104/104 63/109/109
f 72/150/150 90/151/151 73/114/114
f 73/114/114 90/151/151 89/152/152
f 73/114/114 89/152/152 63/109/109
f 90/151/151 72/150/150 135/147/147
f 135/147/147 72/150/150 134/145/145
f 136/153/153 137/154/154 83/155/155
f 83/155/155 137/154/154 84/156/156
f 71/157/157 60/158/158 68/159/159
f 68/159/159 60/158/158 59/160/160
f 68/159/159 59/160/160 141/161/161
f 141/161/161 59/160/160 58/162/162
f 141/161/161 58/162/162 140/163/163
f 140/163/163 58/162/162 65/164/164
f 65/164/164 58/162/162 57/165/165
f 65/164/164 57/165/165 66/166/166
f 66/166/166 57/165/165 142/167/167
f 66/166/166 142/167/167 143/168/168
f 60/158/158 71/157/157 145/169/169
f 145/169/169 71/157/157 138/170/170
f 145/169/169 138/170/170 144/171/171
f 144/171/171 138/170/170 139/172/172
f 144/171/171 139/172/172 143/168/168
f 143/168/168 139/172/172 66/166/166
f 139/173/173 146/174/174 66/175/175
f 66/175/175 146/174/174 67/176/176
f 138/177/177 147/178/178 139/179/179
f 139/179/179 147/178/178 146/180/180
f 71/181/181 70/182/182 138/183/183
f 138/183/183 70/182/182 147/184/184
f 62/185/185 61/186/186 135/187/187
f 135/187/187 61/186/186 148/188/188
f 76/189/189 81/190/190 87/191/191
f 87/191/191 81/190/190 88/192/192
f 87/191/193 91/193/194 76/194/195
f 76/194/195 91/193/194 77/195/196
f 137/196/197 136/197/198 55/198/199
f 55/198/199 136/197/198 56/199/200
f 43/200/201 42/201/202 49/202/203
f 49/202/203 42/201/202 44/203/204
f 46/204/205 130/205/206 149/206/207
f 149/206/207 130/205/206 129/207/208
f 149/206/207 129/207/208 134/208/209
f 45/209/210 156/210/211 46/204/205
f 46/204/205 156/210/211 157/211/212
f 46/204/205 157/211/212 158/212/213
f 150/213/214 153/214/215 45/209/210
f 45/209/210 153/214/215 155/215/216
f 45/209/210 155/215/216 156/210/211
f 151/216/217 152/217/218 150/213/214
f 150/213/214 152/217/218 153/214/215
f 153/214/215 154/218/219 155/215/216
f 131/219/220 130/205/206 158/212/213
f 158/212/213 130/205/206 46/204/205
f 45/220/221 159/221/222 150/222/223
f 150/222/223 159/221/222 65/223/224
f 150/222/223 65/223/224 64/224/225
f 45/220/221 44/225/226 159/221/222
f 61/226/227 60/227/228 148/228/229
f 148/228/229 60/227/228 145/229/230
f 148/228/229 145/229/230 87/230/191
f 83/231/231 143/232/232 136/233/233
f 136/233/233 143/232/232 142/234/234
f 136/233/233 142/234/234 56/235/235
f 56/235/235 142/234/234 57/236/236
f 83/231/231 144/237/237 143/232/232
f 55/238/238 153/239/239 137/240/240
f 137/240/240 153/239/239 152/241/241
f 137/240/240 152/241/241 151/242/242
f 153/239/239 55/238/238 154/243/243
f 154/243/243 55/238/238 54/244/244
f 154/243/243 54/244/244 194/245/245
f 194/245/245 54/244/244 193/246/246
f 193/246/246 54/244/244 192/247/247
f 192/247/247 54/244/244 191/248/248
f 191/248/248 54/244/244 190/249/249
f 190/249/249 54/244/244 74/250/250
f 190/249/249 74/250/250 160/251/251
f 54/244/244 85/252/252 74/250/250
f 74/250/250 85/252/252 84/253/253
f 74/250/250 84/253/253 75/254/254
f 75/254/254 84/253/253 137/240/240
f 75/254/254 137/240/240 151/242/242
f 36/255/255 179/256/256 160/251/251
f 160/251/251 179/256/256 180/257/257
f 160/251/251 180/257/257 181/258/258
f 35/259/259 172/260/260 36/255/255
f 36/255/255 172/260/260 173/261/261
f 36/255/255 173/261/261 174/262/262
f 161/263/263 154/243/243 35/259/259
f 35/259/259 154/243/243 163/264/264
f 35/259/259 163/264/264 164/265/265
f 197/266/266 162/267/267 154/243/243
f 154/243/243 162/267/267 163/264/264
f 164/265/265 165/268/268 35/259/259
f 35/259/259 165/268/268 166/269/269
f 35/259/259 166/269/269 167/270/270
f 167/270/270 168/271/271 35/259/259
f 35/259/259 168/271/271 169/272/272
f 35/259/259 169/272/272 170/273/273
f 170/273/273 171/274/274 35/259/259
f 35/259/259 171/274/274 172/260/260
f 174/262/262 175/275/275 36/255/255
f 36/255/255 175/275/275 176/276/276
f 36/255/255 176/276/276 177/277/277
f 177/277/277 178/278/278 36/255/255
f 36/255/255 178/278/278 179/256/256
f 181/258/258 182/279/279 160/251/251
f 160/251/251 182/279/279 183/280/280
f 160/251/251 183/280/280 184/281/281
f 184/281/281 185/282/282 160/251/251
f 160/251/251 185/282/282 186/283/283
f 160/251/251 186/283/283 187/284/284
f 187/284/284 188/285/285 160/251/251
f 160/251/251 188/285/285 189/286/286
f 160/251/251 189/286/286 190/249/249
f 194/245/245 195/287/287 154/243/243
f 154/243/243 195/287/287 196/288/288
f 154/243/243 196/288/288 197/266/266
f 199/289/289 216/290/290 198/291/291
f 198/291/291 216/290/290 217/292/292
f 198/291/291 217/292/292 218/293/293
f 200/294/294 208/295/295 199/289/289
f 199/289/289 208/295/295 209/296/296
f 199/289/289 209/296/296 210/297/297
f 201/298/298 202/299/299 200/294/294
f 200/294/294 202/299/299 203/300/300
f 200/294/294 203/300/300 204/301/301
f 204/301/301 205/302/302 200/294/294
f 200/294/294 205/302/302 206/303/303
f 200/294/294 206/303/303 207/304/304
f 207/304/304 208/295/295 200/294/294
f 210/297/297 211/305/305 199/289/289
f 199/289/289 211/305/305 212/306/306
f 199/289/289 212/306/306 213/307/307
f 213/307/307 214/308/308 199/289/289
f 199/289/289 214/308/308 215/309/309
f 199/289/289 215/309/309 216/290/290
f 218/293/293 219/310/310 198/291/291
f 198/291/291 219/310/310 220/311/311
f 198/291/291 220/311/311 221/312/312
f 221/312/312 222/313/313 198/291/291
f 198/291/291 222/313/313 223/314/314
f 198/291/291 223/314/314 224/315/315
f 198/291/291 224/315/315 232/316/316
f 232/316/316 224/315/315 225/317/317
f 232/316/316 225/317/317 226/318/318
f 226/318/318 227/319/319 232/316/316
f 232/316/316 227/319/319 228/320/320
f 232/316/316 228/320/320 229/321/321
f 229/321/321 230/322/322 232/316/316
f 232/316/316 230/322/322 231/323/323
f 234/324/324 207/325/325 233/326/326
f 233/327/326 207/328/325 206/329/327
f 233/327/326 206/329/327 268/330/328
f 268/330/328 206/329/327 205/331/329
f 268/330/328 205/331/329 267/332/330
f 267/332/330 205/331/329 204/333/331
f 267/332/330 204/333/331 266/334/332
f 266/334/332 204/333/331 203/335/333
f 266/334/332 203/335/333 265/336/334
f 265/336/334 203/335/333 202/337/335
f 265/336/334 202/337/335 264/338/336
f 264/338/336 202/337/335 201/339/337
f 264/338/336 201/339/337 263/340/338
f 263/340/338 201/339/337 269/341/339
f 263/340/338 269/341/339 262/342/340
f 262/342/340 269/341/339 270/343/341
f 262/342/340 270/343/341 271/344/342
f 207/325/325 234/324/324 208/345/343
f 208/345/343 234/324/324 235/346/344
f 208/345/343 235/346/344 209/347/345
f 209/347/345 235/346/344 236/348/346
f 209/347/345 236/348/346 210/349/347
f 210/349/347 236/348/346 237/350/348
f 210/349/347 237/350/348 211/351/349
f 211/351/349 237/350/348 238/352/350
f 211/351/349 238/352/350 212/353/351
f 212/353/351 238/352/350 239/354/352
f 212/353/351 239/354/352 213/355/353
f 213/355/353 239/354/352 240/356/354
f 213/355/353 240/356/354 214/357/355
f 214/357/355 240/356/354 241/358/356
f 214/357/355 241/358/356 215/359/357
f 215/359/357 241/358/356 242/360/358
f 215/359/357 242/360/358 216/361/359
f 216/361/359 242/360/358 217/362/360
f 217/362/360 242/360/358 243/363/361
f 217/362/360 243/363/361 218/364/362
f 218/364/362 243/363/361 244/365/363
f 218/364/362 244/365/363 219/366/364
f 219/366/364 244/365/363 245/367/365
f 219/366/364 245/367/365 220/368/366
f 220/368/366 245/367/365 246/369/367
f 220/368/366 246/369/367 221/370/368
f 221/370/368 246/369/367 247/371/369
f 221/370/368 247/371/369 222/372/370
f 222/372/370 247/371/369 248/373/371
f 222/372/370 248/373/371 223/374/372
f 223/374/372 248/373/371 249/375/373
f 223/374/372 249/375/373 224/376/374
f 224/376/374 249/375/373 250/377/375
f 224/376/374 250/377/375 225/378/376
f 225/378/376 250/377/375 251/379/377
f 225/378/376 251/379/377 226/380/378
f 226/380/378 251/379/377 252/381/379
f 226/380/378 252/381/379 227/382/380
f 227/382/380 252/381/379 253/383/381
f 227/382/380 253/383/381 228/384/382
f 228/384/382 253/383/381 254/385/383
f 228/384/382 254/385/383 229/386/384
f 229/386/384 254/385/383 255/387/385
f 229/386/384 255/387/385 230/388/386
f 230/388/386 255/387/385 256/389/387
f 230/388/386 256/389/387 231/390/388
f 231/390/388 256/389/387 257/391/389
f 231/390/388 257/391/389 281/392/390
f 281/392/390 257/391/389 258/393/391
f 281/392/390 258/393/391 280/394/392
f 280/394/392 258/393/391 279/395/393
f 279/395/393 258/393/391 259/396/394
f 279/395/393 259/396/394 278/397/395
f 278/397/395 259/396/394 277/398/396
f 277/398/396 259/396/394 276/399/397
f 276/399/397 259/396/394 260/400/398
f 276/399/397 260/400/398 275/401/399
f 275/401/399 260/400/398 274/402/400
f 274/402/400 260/400/398 261/403/401
f 274/402/400 261/403/401 273/404/402
f 273/404/402 261/403/401 272/405/403
f 272/405/403 261/403/401 271/344/342
f 271/344/342 261/403/401 262/342/340
f 199/406/404 282/407/405 200/408/406
f 200/408/406 282/407/405 283/409/407
f 200/408/406 283/409/407 284/410/408
f 286/411/409 303/412/410 285/413/411
f 285/413/411 303/412/410 304/414/412
f 285/413/411 304/414/412 305/415/413
f 287/416/414 295/417/415 286/411/409
f 286/411/409 295/417/415 296/418/416
f 286/411/409 296/418/416 297/419/417
f 288/420/418 289/421/419 287/416/414
f 287/416/414 289/421/419 290/422/420
f 287/416/414 290/422/420 291/423/421
f 291/423/421 292/424/422 287/416/414
f 287/416/414 292/424/422 293/425/423
f 287/416/414 293/425/423 294/426/424
f 294/426/424 295/417/415 287/416/414
f 297/419/417 298/427/425 286/411/409
f 286/411/409 298/427/425 299/428/426
f 286/411/409 299/428/426 300/429/427
f 300/429/427 301/430/428 286/411/409
f 286/411/409 301/430/428 302/431/429
f 286/411/409 302/431/429 303/412/410
f 305/415/413 306/432/430 285/413/411
f 285/413/411 306/432/430 307/433/431
f 285/413/411 307/433/431 308/434/432
f 308/434/432 309/435/433 285/413/411
f 285/413/411 309/435/433 310/436/434
f 285/413/411 310/436/434 311/437/435
f 285/413/411 311/437/435 319/438/436
f 319/438/436 311/437/435 312/439/437
f 319/438/436 312/439/437 313/440/438
f 313/440/438 314/441/439 319/438/436
f 319/438/436 314/441/439 315/442/440
f 319/438/436 315/442/440 316/443/441
f 316/443/441 317/444/442 319/438/436
f 319/438/436 317/444/442 318/445/443
f 321/446/444 313/447/445 320/448/446
f 320/449/446 313/450/445 312/451/447
f 320/449/446 312/451/447 355/452/448
f 355/452/448 312/451/447 311/453/449
f 355/452/448 311/453/449 354/454/450
f 354/454/450 311/453/449 310/455/451
f 354/454/450 310/455/451 353/456/452
f 353/456/452 310/455/451 309/457/453
f 353/456/452 309/457/453 352/458/454
f 352/458/454 309/457/453 308/459/455
f 352/458/454 308/459/455 351/460/456
f 351/460/456 308/459/455 307/461/457
f 351/460/456 307/461/457 350/462/458
f 350/462/458 307/461/457 306/463/459
f 350/462/458 306/463/459 349/464/460
f 349/464/460 306/463/459 305/465/461
f 349/464/460 305/465/461 348/466/462
f 348/466/462 305/465/461 304/467/463
f 348/466/462 304/467/463 347/468/464
f 347/468/464 304/467/463 303/469/465
f 347/468/464 303/469/465 302/470/466
f 313/447/445 321/446/444 314/471/467
f 314/471/467 321/446/444 322/472/468
f 314/471/467 322/472/468 315/473/469
f 315/473/469 322/472/468 323/474/470
f 315/473/469 323/474/470 316/475/471
f 316/475/471 323/474/470 324/476/472
f 316/475/471 324/476/472 317/477/473
f 317/477/473 324/476/472 325/478/474
f 317/477/473 325/478/474 318/479/475
f 318/479/475 325/478/474 326/480/476
f 318/479/475 326/480/476 368/481/477
f 368/481/477 326/480/476 327/482/478
f 368/481/477 327/482/478 367/483/479
f 367/483/479 327/482/478 366/484/480
f 366/484/480 327/482/478 328/485/481
f 366/484/480 328/485/481 365/486/482
f 365/486/482 328/485/481 364/487/483
f 364/487/483 328/485/481 363/488/484
f 363/488/484 328/485/481 329/489/485
f 363/488/484 329/489/485 362/490/486
f 362/490/486 329/489/485 361/491/487
f 361/491/487 329/489/485 330/492/488
f 361/491/487 330/492/488 360/493/489
f 360/493/489 330/492/488 359/494/490
f 359/494/490 330/492/488 358/495/491
f 358/495/491 330/492/488 331/496/492
f 358/495/491 331/496/492 357/497/493
f 357/497/493 331/496/492 356/498/494
f 356/498/494 331/496/492 332/499/495
f 356/498/494 332/499/495 288/500/496
f 288/500/496 332/499/495 333/501/497
f 288/500/496 333/501/497 289/502/498
f 289/502/498 333/501/497 334/503/499
f 289/502/498 334/503/499 290/504/500
f 290/504/500 334/503/499 335/505/501
f 290/504/500 335/505/501 291/506/502
f 291/506/502 335/505/501 336/507/503
f 291/506/502 336/507/503 292/508/504
f 292/508/504 336/507/503 337/509/505
f 292/508/504 337/509/505 293/510/506
f 293/510/506 337/509/505 338/511/507
f 293/510/506 338/511/507 294/512/508
f 294/512/508 338/511/507 339/513/509
f 294/512/508 339/513/509 295/514/510
f 295/514/510 339/513/509 340/515/511
f 295/514/510 340/515/511 296/516/512
f 296/516/512 340/515/511 341/517/513
f 296/516/512 341/517/513 297/518/514
f 297/518/514 341/517/513 342/519/515
f 297/518/514 342/519/515 298/520/516
f 298/520/516 342/519/515 343/521/517
f 298/520/516 343/521/517 299/522/518
f 299/522/518 343/521/517 344/523/519
f 299/522/518 344/523/519 300/524/520
f 300/524/520 344/523/519 345/525/521
f 300/524/520 345/525/521 301/526/522
f 301/526/522 345/525/521 346/527/523
f 301/526/522 346/527/523 302/470/466
f 302/470/466 346/527/523 347/468/464
f 286/528/524 156/529/525 287/530/526
f 287/530/526 156/529/525 10/531/527
f 10/531/527 156/529/525 155/532/528
f 10/531/527 155/532/528 11/533/529
f 282/534/530 199/535/531 4/536/532
f 4/536/532 199/535/531 198/537/533
f 4/536/532 198/537/533 157/538/534
f 156/539/535 51/540/536 157/538/534
f 157/538/534 51/540/536 5/541/537
f 157/538/534 5/541/537 4/536/532
f 286/542/538 370/543/539 156/539/535
f 156/539/535 370/543/539 371/544/540
f 156/539/535 371/544/540 52/545/541
f 52/545/541 371/544/540 74/546/542
f 52/545/541 74/546/542 379/547/543
f 379/547/543 74/546/542 73/548/544
f 379/547/543 73/548/544 378/549/545
f 378/549/545 73/548/544 51/540/536
f 51/540/536 73/548/544 5/541/537
f 286/542/538 285/550/546 370/543/539
f 370/543/539 285/550/546 369/551/547
f 372/552/548 373/553/549 371/544/540
f 371/544/540 373/553/549 160/554/550
f 371/544/540 160/554/550 74/546/542
f 373/553/549 374/555/551 160/554/550
f 73/548/544 133/556/552 5/541/537
f 5/541/537 133/556/552 376/557/553
f 5/541/537 376/557/553 377/558/554
f 133/556/552 375/559/555 376/557/553
f 52/545/541 51/540/536 156/539/535
f 285/560/556 319/561/557 369/562/558
f 369/562/558 319/561/557 381/563/559
f 381/563/559 319/561/557 380/564/560
f 380/565/561 362/566/562 9/567/563
f 9/567/563 362/566/562 361/568/564
f 9/567/563 361/568/564 360/569/565
f 319/570/566 366/571/567 380/565/561
f 380/565/561 366/571/567 365/572/568
f 380/565/561 365/572/568 364/573/569
f 318/574/570 368/575/571 319/570/566
f 319/570/566 368/575/571 367/576/572
f 319/570/566 367/576/572 366/571/567
f 364/573/569 363/577/573 380/565/561
f 380/565/561 363/577/573 362/566/562
f 360/569/565 359/578/574 9/567/563
f 9/567/563 359/578/574 358/579/575
f 9/567/563 358/579/575 10/580/576
f 10/580/576 358/579/575 357/581/577
f 10/580/576 357/581/577 356/582/578
f 288/583/579 287/584/580 356/582/578
f 356/582/578 287/584/580 10/580/576
f 198/585/581 232/586/582 157/587/583
f 157/587/583 232/586/582 382/588/584
f 157/587/583 382/588/584 158/589/585
f 158/589/585 382/588/584 383/590/586
f 382/591/587 279/592/588 384/593/589
f 384/593/589 279/592/588 278/594/590
f 384/593/589 278/594/590 277/595/591
f 232/596/592 281/597/593 382/591/587
f 382/591/587 281/597/593 280/598/594
f 382/591/587 280/598/594 279/592/588
f 232/596/592 231/599/595 281/597/593
f 277/595/591 276/600/596 384/593/589
f 384/593/589 276/600/596 275/601/597
f 384/593/589 275/601/597 284/602/598
f 284/602/598 275/601/597 274/603/599
f 284/602/598 274/603/599 273/604/600
f 273/604/600 272/605/601 284/602/598
f 284/602/598 272/605/601 271/606/602
f 284/602/598 271/606/602 200/607/603
f 200/607/603 271/606/602 270/608/604
f 200/607/603 270/608/604 269/609/605
f 269/609/605 201/610/606 200/607/603
f 371/611/607 385/612/608 372/613/609
f 372/613/609 385/612/608 386/614/610
f 7/615/611 385/616/612 8/617/613
f 8/617/613 385/616/612 371/618/614
f 8/617/613 371/618/614 370/619/615
f 370/619/615 387/620/616 8/617/613
f 5/621/617 377/622/618 6/623/619
f 6/623/619 377/622/618 388/624/620
f 383/625/621 1/626/622 158/627/623
f 158/627/623 1/626/622 6/628/624
f 158/627/623 6/628/624 131/629/625
f 131/629/625 6/628/624 132/630/626
f 132/630/626 6/628/624 388/631/627
f 197/632/628 424/633/629 162/634/630
f 162/634/630 424/633/629 389/635/631
f 162/634/630 389/635/631 163/636/632
f 163/636/632 389/635/631 390/637/633
f 163/636/632 390/637/633 164/638/634
f 164/638/634 390/637/633 391/639/635
f 164/638/634 391/639/635 165/640/636
f 165/640/636 391/639/635 392/641/637
f 165/640/636 392/641/637 166/642/638
f 166/642/638 392/641/637 393/643/639
f 166/642/638 393/643/639 167/644/640
f 167/644/640 393/643/639 394/645/641
f 167/644/640 394/645/641 168/646/642
f 168/646/642 394/645/641 395/647/643
f 168/646/642 395/647/643 169/648/644
f 169/648/644 395/647/643 396/649/645
f 169/648/644 396/649/645 170/650/646
f 170/650/646 396/649/645 397/651/647
f 170/650/646 397/651/647 171/652/648
f 171/652/648 397/651/647 398/653/649
f 171/652/648 398/653/649 172/654/650
f 172/654/650 398/653/649 399/655/651
f 172/654/650 399/655/651 173/656/652
f 173/656/652 399/655/651 400/657/653
f 173/656/652 400/657/653 174/658/654
f 174/658/654 400/657/653 401/659/655
f 174/658/654 401/659/655 175/660/656
f 175/660/656 401/659/655 402/661/657
f 175/660/656 402/661/657 176/662/658
f 176/662/658 402/661/657 403/663/659
f 176/662/658 403/663/659 177/664/660
f 177/664/660 403/663/659 404/665/661
f 177/664/660 404/665/661 178/666/662
f 178/666/662 404/665/661 405/667/663
f 178/666/662 405/667/663 179/668/664
f 179/668/664 405/667/663 406/669/665
f 179/668/664 406/669/665 180/670/666
f 180/670/666 406/669/665 407/671/667
f 180/672/666 407/673/667 181/674/668
f 181/674/668 407/673/667 408/675/669
f 181/674/668 408/675/669 182/676/670
f 182/676/670 408/675/669 409/677/671
f 182/676/670 409/677/671 183/678/672
f 183/678/672 409/677/671 410/679/673
f 183/678/672 410/679/673 184/680/674
f 184/680/674 410/679/673 411/681/675
f 184/680/674 411/681/675 185/682/676
f 185/682/676 411/681/675 412/683/677
f 185/682/676 412/683/677 186/684/678
f 186/684/678 412/683/677 413/685/679
f 186/684/678 413/685/679 187/686/680
f 187/686/680 413/685/679 414/687/681
f 187/686/680 414/687/681 188/688/682
f 188/688/682 414/687/681 415/689/683
f 188/688/682 415/689/683 189/690/684
f 189/690/684 415/689/683 416/691/685
f 189/690/684 416/691/685 190/692/686
f 190/692/686 416/691/685 417/693/687
f 190/692/686 417/693/687 191/694/688
f 191/694/688 417/693/687 418/695/689
f 191/694/688 418/695/689 192/696/690
f 192/696/690 418/695/689 419/697/691
f 192/696/690 419/697/691 193/698/692
f 193/698/692 419/697/691 420/699/693
f 193/698/692 420/699/693 194/700/694
f 194/700/694 420/699/693 421/701/695
f 194/700/694 421/701/695 195/702/696
f 195/702/696 421/701/695 422/703/697
f 195/702/696 422/703/697 196/704/698
f 196/704/698 422/703/697 423/705/699
f 196/704/698 423/705/699 197/632/628
f 197/632/628 423/705/699 424/633/629
f 426/706/700 408/707/701 425/708/702
f 425/708/702 408/707/701 407/709/703
f 425/708/702 407/709/703 460/710/704
f 460/710/704 407/709/703 406/711/705
f 460/710/704 406/711/705 459/712/706
f 459/712/706 406/711/705 405/713/707
f 459/712/706 405/713/707 458/714/708
f 458/714/708 405/713/707 404/715/709
f 458/714/708 404/715/709 457/716/710
f 457/716/710 404/715/709 403/717/711
f 457/716/710 403/717/711 456/718/712
f 456/718/712 403/717/711 402/719/713
f 456/718/712 402/719/713 455/720/714
f 455/720/714 402/719/713 401/721/715
f 455/720/714 401/721/715 454/722/716
f 454/722/716 401/721/715 400/723/717
f 454/722/716 400/723/717 453/724/718
f 453/724/718 400/723/717 399/725/719
f 453/724/718 399/725/719 452/726/720
f 452/726/720 399/725/719 398/727/721
f 452/726/720 398/727/721 397/728/722
f 426/706/700 427/729/723 408/707/701
f 408/707/701 427/729/723 409/730/724
f 409/730/724 427/729/723 428/731/725
f 409/730/724 428/731/725 410/732/726
f 410/732/726 428/731/725 429/733/727
f 410/732/726 429/733/727 411/734/728
f 411/734/728 429/733/727 430/735/729
f 411/734/728 430/735/729 412/736/730
f 412/736/730 430/735/729 431/737/731
f 412/736/730 431/737/731 413/738/732
f 413/738/732 431/737/731 432/739/733
f 413/738/732 432/739/733 414/740/734
f 414/740/734 432/739/733 433/741/735
f 414/740/734 433/741/735 415/742/736
f 415/742/736 433/741/735 434/743/737
f 415/742/736 434/743/737 416/744/738
f 416/744/738 434/743/737 417/745/739
f 417/745/739 434/743/737 435/746/740
f 417/745/739 435/746/740 418/747/741
f 418/747/741 435/746/740 436/748/742
f 418/747/741 436/748/742 419/749/743
f 419/749/743 436/748/742 437/750/744
f 419/749/743 437/750/744 420/751/745
f 420/751/745 437/750/744 438/752/746
f 420/751/745 438/752/746 421/753/747
f 421/753/747 438/752/746 439/754/748
f 421/753/747 439/754/748 422/755/749
f 422/755/749 439/754/748 440/756/750
f 422/755/749 440/756/750 423/757/751
f 423/757/751 440/756/750 441/758/752
f 423/757/751 441/758/752 424/759/753
f 424/759/753 441/758/752 442/760/754
f 424/759/753 442/760/754 389/761/755
f 389/761/755 442/760/754 443/762/756
f 389/761/755 443/762/756 444/763/757
f 389/761/755 444/763/757 390/764/758
f 390/764/758 444/763/757 445/765/759
f 390/764/758 445/765/759 391/766/760
f 391/766/760 445/765/759 446/767/761
f 391/766/760 446/767/761 392/768/762
f 392/768/762 446/767/761 447/769/763
f 392/768/762 447/769/763 393/770/764
f 393/770/764 447/769/763 448/771/765
f 393/770/764 448/771/765 394/772/766
f 394/772/766 448/771/765 449/773/767
f 394/772/766 449/773/767 395/774/768
f 395/774/768 449/773/767 450/775/769
f 395/774/768 450/775/769 396/776/770
f 396/776/770 450/775/769 451/777/771
f 396/776/770 451/777/771 397/728/722
f 397/728/722 451/777/771 452/726/720
f 94/778/772 93/779/773 461/780/774
f 461/780/774 93/779/773 128/781/775
f 461/780/774 128/781/775 496/782/776
f 496/782/776 128/781/775 495/783/777
f 495/783/777 128/781/775 127/784/778
f 495/783/777 127/784/778 494/785/779
f 494/785/779 127/784/778 126/786/780
f 494/785/779 126/786/780 493/787/781
f 493/787/781 126/786/780 125/788/782
f 493/787/781 125/788/782 492/789/783
f 492/789/783 125/788/782 124/790/784
f 492/789/783 124/790/784 491/791/785
f 491/791/785 124/790/784 123/792/786
f 491/791/785 123/792/786 490/793/787
f 490/793/787 123/792/786 122/794/788
f 490/793/787 122/794/788 489/795/789
f 489/795/789 122/794/788 121/796/790
f 489/795/789 121/796/790 488/797/791
f 488/797/791 121/796/790 120/798/792
f 488/797/791 120/798/792 487/799/793
f 487/799/793 120/798/792 119/800/794
f 487/799/793 119/800/794 486/801/795
f 486/801/795 119/800/794 118/802/796
f 486/801/795 118/802/796 485/803/797
f 485/803/797 118/802/796 117/804/798
f 485/803/797 117/804/798 484/805/799
f 484/805/799 117/804/798 116/806/800
f 484/805/799 116/806/800 483/807/801
f 483/807/801 116/806/800 115/808/802
f 483/807/801 115/808/802 482/809/803
f 482/809/803 115/808/802 114/810/804
f 482/809/803 114/810/804 481/811/805
f 481/811/805 114/810/804 113/812/806
f 481/811/805 113/812/806 480/813/807
f 480/813/807 113/812/806 112/814/808
f 480/813/807 112/814/808 479/815/809
f 479/815/809 112/814/808 111/816/810
f 479/817/809 111/818/810 478/819/811
f 478/819/811 111/818/810 110/820/812
f 478/819/811 110/820/812 477/821/813
f 477/821/813 110/820/812 109/822/814
f 477/821/813 109/822/814 476/823/815
f 476/823/815 109/822/814 108/824/816
f 476/823/815 108/824/816 475/825/817
f 475/825/817 108/824/816 107/826/818
f 475/825/817 107/826/818 474/827/819
f 474/827/819 107/826/818 106/828/820
f 474/827/819 106/828/820 473/829/821
f 473/829/821 106/828/820 105/830/822
f 473/829/821 105/830/822 472/831/823
f 472/831/823 105/830/822 104/832/824
f 472/831/823 104/832/824 471/833/825
f 471/833/825 104/832/824 103/834/826
f 471/833/825 103/834/826 470/835/827
f 470/835/827 103/834/826 102/836/828
f 470/835/827 102/836/828 469/837/829
f 469/837/829 102/836/828 101/838/830
f 469/837/829 101/838/830 468/839/831
f 468/839/831 101/838/830 100/840/832
f 468/839/831 100/840/832 467/841/833
f 467/841/833 100/840/832 99/842/834
f 467/841/833 99/842/834 466/843/835
f 466/843/835 99/842/834 98/844/836
f 466/843/835 98/844/836 465/845/837
f 465/845/837 98/844/836 97/846/838
f 465/845/837 97/846/838 464/847/839
f 464/847/839 97/846/838 96/848/840
f 464/847/839 96/848/840 463/849/841
f 463/849/841 96/848/840 95/850/842
f 463/849/841 95/850/842 462/851/843
f 462/851/843 95/850/842 94/778/772
f 462/851/843 94/778/772 461/780/774
f 498/852/844 480/853/845 497/854/846
f 497/854/846 480/853/845 479/855/847
f 497/854/846 479/855/847 532/856/848
f 532/856/848 479/855/847 478/857/849
f 532/856/848 478/857/849 531/858/850
f 531/858/850 478/857/849 477/859/851
f 531/858/850 477/859/851 530/860/852
f 530/860/852 477/859/851 476/861/853
f 530/860/852 476/861/853 529/862/854
f 529/862/854 476/861/853 475/863/855
f 529/862/854 475/863/855 528/864/856
f 528/864/856 475/863/855 474/865/857
f 528/864/856 474/865/857 527/866/858
f 527/866/858 474/865/857 473/867/859
f 527/866/858 473/867/859 526/868/860
f 526/868/860 473/867/859 472/869/861
f 526/868/860 472/869/861 525/870/862
f 525/870/862 472/869/861 471/871/863
f 525/870/862 471/871/863 524/872/864
f 524/872/864 471/871/863 470/873/865
f 524/872/864 470/873/865 469/874/866
f 498/852/844 499/875/867 480/853/845
f 480/853/845 499/875/867 481/876/868
f 481/876/868 499/875/867 500/877/869
f 481/876/868 500/877/869 482/878/870
f 482/878/870 500/877/869 501/879/871
f 482/878/870 501/879/871 483/880/872
f 483/880/872 501/879/871 502/881/873
f 483/880/872 502/881/873 484/882/874
f 484/882/874 502/881/873 503/883/875
f 484/882/874 503/883/875 485/884/876
f 485/884/876 503/883/875 504/885/877
f 485/884/876 504/885/877 486/886/878
f 486/886/878 504/885/877 505/887/879
f 486/886/878 505/887/879 487/888/880
f 487/888/880 505/887/879 506/889/881
f 487/888/880 506/889/881 488/890/882
f 488/890/882 506/889/881 489/891/883
f 489/891/883 506/889/881 507/892/884
f 489/891/883 507/892/884 490/893/885
f 490/893/885 507/892/884 508/894/886
f 490/893/885 508/894/886 491/895/887
f 491/895/887 508/894/886 509/896/888
f 491/895/887 509/896/888 492/897/889
f 492/897/889 509/896/888 510/898/890
f 492/897/889 510/898/890 493/899/891
f 493/899/891 510/898/890 511/900/892
f 493/899/891 511/900/892 494/901/893
f 494/901/893 511/900/892 512/902/894
f 494/901/893 512/902/894 495/903/895
f 495/903/895 512/902/894 513/904/896
f 495/903/895 513/904/896 496/905/897
f 496/905/897 513/904/896 514/906/898
f 496/905/897 514/906/898 461/907/899
f 461/907/899 514/906/898 515/908/900
f 461/907/899 515/908/900 516/909/901
f 461/907/899 516/909/901 462/910/902
f 462/910/902 516/909/901 517/911/903
f 462/910/902 517/911/903 463/912/904
f 463/912/904 517/911/903 518/913/905
f 463/912/904 518/913/905 464/914/906
f 464/914/906 518/913/905 519/915/907
f 464/914/906 519/915/907 465/916/908
f 465/916/908 519/915/907 520/917/909
f 465/916/908 520/917/909 466/918/910
f 466/918/910 520/917/909 521/919/911
f 466/918/910 521/919/911 467/920/912
f 467/920/912 521/919/911 522/921/913
f 467/920/912 522/921/913 468/922/914
f 468/922/914 522/921/913 523/923/915
f 468/922/914 523/923/915 469/874/866
f 469/874/866 523/923/915 524/872/864
f 32/924/916 451/925/917 33/926/918
f 33/926/918 451/925/917 450/927/919
f 33/926/918 450/927/919 565/928/920
f 565/928/920 450/927/919 449/929/921
f 565/928/920 449/929/921 564/930/922
f 564/930/922 449/929/921 448/931/923
f 564/930/922 448/931/923 563/932/924
f 563/932/924 448/931/923 447/933/925
f 563/932/924 447/933/925 562/934/926
f 562/934/926 447/933/925 446/935/927
f 562/934/926 446/935/927 561/936/928
f 561/936/928 446/935/927 445/937/929
f 561/936/928 445/937/929 560/938/930
f 560/938/930 445/937/929 444/939/931
f 560/938/930 444/939/931 559/940/932
f 559/940/932 444/939/931 443/941/933
f 559/940/932 443/941/933 558/942/934
f 558/942/934 443/941/933 442/943/935
f 558/942/934 442/943/935 557/944/936
f 557/944/936 442/943/935 441/945/937
f 557/944/936 441/945/937 556/946/938
f 556/946/938 441/945/937 440/947/939
f 556/946/938 440/947/939 555/948/940
f 555/948/940 440/947/939 439/949/941
f 555/948/940 439/949/941 554/950/942
f 554/950/942 439/949/941 438/951/943
f 554/950/942 438/951/943 553/952/944
f 553/952/944 438/951/943 437/953/945
f 553/952/944 437/953/945 552/954/946
f 552/954/946 437/953/945 436/955/947
f 552/954/946 436/955/947 551/956/948
f 551/956/948 436/955/947 435/957/949
f 551/956/948 435/957/949 550/958/950
f 550/958/950 435/957/949 434/959/951
f 550/958/950 434/959/951 549/960/952
f 549/960/952 434/959/951 548/961/953
f 548/961/953 434/959/951 433/962/954
f 548/961/953 433/962/954 547/963/955
f 547/963/955 433/962/954 432/964/956
f 547/963/955 432/964/956 546/965/957
f 546/965/957 432/964/956 431/966/958
f 546/965/957 431/966/958 545/967/959
f 545/967/959 431/966/958 430/968/960
f 545/967/959 430/968/960 544/969/961
f 544/969/961 430/968/960 429/970/962
f 544/969/961 429/970/962 543/971/963
f 543/971/963 429/970/962 428/972/964
f 543/971/963 428/972/964 542/973/965
f 542/973/965 428/972/964 427/974/966
f 542/973/965 427/974/966 541/975/967
f 541/975/967 427/974/966 426/976/968
f 541/975/967 426/976/968 540/977/969
f 540/977/969 426/976/968 425/978/970
f 540/977/969 425/978/970 539/979/971
f 539/980/971 425/981/970 460/982/972
f 539/980/971 460/982/972 538/983/973
f 538/983/973 460/982/972 459/984/974
f 538/983/973 459/984/974 537/985/975
f 537/985/975 459/984/974 458/986/976
f 537/985/975 458/986/976 536/987/977
f 536/987/977 458/986/976 457/988/978
f 536/987/977 457/988/978 535/989/979
f 535/989/979 457/988/978 456/990/980
f 535/989/979 456/990/980 534/991/981
f 534/991/981 456/990/980 455/992/982
f 534/991/981 455/992/982 533/993/983
f 533/993/983 455/992/982 454/994/984
f 533/993/983 454/994/984 29/995/985
f 29/995/985 454/994/984 453/996/986
f 29/995/985 453/996/986 30/997/987
f 30/997/987 453/996/986 452/998/988
f 30/997/987 452/998/988 31/999/989
f 31/999/989 452/998/988 32/924/916
f 32/924/916 452/998/988 451/925/917
f 19/1000/990 505/1001/991 20/1002/992
f 20/1002/992 505/1001/991 504/1003/993
f 20/1002/992 504/1003/993 598/1004/994
f 598/1004/994 504/1003/993 503/1005/995
f 598/1004/994 503/1005/995 597/1006/996
f 597/1006/996 503/1005/995 502/1007/997
f 597/1006/996 502/1007/997 596/1008/998
f 596/1008/998 502/1007/997 501/1009/999
f 596/1008/998 501/1009/999 595/1010/1000
f 595/1010/1000 501/1009/999 500/1011/1001
f 595/1010/1000 500/1011/1001 594/1012/1002
f 594/1012/1002 500/1011/1001 499/1013/1003
f 594/1012/1002 499/1013/1003 593/1014/1004
f 593/1014/1004 499/1013/1003 498/1015/1005
f 593/1014/1004 498/1015/1005 592/1016/1006
f 592/1016/1006 498/1015/1005 497/1017/1007
f 592/1016/1006 497/1017/1007 591/1018/1008
f 591/1019/1008 497/1020/1007 532/1021/1009
f 591/1019/1008 532/1021/1009 590/1022/1010
f 590/1022/1010 532/1021/1009 531/1023/1011
f 590/1022/1010 531/1023/1011 589/1024/1012
f 589/1024/1012 531/1023/1011 530/1025/1013
f 589/1024/1012 530/1025/1013 588/1026/1014
f 588/1026/1014 530/1025/1013 529/1027/1015
f 588/1026/1014 529/1027/1015 587/1028/1016
f 587/1028/1016 529/1027/1015 528/1029/1017
f 587/1028/1016 528/1029/1017 586/1030/1018
f 586/1030/1018 528/1029/1017 527/1031/1019
f 586/1030/1018 527/1031/1019 585/1032/1020
f 585/1032/1020 527/1031/1019 526/1033/1021
f 585/1032/1020 526/1033/1021 584/1034/1022
f 584/1034/1022 526/1033/1021 525/1035/1023
f 584/1034/1022 525/1035/1023 583/1036/1024
f 583/1036/1024 525/1035/1023 524/1037/1025
f 583/1036/1024 524/1037/1025 582/1038/1026
f 582/1038/1026 524/1037/1025 581/1039/1027
f 581/1039/1027 524/1037/1025 523/1040/1028
f 581/1039/1027 523/1040/1028 580/1041/1029
f 580/1041/1029 523/1040/1028 522/1042/1030
f 580/1041/1029 522/1042/1030 579/1043/1031
f 579/1043/1031 522/1042/1030 521/1044/1032
f 579/1043/1031 521/1044/1032 578/1045/1033
f 578/1045/1033 521/1044/1032 520/1046/1034
f 578/1045/1033 520/1046/1034 577/1047/1035
f 577/1047/1035 520/1046/1034 519/1048/1036
f 577/1047/1035 519/1048/1036 576/1049/1037
f 576/1049/1037 519/1048/1036 518/1050/1038
f 576/1049/1037 518/1050/1038 575/1051/1039
f 575/1051/1039 518/1050/1038 517/1052/1040
f 575/1051/1039 517/1052/1040 574/1053/1041
f 574/1053/1041 517/1052/1040 516/1054/1042
f 574/1053/1041 516/1054/1042 573/1055/1043
f 573/1055/1043 516/1054/1042 515/1056/1044
f 573/1055/1043 515/1056/1044 572/1057/1045
f 572/1057/1045 515/1056/1044 514/1058/1046
f 572/1057/1045 514/1058/1046 571/1059/1047
f 571/1059/1047 514/1058/1046 513/1060/1048
f 571/1059/1047 513/1060/1048 570/1061/1049
f 570/1061/1049 513/1060/1048 512/1062/1050
f 570/1061/1049 512/1062/1050 569/1063/1051
f 569/1063/1051 512/1062/1050 511/1064/1052
f 569/1063/1051 511/1064/1052 568/1065/1053
f 568/1065/1053 511/1064/1052 510/1066/1054
f 568/1065/1053 510/1066/1054 567/1067/1055
f 567/1067/1055 510/1066/1054 509/1068/1056
f 567/1067/1055 509/1068/1056 566/1069/1057
f 566/1069/1057 509/1068/1056 508/1070/1058
f 566/1069/1057 508/1070/1058 16/1071/1059
f 16/1071/1059 508/1070/1058 507/1072/1060
f 16/1071/1059 507/1072/1060 17/1073/1061
f 17/1073/1061 507/1072/1060 506/1074/1062
f 17/1073/1061 506/1074/1062 18/1075/1063
f 18/1075/1063 506/1074/1062 19/1000/990
f 19/1000/990 506/1074/1062 505/1001/991
f 16/1076/1064 24/1077/1065 566/1078/1066
f 566/1078/1066 24/1077/1065 567/1079/1067
f 567/1079/1067 24/1077/1065 568/1080/1068
f 568/1080/1068 24/1077/1065 569/1081/1069
f 569/1081/1069 24/1077/1065 570/1082/1070
f 570/1082/1070 24/1077/1065 571/1083/1071
f 571/1083/1071 24/1077/1065 572/1084/1072
f 572/1084/1072 24/1077/1065 573/1085/1073
f 573/1085/1073 24/1077/1065 574/1086/1074
f 574/1086/1074 24/1077/1065 575/1087/1075
f 575/1087/1075 24/1077/1065 576/1088/1076
f 576/1088/1076 24/1077/1065 376/1089/1077
f 576/1088/1076 376/1089/1077 577/1090/1078
f 577/1090/1078 376/1089/1077 578/1091/1079
f 578/1091/1079 376/1089/1077 579/1092/1080
f 579/1092/1080 376/1089/1077 580/1093/1081
f 580/1093/1081 376/1089/1077 581/1094/1082
f 581/1094/1082 376/1089/1077 582/1095/1083
f 582/1095/1083 376/1089/1077 583/1096/1084
f 583/1096/1084 376/1089/1077 375/1097/1085
f 583/1096/1084 375/1097/1085 584/1098/1086
f 584/1098/1086 375/1097/1085 585/1099/1087
f 585/1099/1087 375/1097/1085 586/1100/1088
f 586/1100/1088 375/1097/1085 587/1101/1089
f 587/1101/1089 375/1097/1085 588/1102/1090
f 588/1102/1090 375/1097/1085 21/1103/1091
f 588/1102/1090 21/1103/1091 589/1104/1092
f 589/1104/1092 21/1103/1091 590/1105/1093
f 590/1105/1093 21/1103/1091 591/1106/1094
f 591/1106/1094 21/1103/1091 592/1107/1095
f 592/1107/1095 21/1103/1091 593/1108/1096
f 593/1108/1096 21/1103/1091 594/1109/1097
f 594/1109/1097 21/1103/1091 595/1110/1098
f 595/1110/1098 21/1103/1091 596/1111/1099
f 596/1111/1099 21/1103/1091 597/1112/1100
f 597/1112/1100 21/1103/1091 598/1113/1101
f 598/1113/1101 21/1103/1091 20/1114/1102
f 29/1115/1103 37/1116/1104 533/1117/1105
f 533/1117/1105 37/1116/1104 534/1118/1106
f 534/1118/1106 37/1116/1104 535/1119/1107
f 535/1119/1107 37/1116/1104 536/1120/1108
f 536/1120/1108 37/1116/1104 537/1121/1109
f 537/1121/1109 37/1116/1104 538/1122/1110
f 538/1122/1110 37/1116/1104 539/1123/1111
f 539/1123/1111 37/1116/1104 540/1124/1112
f 540/1124/1112 37/1116/1104 541/1125/1113
f 541/1125/1113 37/1116/1104 542/1126/1114
f 542/1126/1114 37/1116/1104 543/1127/1115
f 543/1127/1115 37/1116/1104 374/1128/1116
f 543/1127/1115 374/1128/1116 544/1129/1117
f 544/1129/1117 374/1128/1116 545/1130/1118
f 545/1130/1118 374/1128/1116 546/1131/1119
f 546/1131/1119 374/1128/1116 547/1132/1120
f 547/1132/1120 374/1128/1116 548/1133/1121
f 548/1133/1121 374/1128/1116 373/1134/1122
f 548/1133/1121 373/1134/1122 549/1135/1123
f 549/1135/1123 373/1134/1122 550/1136/1124
f 550/1136/1124 373/1134/1122 551/1137/1125
f 551/1137/1125 373/1134/1122 552/1138/1126
f 552/1138/1126 373/1134/1122 553/1139/1127
f 553/1139/1127 373/1134/1122 554/1140/1128
f 554/1140/1128 373/1134/1122 555/1141/1129
f 555/1141/1129 373/1134/1122 34/1142/1130
f 555/1141/1129 34/1142/1130 556/1143/1131
f 556/1143/1131 34/1142/1130 557/1144/1132
f 557/1144/1132 34/1142/1130 558/1145/1133
f 558/1145/1133 34/1142/1130 559/1146/1134
f 559/1146/1134 34/1142/1130 560/1147/1135
f 560/1147/1135 34/1142/1130 561/1148/1136
f 561/1148/1136 34/1142/1130 562/1149/1137
f 562/1149/1137 34/1142/1130 563/1150/1138
f 563/1150/1138 34/1142/1130 564/1151/1139
f 564/1151/1139 34/1142/1130 565/1152/1140
f 565/1152/1140 34/1142/1130 33/1153/1141
f 36/1154/1142 160/1155/1143 37/1156/1144
f 37/1156/1144 160/1155/1143 374/1157/1145
f 375/1158/1146 133/1159/1147 21/1160/1148
f 21/1160/1148 133/1159/1147 22/1161/1149
f 355/1162/1150 369/1163/1151 320/1164/1152
f 320/1164/1152 369/1163/1151 381/1165/1153
f 320/1164/1152 381/1165/1153 321/1166/1154
f 321/1166/1154 381/1165/1153 322/1167/1155
f 322/1167/1155 381/1165/1153 323/1168/1156
f 323/1168/1156 381/1165/1153 324/1169/1157
f 324/1169/1157 381/1165/1153 325/1170/1158
f 325/1170/1158 381/1165/1153 326/1171/1159
f 326/1171/1159 381/1165/1153 327/1172/1160
f 327/1172/1160 381/1165/1153 328/1173/1161
f 328/1173/1161 381/1165/1153 329/1174/1162
f 329/1174/1162 381/1165/1153 387/1175/1163
f 329/1174/1162 387/1175/1163 330/1176/1164
f 330/1176/1164 387/1175/1163 331/1177/1165
f 331/1177/1165 387/1175/1163 332/1178/1166
f 332/1178/1166 387/1175/1163 333/1179/1167
f 333/1179/1167 387/1175/1163 334/1180/1168
f 334/1180/1168 387/1175/1163 335/1181/1169
f 335/1181/1169 387/1175/1163 336/1182/1170
f 336/1182/1170 387/1175/1163 337/1183/1171
f 337/1183/1171 387/1175/1163 338/1184/1172
f 338/1184/1172 387/1175/1163 370/1185/1173
f 338/1184/1172 370/1185/1173 339/1186/1174
f 339/1186/1174 370/1185/1173 340/1187/1175
f 340/1187/1175 370/1185/1173 341/1188/1176
f 341/1188/1176 370/1185/1173 342/1189/1177
f 342/1189/1177 370/1185/1173 343/1190/1178
f 343/1190/1178 370/1185/1173 344/1191/1179
f 344/1191/1179 370/1185/1173 345/1192/1180
f 345/1192/1180 370/1185/1173 346/1193/1181
f 346/1193/1181 370/1185/1173 347/1194/1182
f 347/1194/1182 370/1185/1173 369/1163/1151
f 347/1194/1182 369/1163/1151 348/1195/1183
f 348/1195/1183 369/1163/1151 349/1196/1184
f 349/1196/1184 369/1163/1151 350/1197/1185
f 350/1197/1185 369/1163/1151 351/1198/1186
f 351/1198/1186 369/1163/1151 352/1199/1187
f 352/1199/1187 369/1163/1151 353/1200/1188
f 353/1200/1188 369/1163/1151 354/1201/1189
f 354/1201/1189 369/1163/1151 355/1162/1150
f 381/1202/1190 380/1203/1191 387/1204/1192
f 387/1204/1192 380/1203/1191 9/1205/1193
f 387/1204/1192 9/1205/1193 8/1206/1194
f 2/1207/1195 384/1208/1196 3/1209/1197
f 3/1209/1197 384/1208/1196 284/1210/1198
f 3/1209/1197 284/1210/1198 283/1211/1199
f 13/1212/1200 599/1213/1201 14/1214/1202
f 14/1214/1202 599/1213/1201 600/1215/1203
f 12/1216/1204 601/1217/1205 13/1218/1206
f 13/1218/1206 601/1217/1205 602/1219/1207
f 13/1218/1206 602/1219/1207 599/1220/1208
f 603/1221/1209 604/1222/1210 601/1223/1211
f 601/1223/1211 604/1222/1210 602/1224/1212
f 599/1225/1213 602/1226/1214 600/1227/1215
f 600/1227/1215 602/1226/1214 604/1228/1216
f 15/1229/1217 14/1230/1218 603/1231/1219
f 603/1231/1219 14/1230/1218 604/1232/1220
f 604/1232/1220 14/1230/1218 600/1233/1221
f 15/1234/1222 603/1235/1223 12/1236/1224
f 12/1236/1224 603/1235/1223 601/1237/1225
f 23/1238/1226 132/1239/1227 24/1240/1228
f 24/1240/1228 132/1239/1227 388/1241/1229
f 24/1240/1228 388/1241/1229 377/1242/1230
f 377/1242/1230 376/1243/1231 24/1240/1228
f 268/1244/1232 283/1245/1233 233/1246/1234
f 233/1246/1234 283/1245/1233 282/1247/1235
f 233/1246/1234 282/1247/1235 234/1248/1236
f 234/1248/1236 282/1247/1235 235/1249/1237
f 235/1249/1237 282/1247/1235 236/1250/1238
f 236/1250/1238 282/1247/1235 237/1251/1239
f 237/1251/1239 282/1247/1235 238/1252/1240
f 238/1252/1240 282/1247/1235 239/1253/1241
f 239/1253/1241 282/1247/1235 240/1254/1242
f 240/1254/1242 282/1247/1235 241/1255/1243
f 241/1255/1243 282/1247/1235 242/1256/1244
f 242/1256/1244 282/1247/1235 4/1257/1245
f 242/1256/1244 4/1257/1245 243/1258/1246
f 243/1258/1246 4/1257/1245 244/1259/1247
f 244/1259/1247 4/1257/1245 245/1260/1248
f 245/1260/1248 4/1257/1245 246/1261/1249
f 246/1261/1249 4/1257/1245 247/1262/1250
f 247/1262/1250 4/1257/1245 248/1263/1251
f 248/1263/1251 4/1257/1245 249/1264/1252
f 249/1264/1252 4/1257/1245 250/1265/1253
f 250/1265/1253 4/1257/1245 251/1266/1254
f 251/1266/1254 4/1257/1245 3/1267/1255
f 251/1266/1254 3/1267/1255 252/1268/1256
f 252/1268/1256 3/1267/1255 253/1269/1257
f 253/1269/1257 3/1267/1255 254/1270/1258
f 254/1270/1258 3/1267/1255 255/1271/1259
f 255/1271/1259 3/1267/1255 256/1272/1260
f 256/1272/1260 3/1267/1255 257/1273/1261
f 257/1273/1261 3/1267/1255 258/1274/1262
f 258/1274/1262 3/1267/1255 259/1275/1263
f 259/1275/1263 3/1267/1255 260/1276/1264
f 260/1276/1264 3/1267/1255 283/1245/1233
f 260/1276/1264 283/1245/1233 261/1277/1265
f 261/1277/1265 283/1245/1233 262/1278/1266
f 262/1278/1266 283/1245/1233 263/1279/1267
f 263/1279/1267 283/1245/1233 264/1280/1268
f 264/1280/1268 283/1245/1233 265/1281/1269
f 265/1281/1269 283/1245/1233 266/1282/1270
f 266/1282/1270 283/1245/1233 267/1283/1271
f 267/1283/1271 283/1245/1233 268/1244/1232
f 2/1284/1272 1/1285/1273 384/1286/1274
f 384/1286/1274 1/1285/1273 383/1287/1275
f 384/1286/1274 383/1287/1275 382/1288/1276
f 28/1289/1277 605/1290/1278 25/1291/1279
f 25/1291/1279 605/1290/1278 606/1292/1280
f 27/1293/1281 607/1294/1282 28/1295/1283
f 28/1295/1283 607/1294/1282 608/1296/1284
f 28/1295/1283 608/1296/1284 605/1297/1285
f 609/1298/1286 610/1299/1287 607/1300/1288
f 607/1300/1288 610/1299/1287 608/1301/1289
f 605/1302/1290 608/1303/1291 606/1304/1292
f 606/1304/1292 608/1303/1291 610/1305/1293
f 26/1306/1294 25/1307/1295 609/1308/1296
f 609/1308/1296 25/1307/1295 610/1309/1297
f 610/1309/1297 25/1307/1295 606/1310/1298
f 26/1311/1299 609/1312/1300 27/1313/1301
f 27/1313/1301 609/1312/1300 607/1314/1302
f 39/1315/1303 611/1316/1304 40/1317/1305
f 40/1317/1305 611/1316/1304 141/1318/1306
f 40/1317/1305 141/1318/1306 140/1319/1307
f 39/1315/1303 47/1320/1308 611/1316/1304
f 611/1316/1304 68/1321/1309 141/1318/1306
f 65/1322/1310 159/1323/1311 140/1319/1307
f 140/1319/1307 159/1323/1311 40/1317/1305
f 44/1324/1312 42/1325/1313 159/1323/1311
f 159/1323/1311 42/1325/1313 40/1317/1305
f 47/1326/1314 46/1327/1315 611/1328/1316
f 611/1328/1316 46/1327/1315 149/1329/1317
f 611/1328/1316 149/1329/1317 68/1330/1318
f 68/1330/1318 149/1329/1317 69/1331/1319
f 86/1332/1320 80/1333/1321 82/1334/1322
f 82/1334/1322 80/1333/1321 79/1335/1323
f 82/1334/1322 79/1335/1323 83/1336/231
f 87/1337/94 145/1338/1324 91/1339/1325
f 91/1339/1325 145/1338/1324 144/1340/1326
f 91/1339/1325 144/1340/1326 92/1341/1327
f 92/1341/1327 144/1340/1326 83/1342/89
f 86/1343/1328 88/1344/1329 80/1345/1330
f 80/1345/1330 88/1344/1329 81/1346/1331
f 87/1347/1332 90/1348/1333 148/1349/1334
f 148/1349/1334 90/1348/1333 135/1350/1335
f 79/1351/1336 78/1352/1337 83/1353/1338
f 83/1353/1338 78/1352/1337 92/1354/1339
f 89/1355/1340 88/1356/1329 63/1357/1341
f 63/1357/1341 88/1356/1329 50/1358/1342
f 54/1359/1343 53/1360/1344 85/1361/1345
f 85/1361/1345 53/1360/1344 86/1362/1328
f 378/1363/1346 88/1364/95 379/1365/1347
f 379/1365/1347 88/1364/95 86/1366/93
f 53/1367/1348 52/1368/1349 86/1369/1320
f 86/1369/1320 52/1368/1349 379/1370/1350
f 51/1371/1351 50/1372/1352 378/1373/1353
f 378/1373/1353 50/1372/1352 88/1374/192
f 38/1375/1354 48/1376/1355 39/1377/1356
f 39/1377/1356 48/1376/1355 47/1378/1357
f 11/1379/1358 155/1380/1359 7/1381/1360
f 7/1381/1360 155/1380/1359 385/1382/1361
f 385/1382/1361 155/1380/1359 154/1383/1362
f 385/1382/1361 154/1383/1362 161/1384/1363
f 161/1384/1363 386/1385/1364 385/1382/1361
f 373/1386/1365 372/1387/1366 34/1388/1367
f 34/1388/1367 372/1387/1366 386/1389/1368
f 34/1388/1367 386/1389/1368 161/1390/1369
f 161/1390/1369 35/1391/1370 34/1388/1367
f 69/1392/1371 149/1393/1372 70/1394/1373
f 70/1394/1373 149/1393/1372 134/1395/1374
f 70/1394/1373 134/1395/1374 72/1396/1375
f 70/1394/1373 72/1396/1375 147/1397/1376
f 147/1397/1376 72/1396/1375 75/1398/1377
f 147/1397/1376 75/1398/1377 146/1399/1378
f 146/1399/1378 75/1398/1377 151/1400/1379
f 146/1399/1378 151/1400/1379 67/1401/1380
f 67/1401/1380 151/1400/1379 150/1402/1381
f 67/1401/1380 150/1402/1381 64/1403/1382
# 611 vertices
# 1403 texture params
# 1382 normals
# 1254 facets

# 1 groups
