# WaveFront *.obj file (generated by Autodesk ATF)

mtllib Immersionaxe Main Frame v2 - PT2.mtl

g Immersionaxe Main Frame v2 - PT2

v 37.984437 169.461025 6.500000
v 37.984437 169.128773 6.334482
v 37.984437 168.829943 6.114282
v 37.984437 168.573442 5.845963
v 37.984437 168.366917 5.537524
v 37.984437 168.216523 5.198158
v 37.984437 168.126743 4.837981
v 37.984437 168.100254 4.467730
v 37.984437 168.137844 4.098441
v 37.984437 168.238394 3.741121
v 37.984437 168.398907 3.406422
v 37.984437 168.614597 3.104321
v 37.984437 168.879036 2.843822
v 37.984437 169.184341 2.632690
v 37.984437 169.521411 2.477219
v 37.984437 169.880200 2.382044
v 37.984437 170.250011 2.350000
v 37.984437 170.619823 2.382044
v 37.984437 170.978612 2.477219
v 37.984437 171.315682 2.632690
v 37.984437 171.620987 2.843822
v 37.984437 171.885426 3.104321
v 37.984437 172.101116 3.406422
v 37.984437 172.261628 3.741121
v 37.984437 172.362179 4.098441
v 37.984437 172.399769 4.467730
v 37.984437 172.373280 4.837981
v 37.984437 172.283500 5.198158
v 37.984437 172.133106 5.537524
v 37.984437 171.926581 5.845963
v 37.984437 171.670080 6.114282
v 37.984437 171.371250 6.334482
v 37.984437 171.038998 6.500000
v 38.061921 171.212523 6.422517
v 38.061921 171.528640 6.228470
v 38.061921 171.806700 5.982978
v 38.061921 172.038426 5.693345
v 38.061921 172.216922 5.368195
v 38.061921 172.336875 5.017203
v 38.061921 172.394715 4.650817
v 38.061921 172.388720 4.279943
v 38.061921 172.319069 3.915618
v 38.061921 172.187834 3.568687
v 38.061921 171.998922 3.249475
v 38.061921 171.757955 2.967484
v 38.061921 171.472106 2.731107
v 38.061921 171.149883 2.547378
v 38.061921 170.800876 2.421768
v 38.061921 170.435473 2.358014
v 38.061921 170.064550 2.358014
v 38.061921 169.699147 2.421768
v 38.061921 169.350140 2.547378
v 38.061921 169.027917 2.731107
v 38.061921 168.742068 2.967484
v 38.061921 168.501101 3.249475
v 38.061921 168.312189 3.568687
v 38.061921 168.180954 3.915618
v 38.061921 168.111303 4.279943
v 38.061921 168.105308 4.650817
v 38.061921 168.163148 5.017203
v 38.061921 168.283101 5.368195
v 38.061921 168.461597 5.693345
v 38.061921 168.693323 5.982978
v 38.061921 168.971383 6.228470
v 38.061921 169.287500 6.422517
v 49.015563 171.038998 6.500000
v 49.015563 171.371250 6.334482
v 49.015563 171.670080 6.114282
v 49.015563 171.926581 5.845963
v 49.015563 172.133106 5.537524
v 49.015563 172.283500 5.198158
v 49.015563 172.373280 4.837981
v 49.015563 172.399769 4.467730
v 49.015563 172.362179 4.098441
v 49.015563 172.261628 3.741121
v 49.015563 172.101116 3.406422
v 49.015563 171.885426 3.104321
v 49.015563 171.620987 2.843822
v 49.015563 171.315682 2.632690
v 49.015563 170.978612 2.477219
v 49.015563 170.619823 2.382044
v 49.015563 170.250011 2.350000
v 49.015563 169.880200 2.382044
v 49.015563 169.521411 2.477219
v 49.015563 169.184341 2.632690
v 49.015563 168.879036 2.843822
v 49.015563 168.614597 3.104321
v 49.015563 168.398907 3.406422
v 49.015563 168.238394 3.741121
v 49.015563 168.137844 4.098441
v 49.015563 168.100254 4.467730
v 49.015563 168.126743 4.837981
v 49.015563 168.216523 5.198158
v 49.015563 168.366917 5.537524
v 49.015563 168.573442 5.845963
v 49.015563 168.829943 6.114282
v 49.015563 169.128773 6.334482
v 49.015563 169.461025 6.500000
v 48.938175 169.287690 6.422613
v 48.938175 168.971543 6.228589
v 48.938175 168.693451 5.983112
v 48.938175 168.461692 5.693489
v 48.938175 168.283165 5.368340
v 48.938175 168.163182 5.017343
v 48.938175 168.105317 4.650948
v 48.938175 168.111291 4.280059
v 48.938175 168.180926 3.915717
v 48.938175 168.312150 3.568767
v 48.938175 168.501057 3.249537
v 48.938175 168.742024 2.967527
v 48.938175 169.027877 2.731134
v 48.938175 169.350109 2.547393
v 48.938175 169.699127 2.421773
v 48.938175 170.064543 2.358015
v 48.938175 170.435480 2.358015
v 48.938175 170.800896 2.421773
v 48.938175 171.149914 2.547393
v 48.938175 171.472146 2.731134
v 48.938175 171.757999 2.967527
v 48.938175 171.998966 3.249537
v 48.938175 172.187873 3.568767
v 48.938175 172.319097 3.915717
v 48.938175 172.388732 4.280059
v 48.938175 172.394706 4.650948
v 48.938175 172.336841 5.017343
v 48.938175 172.216858 5.368340
v 48.938175 172.038331 5.693489
v 48.938175 171.806571 5.983112
v 48.938175 171.528479 6.228589
v 48.938175 171.212332 6.422613
v 48.938175 166.250011 0.000000
v 48.938175 174.248645 0.000000
v 48.938175 174.248645 6.422613
v 48.938175 166.250011 6.422613
v 38.061921 174.248303 0.000000
v 38.061921 166.250011 0.000000
v 38.061921 166.250011 6.422517
v 38.061921 174.248303 6.422517
v 38.061442 174.250011 6.422995
v 38.061442 174.250011 -0.000000
v 48.938558 174.250011 0.000000
v 48.938558 174.250011 6.422995
v 37.984437 168.750011 4.500000
v 37.984437 168.772800 4.239528
v 37.984437 168.840473 3.986970
v 37.984437 168.950973 3.750000
v 37.984437 169.100945 3.535819
v 37.984437 169.285830 3.350933
v 37.984437 169.500011 3.200962
v 37.984437 169.736981 3.090461
v 37.984437 169.989539 3.022788
v 37.984437 170.250011 3.000000
v 37.984437 170.510484 3.022788
v 37.984437 170.763042 3.090461
v 37.984437 171.000011 3.200962
v 37.984437 171.214193 3.350933
v 37.984437 171.399078 3.535819
v 37.984437 171.549050 3.750000
v 37.984437 171.659550 3.986970
v 37.984437 171.727223 4.239528
v 37.984437 171.750011 4.500000
v 37.984437 171.727223 4.760472
v 37.984437 171.659550 5.013030
v 37.984437 171.549050 5.250000
v 37.984437 171.399078 5.464182
v 37.984437 171.214193 5.649067
v 37.984437 171.000011 5.799038
v 37.984437 170.763042 5.909539
v 37.984437 170.510484 5.977212
v 37.984437 170.250011 6.000000
v 37.984437 169.989539 5.977212
v 37.984437 169.736981 5.909539
v 37.984437 169.500011 5.799038
v 37.984437 169.285830 5.649067
v 37.984437 169.100945 5.464182
v 37.984437 168.950973 5.250000
v 37.984437 168.840473 5.013030
v 37.984437 168.772800 4.760472
v 49.015563 168.750011 4.500000
v 49.015563 168.772800 4.760472
v 49.015563 168.840473 5.013030
v 49.015563 168.950973 5.250000
v 49.015563 169.100945 5.464182
v 49.015563 169.285830 5.649067
v 49.015563 169.500011 5.799038
v 49.015563 169.736981 5.909539
v 49.015563 169.989539 5.977212
v 49.015563 170.250011 6.000000
v 49.015563 170.510484 5.977212
v 49.015563 170.763042 5.909539
v 49.015563 171.000011 5.799038
v 49.015563 171.214193 5.649067
v 49.015563 171.399078 5.464182
v 49.015563 171.549050 5.250000
v 49.015563 171.659550 5.013030
v 49.015563 171.727223 4.760472
v 49.015563 171.750011 4.500000
v 49.015563 171.727223 4.239528
v 49.015563 171.659550 3.986970
v 49.015563 171.549050 3.750000
v 49.015563 171.399078 3.535819
v 49.015563 171.214193 3.350933
v 49.015563 171.000011 3.200962
v 49.015563 170.763042 3.090461
v 49.015563 170.510484 3.022788
v 49.015563 170.250011 3.000000
v 49.015563 169.989539 3.022788
v 49.015563 169.736981 3.090461
v 49.015563 169.500011 3.200962
v 49.015563 169.285830 3.350933
v 49.015563 169.100945 3.535819
v 49.015563 168.950973 3.750000
v 49.015563 168.840473 3.986970
v 49.015563 168.772800 4.239528
v 81.999998 170.250011 6.000000
v 81.999998 154.250011 6.000000
v 81.999998 154.250011 0.000000
v 81.999998 174.250011 0.000000
v 81.999998 174.250011 6.000000
v 81.999998 170.510484 5.977212
v 81.999998 170.763042 5.909539
v 81.999998 171.000011 5.799038
v 81.999998 171.214193 5.649067
v 81.999998 171.399078 5.464182
v 81.999998 171.549050 5.250000
v 81.999998 171.659550 5.013030
v 81.999998 171.727223 4.760472
v 81.999998 171.750011 4.500000
v 81.999998 171.727223 4.239528
v 81.999998 171.659550 3.986970
v 81.999998 171.549050 3.750000
v 81.999998 171.399078 3.535819
v 81.999998 171.214193 3.350933
v 81.999998 171.000011 3.200962
v 81.999998 170.763042 3.090461
v 81.999998 170.510484 3.022788
v 81.999998 170.250011 3.000000
v 81.999998 169.989539 3.022788
v 81.999998 169.736981 3.090461
v 81.999998 169.500011 3.200962
v 81.999998 169.285830 3.350933
v 81.999998 169.100945 3.535819
v 81.999998 168.950973 3.750000
v 81.999998 168.840473 3.986970
v 81.999998 168.772800 4.239528
v 81.999998 168.750011 4.500000
v 81.999998 168.772800 4.760472
v 81.999998 168.840473 5.013030
v 81.999998 168.950973 5.250000
v 81.999998 169.100945 5.464182
v 81.999998 169.285830 5.649067
v 81.999998 169.500011 5.799038
v 81.999998 169.736981 5.909539
v 81.999998 169.989539 5.977212
v 33.484437 174.250011 11.000000
v 30.984437 174.250011 8.500000
v 30.984437 174.250011 0.000000
v 5.000000 174.250011 0.000000
v 5.000000 174.250011 6.000000
v 0.000000 174.250011 11.000000
v 0.000000 174.250011 28.000000
v 86.999998 174.250011 28.000000
v 86.999998 174.250011 11.000000
v 78.999998 174.250008 0.000000
v 56.015563 174.250011 0.000000
v 56.015563 174.250011 8.500000
v 53.515563 174.250011 11.000000
v 43.500000 168.750011 4.500000
v 43.500000 168.772800 4.760472
v 43.500000 168.840473 5.013030
v 43.500000 168.950973 5.250000
v 43.500000 169.100945 5.464182
v 43.500000 169.285830 5.649067
v 43.500000 169.500011 5.799038
v 43.500000 169.736981 5.909539
v 43.500000 169.989539 5.977212
v 43.500000 170.250011 6.000000
v 43.500000 170.510484 5.977212
v 43.500000 170.763042 5.909539
v 43.500000 171.000011 5.799038
v 43.500000 171.214193 5.649067
v 43.500000 171.399078 5.464182
v 43.500000 171.549050 5.250000
v 43.500000 171.659550 5.013030
v 43.500000 171.727223 4.760472
v 43.500000 171.750011 4.500000
v 43.500000 171.727223 4.239528
v 43.500000 171.659550 3.986970
v 43.500000 171.549050 3.750000
v 43.500000 171.399078 3.535819
v 43.500000 171.214193 3.350933
v 43.500000 171.000011 3.200962
v 43.500000 170.763042 3.090461
v 43.500000 170.510484 3.022788
v 43.500000 170.250011 3.000000
v 43.500000 169.989539 3.022788
v 43.500000 169.736981 3.090461
v 43.500000 169.500011 3.200962
v 43.500000 169.285830 3.350933
v 43.500000 169.100945 3.535819
v 43.500000 168.950973 3.750000
v 43.500000 168.840473 3.986970
v 43.500000 168.772800 4.239528
v 37.984437 166.250011 6.500000
v 33.484437 166.250000 11.000000
v 49.015563 166.250011 6.500000
v 53.515563 166.250000 11.000000
v 56.015563 166.250000 8.500000
v 56.015563 166.250000 0.000000
v 69.000001 166.250000 0.000000
v 69.000001 166.250000 13.000001
v 13.500000 166.250000 13.000001
v 13.500000 166.250000 0.000000
v 30.984437 166.250000 0.000000
v 30.984437 166.250000 8.500000
v 56.015563 168.750011 4.500000
v 56.015563 168.772800 4.760472
v 56.015563 168.840473 5.013030
v 56.015563 168.950973 5.250000
v 56.015563 169.100945 5.464182
v 56.015563 169.285830 5.649067
v 56.015563 169.500011 5.799038
v 56.015563 169.736981 5.909539
v 56.015563 169.989539 5.977212
v 56.015563 170.250011 6.000000
v 56.015563 170.510484 5.977212
v 56.015563 170.763042 5.909539
v 56.015563 171.000011 5.799038
v 56.015563 171.214193 5.649067
v 56.015563 171.399078 5.464182
v 56.015563 171.549050 5.250000
v 56.015563 171.659550 5.013030
v 56.015563 171.727223 4.760472
v 56.015563 171.750011 4.500000
v 56.015563 171.727223 4.239528
v 56.015563 171.659550 3.986970
v 56.015563 171.549050 3.750000
v 56.015563 171.399078 3.535819
v 56.015563 171.214193 3.350933
v 56.015563 171.000011 3.200962
v 56.015563 170.763042 3.090461
v 56.015563 170.510484 3.022788
v 56.015563 170.250011 3.000000
v 56.015563 169.989539 3.022788
v 56.015563 169.736981 3.090461
v 56.015563 169.500011 3.200962
v 56.015563 169.285830 3.350933
v 56.015563 169.100945 3.535819
v 56.015563 168.950973 3.750000
v 56.015563 168.840473 3.986970
v 56.015563 168.772800 4.239528
v 61.212450 168.750011 4.500000
v 66.409337 168.750011 4.500000
v 71.606224 168.750011 4.500000
v 76.803111 168.750011 4.500000
v 61.212450 168.772800 4.760472
v 66.409337 168.772800 4.760472
v 71.606224 168.772800 4.760472
v 76.803111 168.772800 4.760472
v 61.212450 168.840473 5.013030
v 66.409337 168.840473 5.013030
v 71.606224 168.840473 5.013030
v 76.803111 168.840473 5.013030
v 61.212450 168.950973 5.250000
v 66.409337 168.950973 5.250000
v 71.606224 168.950973 5.250000
v 76.803111 168.950973 5.250000
v 61.212450 169.100945 5.464182
v 66.409337 169.100945 5.464182
v 71.606224 169.100945 5.464182
v 76.803111 169.100945 5.464182
v 61.212450 169.285830 5.649067
v 66.409337 169.285830 5.649067
v 71.606224 169.285830 5.649067
v 76.803111 169.285830 5.649067
v 61.212450 169.500011 5.799038
v 66.409337 169.500011 5.799038
v 71.606224 169.500011 5.799038
v 76.803111 169.500011 5.799038
v 61.212450 169.736981 5.909539
v 66.409337 169.736981 5.909539
v 71.606224 169.736981 5.909539
v 76.803111 169.736981 5.909539
v 61.212450 169.989539 5.977212
v 66.409337 169.989539 5.977212
v 71.606224 169.989539 5.977212
v 76.803111 169.989539 5.977212
v 61.212450 170.250011 6.000000
v 66.409337 170.250011 6.000000
v 71.606224 170.250011 6.000000
v 76.803111 170.250011 6.000000
v 61.212450 170.510484 5.977212
v 66.409337 170.510484 5.977212
v 71.606224 170.510484 5.977212
v 76.803111 170.510484 5.977212
v 61.212450 170.763042 5.909539
v 66.409337 170.763042 5.909539
v 71.606224 170.763042 5.909539
v 76.803111 170.763042 5.909539
v 61.212450 171.000011 5.799038
v 66.409337 171.000011 5.799038
v 71.606224 171.000011 5.799038
v 76.803111 171.000011 5.799038
v 61.212450 171.214193 5.649067
v 66.409337 171.214193 5.649067
v 71.606224 171.214193 5.649067
v 76.803111 171.214193 5.649067
v 61.212450 171.399078 5.464182
v 66.409337 171.399078 5.464182
v 71.606224 171.399078 5.464182
v 76.803111 171.399078 5.464182
v 61.212450 171.549050 5.250000
v 66.409337 171.549050 5.250000
v 71.606224 171.549050 5.250000
v 76.803111 171.549050 5.250000
v 61.212450 171.659550 5.013030
v 66.409337 171.659550 5.013030
v 71.606224 171.659550 5.013030
v 76.803111 171.659550 5.013030
v 61.212450 171.727223 4.760472
v 66.409337 171.727223 4.760472
v 71.606224 171.727223 4.760472
v 76.803111 171.727223 4.760472
v 61.212450 171.750011 4.500000
v 66.409337 171.750011 4.500000
v 71.606224 171.750011 4.500000
v 76.803111 171.750011 4.500000
v 61.212450 171.727223 4.239528
v 66.409337 171.727223 4.239528
v 71.606224 171.727223 4.239528
v 76.803111 171.727223 4.239528
v 61.212450 171.659550 3.986970
v 66.409337 171.659550 3.986970
v 71.606224 171.659550 3.986970
v 76.803111 171.659550 3.986970
v 61.212450 171.549050 3.750000
v 66.409337 171.549050 3.750000
v 71.606224 171.549050 3.750000
v 76.803111 171.549050 3.750000
v 61.212450 171.399078 3.535819
v 66.409337 171.399078 3.535819
v 71.606224 171.399078 3.535819
v 76.803111 171.399078 3.535819
v 61.212450 171.214193 3.350933
v 66.409337 171.214193 3.350933
v 71.606224 171.214193 3.350933
v 76.803111 171.214193 3.350933
v 61.212450 171.000011 3.200962
v 66.409337 171.000011 3.200962
v 71.606224 171.000011 3.200962
v 76.803111 171.000011 3.200962
v 61.212450 170.763042 3.090461
v 66.409337 170.763042 3.090461
v 71.606224 170.763042 3.090461
v 76.803111 170.763042 3.090461
v 61.212450 170.510484 3.022788
v 66.409337 170.510484 3.022788
v 71.606224 170.510484 3.022788
v 76.803111 170.510484 3.022788
v 61.212450 170.250011 3.000000
v 66.409337 170.250011 3.000000
v 71.606224 170.250011 3.000000
v 76.803111 170.250011 3.000000
v 61.212450 169.989539 3.022788
v 66.409337 169.989539 3.022788
v 71.606224 169.989539 3.022788
v 76.803111 169.989539 3.022788
v 61.212450 169.736981 3.090461
v 66.409337 169.736981 3.090461
v 71.606224 169.736981 3.090461
v 76.803111 169.736981 3.090461
v 61.212450 169.500011 3.200962
v 66.409337 169.500011 3.200962
v 71.606224 169.500011 3.200962
v 76.803111 169.500011 3.200962
v 61.212450 169.285830 3.350933
v 66.409337 169.285830 3.350933
v 71.606224 169.285830 3.350933
v 76.803111 169.285830 3.350933
v 61.212450 169.100945 3.535819
v 66.409337 169.100945 3.535819
v 71.606224 169.100945 3.535819
v 76.803111 169.100945 3.535819
v 61.212450 168.950973 3.750000
v 66.409337 168.950973 3.750000
v 71.606224 168.950973 3.750000
v 76.803111 168.950973 3.750000
v 61.212450 168.840473 3.986970
v 66.409337 168.840473 3.986970
v 71.606224 168.840473 3.986970
v 76.803111 168.840473 3.986970
v 61.212450 168.772800 4.239528
v 66.409337 168.772800 4.239528
v 71.606224 168.772800 4.239528
v 76.803111 168.772800 4.239528
v 30.984437 168.750011 4.500000
v 30.984437 168.772800 4.239528
v 30.984437 168.840473 3.986970
v 30.984437 168.950973 3.750000
v 30.984437 169.100945 3.535819
v 30.984437 169.285830 3.350933
v 30.984437 169.500011 3.200962
v 30.984437 169.736981 3.090461
v 30.984437 169.989539 3.022788
v 30.984437 170.250011 3.000000
v 30.984437 170.510484 3.022788
v 30.984437 170.763042 3.090461
v 30.984437 171.000011 3.200962
v 30.984437 171.214193 3.350933
v 30.984437 171.399078 3.535819
v 30.984437 171.549050 3.750000
v 30.984437 171.659550 3.986970
v 30.984437 171.727223 4.239528
v 30.984437 171.750011 4.500000
v 30.984437 171.727223 4.760472
v 30.984437 171.659550 5.013030
v 30.984437 171.549050 5.250000
v 30.984437 171.399078 5.464182
v 30.984437 171.214193 5.649067
v 30.984437 171.000011 5.799038
v 30.984437 170.763042 5.909539
v 30.984437 170.510484 5.977212
v 30.984437 170.250011 6.000000
v 30.984437 169.989539 5.977212
v 30.984437 169.736981 5.909539
v 30.984437 169.500011 5.799038
v 30.984437 169.285830 5.649067
v 30.984437 169.100945 5.464182
v 30.984437 168.950973 5.250000
v 30.984437 168.840473 5.013030
v 30.984437 168.772800 4.760472
v 5.000000 170.250011 6.000000
v 5.000000 170.510484 5.977212
v 5.000000 170.763042 5.909539
v 5.000000 171.000011 5.799038
v 5.000000 171.214193 5.649067
v 5.000000 171.399078 5.464182
v 5.000000 171.549050 5.250000
v 5.000000 171.659550 5.013030
v 5.000000 171.727223 4.760472
v 5.000000 171.750011 4.500000
v 5.000000 171.727223 4.239528
v 5.000000 171.659550 3.986970
v 5.000000 171.549050 3.750000
v 5.000000 171.399078 3.535819
v 5.000000 171.214193 3.350933
v 5.000000 171.000011 3.200962
v 5.000000 170.763042 3.090461
v 5.000000 170.510484 3.022788
v 5.000000 170.250011 3.000000
v 5.000000 169.989539 3.022788
v 5.000000 169.736981 3.090461
v 5.000000 169.500011 3.200962
v 5.000000 169.285830 3.350933
v 5.000000 169.100945 3.535819
v 5.000000 168.950973 3.750000
v 5.000000 168.840473 3.986970
v 5.000000 168.772800 4.239528
v 5.000000 168.750011 4.500000
v 5.000000 168.772800 4.760472
v 5.000000 168.840473 5.013030
v 5.000000 168.950973 5.250000
v 5.000000 169.100945 5.464182
v 5.000000 169.285830 5.649067
v 5.000000 169.500011 5.799038
v 5.000000 169.736981 5.909539
v 5.000000 169.989539 5.977212
v 25.787550 168.750011 4.500000
v 20.590662 168.750011 4.500000
v 15.393775 168.750011 4.500000
v 10.196887 168.750011 4.500000
v 25.787550 168.772800 4.239528
v 20.590662 168.772800 4.239528
v 15.393775 168.772800 4.239528
v 10.196887 168.772800 4.239528
v 25.787550 168.840473 3.986970
v 20.590662 168.840473 3.986970
v 15.393775 168.840473 3.986970
v 10.196887 168.840473 3.986970
v 25.787550 168.950973 3.750000
v 20.590662 168.950973 3.750000
v 15.393775 168.950973 3.750000
v 10.196887 168.950973 3.750000
v 25.787550 169.100945 3.535819
v 20.590662 169.100945 3.535819
v 15.393775 169.100945 3.535819
v 10.196887 169.100945 3.535819
v 25.787550 169.285830 3.350933
v 20.590662 169.285830 3.350933
v 15.393775 169.285830 3.350933
v 10.196887 169.285830 3.350933
v 25.787550 169.500011 3.200962
v 20.590662 169.500011 3.200962
v 15.393775 169.500011 3.200962
v 10.196887 169.500011 3.200962
v 25.787550 169.736981 3.090461
v 20.590662 169.736981 3.090461
v 15.393775 169.736981 3.090461
v 10.196887 169.736981 3.090461
v 25.787550 169.989539 3.022788
v 20.590662 169.989539 3.022788
v 15.393775 169.989539 3.022788
v 10.196887 169.989539 3.022788
v 25.787550 170.250011 3.000000
v 20.590662 170.250011 3.000000
v 15.393775 170.250011 3.000000
v 10.196887 170.250011 3.000000
v 25.787550 170.510484 3.022788
v 20.590662 170.510484 3.022788
v 15.393775 170.510484 3.022788
v 10.196887 170.510484 3.022788
v 25.787550 170.763042 3.090461
v 20.590662 170.763042 3.090461
v 15.393775 170.763042 3.090461
v 10.196887 170.763042 3.090461
v 25.787550 171.000011 3.200962
v 20.590662 171.000011 3.200962
v 15.393775 171.000011 3.200962
v 10.196887 171.000011 3.200962
v 25.787550 171.214193 3.350933
v 20.590662 171.214193 3.350933
v 15.393775 171.214193 3.350933
v 10.196887 171.214193 3.350933
v 25.787550 171.399078 3.535819
v 20.590662 171.399078 3.535819
v 15.393775 171.399078 3.535819
v 10.196887 171.399078 3.535819
v 25.787550 171.549050 3.750000
v 20.590662 171.549050 3.750000
v 15.393775 171.549050 3.750000
v 10.196887 171.549050 3.750000
v 25.787550 171.659550 3.986970
v 20.590662 171.659550 3.986970
v 15.393775 171.659550 3.986970
v 10.196887 171.659550 3.986970
v 25.787550 171.727223 4.239528
v 20.590662 171.727223 4.239528
v 15.393775 171.727223 4.239528
v 10.196887 171.727223 4.239528
v 25.787550 171.750011 4.500000
v 20.590662 171.750011 4.500000
v 15.393775 171.750011 4.500000
v 10.196887 171.750011 4.500000
v 25.787550 171.727223 4.760472
v 20.590662 171.727223 4.760472
v 15.393775 171.727223 4.760472
v 10.196887 171.727223 4.760472
v 25.787550 171.659550 5.013030
v 20.590662 171.659550 5.013030
v 15.393775 171.659550 5.013030
v 10.196887 171.659550 5.013030
v 25.787550 171.549050 5.250000
v 20.590662 171.549050 5.250000
v 15.393775 171.549050 5.250000
v 10.196887 171.549050 5.250000
v 25.787550 171.399078 5.464182
v 20.590662 171.399078 5.464182
v 15.393775 171.399078 5.464182
v 10.196887 171.399078 5.464182
v 25.787550 171.214193 5.649067
v 20.590662 171.214193 5.649067
v 15.393775 171.214193 5.649067
v 10.196887 171.214193 5.649067
v 25.787550 171.000011 5.799038
v 20.590662 171.000011 5.799038
v 15.393775 171.000011 5.799038
v 10.196887 171.000011 5.799038
v 25.787550 170.763042 5.909539
v 20.590662 170.763042 5.909539
v 15.393775 170.763042 5.909539
v 10.196887 170.763042 5.909539
v 25.787550 170.510484 5.977212
v 20.590662 170.510484 5.977212
v 15.393775 170.510484 5.977212
v 10.196887 170.510484 5.977212
v 25.787550 170.250011 6.000000
v 20.590662 170.250011 6.000000
v 15.393775 170.250011 6.000000
v 10.196887 170.250011 6.000000
v 25.787550 169.989539 5.977212
v 20.590662 169.989539 5.977212
v 15.393775 169.989539 5.977212
v 10.196887 169.989539 5.977212
v 25.787550 169.736981 5.909539
v 20.590662 169.736981 5.909539
v 15.393775 169.736981 5.909539
v 10.196887 169.736981 5.909539
v 25.787550 169.500011 5.799038
v 20.590662 169.500011 5.799038
v 15.393775 169.500011 5.799038
v 10.196887 169.500011 5.799038
v 25.787550 169.285830 5.649067
v 20.590662 169.285830 5.649067
v 15.393775 169.285830 5.649067
v 10.196887 169.285830 5.649067
v 25.787550 169.100945 5.464182
v 20.590662 169.100945 5.464182
v 15.393775 169.100945 5.464182
v 10.196887 169.100945 5.464182
v 25.787550 168.950973 5.250000
v 20.590662 168.950973 5.250000
v 15.393775 168.950973 5.250000
v 10.196887 168.950973 5.250000
v 25.787550 168.840473 5.013030
v 20.590662 168.840473 5.013030
v 15.393775 168.840473 5.013030
v 10.196887 168.840473 5.013030
v 25.787550 168.772800 4.760472
v 20.590662 168.772800 4.760472
v 15.393775 168.772800 4.760472
v 10.196887 168.772800 4.760472
v 5.000000 154.250011 0.000000
v 5.000000 154.250011 6.000000
v 13.500000 110.749998 0.000000
v 69.000001 110.749998 0.000000
v 86.999998 154.250011 0.000000
v 86.999998 0.000000 0.000000
v 0.000000 0.000000 0.000000
v 0.000000 154.250011 0.000000
v 5.000000 10.000000 0.000000
v 30.984437 102.750006 0.000000
v 5.000000 102.750006 0.000000
v 51.015563 102.750006 0.000000
v 35.984437 102.750006 0.000000
v 10.000000 10.000000 0.000000
v 77.000003 10.000000 0.000000
v 81.999998 102.750006 0.000000
v 56.015563 102.750006 0.000000
v 81.999998 10.000000 0.000000
v 5.000000 102.750006 28.000000
v 0.000000 107.750006 28.000000
v 0.000000 107.750006 11.000000
v 5.000000 102.750006 11.000000
v 0.000000 20.000000 11.000000
v 0.000000 154.250011 11.000000
v 0.000000 0.000000 102.123413
v 0.000000 10.000000 102.123413
v 0.000000 10.000000 21.000001
v 81.999998 102.750006 28.000000
v 86.999998 107.750006 28.000000
v 83.400002 117.750006 28.000000
v 83.352299 117.387648 28.000000
v 83.212433 117.050009 28.000000
v 82.989950 116.760054 28.000000
v 82.699995 116.537571 28.000000
v 82.362356 116.397705 28.000000
v 81.999998 116.350002 28.000000
v 81.637650 116.397705 28.000000
v 81.300001 116.537571 28.000000
v 81.010046 116.760054 28.000000
v 80.787573 117.050009 28.000000
v 80.647707 117.387648 28.000000
v 80.600004 117.750006 28.000000
v 80.647707 118.112354 28.000000
v 80.787573 118.450003 28.000000
v 81.010046 118.739958 28.000000
v 81.300001 118.962431 28.000000
v 81.637650 119.102297 28.000000
v 81.999998 119.150000 28.000000
v 82.362356 119.102297 28.000000
v 82.699995 118.962431 28.000000
v 82.989950 118.739958 28.000000
v 83.212433 118.450003 28.000000
v 83.352299 118.112354 28.000000
v 83.389549 159.079285 28.000000
v 83.298025 158.725452 28.000000
v 83.118029 158.407383 28.000000
v 82.861853 158.146734 28.000000
v 82.546930 157.961264 28.000000
v 82.194738 157.863617 28.000000
v 81.829290 157.860441 28.000000
v 81.475458 157.951984 28.000000
v 81.157379 158.131971 28.000000
v 80.896721 158.388157 28.000000
v 80.711250 158.703070 28.000000
v 80.613613 159.055252 28.000000
v 80.610456 159.420719 28.000000
v 80.701981 159.774551 28.000000
v 80.881977 160.092621 28.000000
v 81.138153 160.353279 28.000000
v 81.453075 160.538750 28.000000
v 81.805258 160.636387 28.000000
v 82.170715 160.639553 28.000000
v 82.524548 160.548019 28.000000
v 82.842627 160.368023 28.000000
v 83.103285 160.111847 28.000000
v 83.288755 159.796934 28.000000
v 83.386393 159.444752 28.000000
v 74.000001 171.250000 28.000000
v 74.000001 105.749998 28.000000
v 8.500000 105.749998 28.000000
v 8.500000 171.250000 28.000000
v 81.999998 102.750006 11.000000
v 86.999998 107.750006 11.000000
v 86.999998 20.000000 11.000000
v 86.999998 10.000000 21.000001
v 86.999998 10.000000 102.123413
v 86.999998 0.000000 102.123413
v 86.999998 154.250011 11.000000
v 5.000000 10.000000 107.123413
v 5.000000 0.000000 107.123413
v 81.999998 0.000000 107.123413
v 81.999998 10.000000 107.123413
v 63.861423 0.000000 33.915539
v 59.679613 0.000000 31.616571
v 55.242648 0.000000 29.859853
v 50.620494 0.000000 28.673084
v 45.886040 0.000000 28.074985
v 41.113963 0.000000 28.074985
v 36.379509 0.000000 28.673084
v 31.757355 0.000000 29.859853
v 27.320387 0.000000 31.616571
v 23.138583 0.000000 33.915539
v 19.277890 0.000000 36.720498
v 15.799192 0.000000 39.987209
v 12.757354 0.000000 43.664165
v 10.200347 0.000000 47.693362
v 8.168494 0.000000 52.011271
v 6.693840 0.000000 56.549788
v 5.799641 0.000000 61.237340
v 5.500000 0.000000 65.999999
v 5.799641 0.000000 70.762668
v 6.693840 0.000000 75.450220
v 8.168494 0.000000 79.988732
v 10.200347 0.000000 84.306641
v 12.757354 0.000000 88.335838
v 15.799192 0.000000 92.012787
v 19.277890 0.000000 95.279503
v 23.138583 0.000000 98.084459
v 27.320387 0.000000 100.383434
v 31.757355 0.000000 102.140150
v 36.379509 0.000000 103.326912
v 41.113963 0.000000 103.925018
v 45.886040 0.000000 103.925018
v 50.620494 0.000000 103.326912
v 55.242648 0.000000 102.140150
v 59.679613 0.000000 100.383434
v 63.861423 0.000000 98.084459
v 67.722116 0.000000 95.279503
v 71.200805 0.000000 92.012787
v 74.242644 0.000000 88.335838
v 76.799655 0.000000 84.306641
v 78.831506 0.000000 79.988732
v 80.306158 0.000000 75.450220
v 81.200361 0.000000 70.762668
v 81.500006 0.000000 65.999999
v 81.200361 0.000000 61.237340
v 80.306158 0.000000 56.549788
v 78.831506 0.000000 52.011271
v 76.799655 0.000000 47.693362
v 74.242644 0.000000 43.664165
v 71.200805 0.000000 39.987209
v 67.722116 0.000000 36.720498
v 77.903404 0.000000 103.633451
v 78.409472 0.000000 103.761873
v 78.931527 0.000000 103.754940
v 79.434009 0.000000 103.613119
v 79.882655 0.000000 103.346090
v 80.246906 0.000000 102.972031
v 80.501928 0.000000 102.516451
v 80.630350 0.000000 102.010384
v 80.623417 0.000000 101.488333
v 80.481596 0.000000 100.985861
v 80.214567 0.000000 100.537205
v 79.840508 0.000000 100.172949
v 79.384928 0.000000 99.917936
v 78.878860 0.000000 99.789505
v 78.356805 0.000000 99.796438
v 77.854323 0.000000 99.938259
v 77.405677 0.000000 100.205297
v 77.041430 0.000000 100.579348
v 76.786408 0.000000 101.034927
v 76.657982 0.000000 101.540995
v 76.664920 0.000000 102.063055
v 76.806731 0.000000 102.565527
v 77.073770 0.000000 103.014174
v 77.447824 0.000000 103.378429
v 7.489614 0.000000 103.130350
v 8.011673 0.000000 103.123417
v 8.514148 0.000000 102.981596
v 8.962798 0.000000 102.714567
v 9.327046 0.000000 102.340508
v 9.582071 0.000000 101.884928
v 9.710491 0.000000 101.378860
v 9.703558 0.000000 100.856810
v 9.561742 0.000000 100.354328
v 9.294707 0.000000 99.905682
v 8.920653 0.000000 99.541426
v 8.465070 0.000000 99.286413
v 7.959005 0.000000 99.157982
v 7.436947 0.000000 99.164915
v 6.934471 0.000000 99.306736
v 6.485822 0.000000 99.573774
v 6.121574 0.000000 99.947824
v 5.866549 0.000000 100.403404
v 5.738128 0.000000 100.909472
v 5.745062 0.000000 101.431532
v 5.886878 0.000000 101.934004
v 6.153912 0.000000 102.382650
v 6.527967 0.000000 102.746906
v 6.983550 0.000000 103.001928
v 8.643198 0.000000 32.203557
v 9.145674 0.000000 32.061741
v 9.594323 0.000000 31.794708
v 9.958572 0.000000 31.420653
v 10.213596 0.000000 30.965071
v 10.342017 0.000000 30.459006
v 10.335083 0.000000 29.936948
v 10.193267 0.000000 29.434471
v 9.926233 0.000000 28.985822
v 9.552178 0.000000 28.621576
v 9.096596 0.000000 28.366549
v 8.590531 0.000000 28.238130
v 8.068472 0.000000 28.245063
v 7.565997 0.000000 28.386879
v 7.117348 0.000000 28.653913
v 6.753099 0.000000 29.027965
v 6.498075 0.000000 29.483550
v 6.369653 0.000000 29.989614
v 6.376588 0.000000 30.511672
v 6.518404 0.000000 31.014149
v 6.785437 0.000000 31.462798
v 7.159492 0.000000 31.827047
v 7.615075 0.000000 32.082069
v 8.121139 0.000000 32.210491
v 78.534927 0.000000 32.713597
v 79.040995 0.000000 32.842019
v 79.563060 0.000000 32.835083
v 80.065527 0.000000 32.693269
v 80.514174 0.000000 32.426231
v 80.878429 0.000000 32.052178
v 81.133451 0.000000 31.596596
v 81.261873 0.000000 31.090531
v 81.254940 0.000000 30.568473
v 81.113119 0.000000 30.065997
v 80.846090 0.000000 29.617348
v 80.472031 0.000000 29.253099
v 80.016451 0.000000 28.998077
v 79.510384 0.000000 28.869655
v 78.988328 0.000000 28.876588
v 78.485856 0.000000 29.018404
v 78.037200 0.000000 29.285438
v 77.672954 0.000000 29.659493
v 77.417932 0.000000 30.115075
v 77.289505 0.000000 30.621140
v 77.296443 0.000000 31.143198
v 77.438254 0.000000 31.645675
v 77.705293 0.000000 32.094324
v 78.079348 0.000000 32.458572
v 3.499998 159.250011 7.500002
v 1.499998 159.250011 9.500002
v 1.499998 159.250011 10.000000
v 2.499998 159.250011 11.000000
v 3.499998 159.250011 10.000000
v 3.499998 169.250011 7.500002
v 3.499998 169.250011 10.000000
v 1.499998 169.250011 10.000000
v 2.499998 169.250011 11.000000
v 1.499998 169.250011 9.500002
v 85.499998 159.250011 9.500000
v 83.499998 159.250011 7.500000
v 83.499998 159.250011 10.000000
v 84.499998 159.250011 11.000000
v 85.499998 159.250011 10.000000
v 85.499998 169.250011 9.500000
v 85.499998 169.250011 10.000000
v 83.499998 169.250011 10.000000
v 84.499998 169.250011 11.000000
v 83.499998 169.250011 7.500000
v 5.799641 10.000000 61.237340
v 5.500000 10.000000 65.999999
v 8.168494 10.000000 52.011271
v 6.693840 10.000000 56.549788
v 10.200347 10.000000 47.693362
v 12.757354 10.000000 43.664165
v 15.799192 10.000000 39.987209
v 5.799641 10.000000 70.762668
v 6.693840 10.000000 75.450220
v 12.757354 10.000000 88.335838
v 15.799192 10.000000 92.012787
v 10.200347 10.000000 84.306641
v 19.277890 10.000000 95.279503
v 23.138583 10.000000 98.084459
v 8.168494 10.000000 79.988732
v 27.320387 10.000000 100.383434
v 31.757355 10.000000 102.140150
v 19.277890 10.000000 36.720498
v 23.138583 10.000000 33.915539
v 27.320387 10.000000 31.616571
v 31.757355 10.000000 29.859853
v 36.379509 10.000000 28.673084
v 41.113963 10.000000 28.074985
v 45.886040 10.000000 28.074985
v 50.620494 10.000000 28.673084
v 55.242648 10.000000 29.859853
v 59.679613 10.000000 31.616571
v 63.861423 10.000000 33.915539
v 67.722116 10.000000 36.720498
v 71.200805 10.000000 39.987209
v 74.242644 10.000000 43.664165
v 76.799655 10.000000 47.693362
v 78.831506 10.000000 52.011271
v 80.306158 10.000000 56.549788
v 81.200361 10.000000 61.237340
v 81.500006 10.000000 65.999999
v 81.200361 10.000000 70.762668
v 80.306158 10.000000 75.450220
v 78.831506 10.000000 79.988732
v 76.799655 10.000000 84.306641
v 74.242644 10.000000 88.335838
v 71.200805 10.000000 92.012787
v 67.722116 10.000000 95.279503
v 63.861423 10.000000 98.084459
v 59.679613 10.000000 100.383434
v 55.242648 10.000000 102.140150
v 50.620494 10.000000 103.326912
v 45.886040 10.000000 103.925018
v 41.113963 10.000000 103.925018
v 36.379509 10.000000 103.326912
v 8.962798 10.000000 102.714567
v 9.327046 10.000000 102.340508
v 8.514148 10.000000 102.981596
v 8.011673 10.000000 103.123417
v 7.489614 10.000000 103.130350
v 6.983550 10.000000 103.001928
v 6.527967 10.000000 102.746906
v 6.153912 10.000000 102.382650
v 5.886878 10.000000 101.934004
v 5.745062 10.000000 101.431532
v 5.738128 10.000000 100.909472
v 5.866549 10.000000 100.403404
v 6.121574 10.000000 99.947824
v 6.485822 10.000000 99.573774
v 6.934471 10.000000 99.306736
v 7.615075 10.000000 32.082069
v 8.121139 10.000000 32.210491
v 7.436947 10.000000 99.164915
v 7.959005 10.000000 99.157982
v 8.465070 10.000000 99.286413
v 8.920653 10.000000 99.541426
v 9.294707 10.000000 99.905682
v 9.561742 10.000000 100.354328
v 9.703558 10.000000 100.856810
v 9.710491 10.000000 101.378860
v 9.582071 10.000000 101.884928
v 77.447824 10.000000 103.378429
v 77.903404 10.000000 103.633451
v 77.073770 10.000000 103.014174
v 76.806731 10.000000 102.565527
v 76.664920 10.000000 102.063055
v 76.657982 10.000000 101.540995
v 76.786408 10.000000 101.034927
v 77.041430 10.000000 100.579348
v 77.405677 10.000000 100.205297
v 77.854323 10.000000 99.938259
v 78.356805 10.000000 99.796438
v 78.878860 10.000000 99.789505
v 79.384928 10.000000 99.917936
v 79.840508 10.000000 100.172949
v 80.214567 10.000000 100.537205
v 80.481596 10.000000 100.985861
v 80.623417 10.000000 101.488333
v 80.630350 10.000000 102.010384
v 80.501928 10.000000 102.516451
v 80.246906 10.000000 102.972031
v 79.882655 10.000000 103.346090
v 79.434009 10.000000 103.613119
v 78.931527 10.000000 103.754940
v 78.409472 10.000000 103.761873
v 80.878429 10.000000 32.052178
v 81.133451 10.000000 31.596596
v 80.514174 10.000000 32.426231
v 80.065527 10.000000 32.693269
v 79.563060 10.000000 32.835083
v 79.040995 10.000000 32.842019
v 78.534927 10.000000 32.713597
v 78.079348 10.000000 32.458572
v 77.705293 10.000000 32.094324
v 77.438254 10.000000 31.645675
v 77.296443 10.000000 31.143198
v 77.289505 10.000000 30.621140
v 77.417932 10.000000 30.115075
v 77.672954 10.000000 29.659493
v 78.037200 10.000000 29.285438
v 78.485856 10.000000 29.018404
v 78.988328 10.000000 28.876588
v 79.510384 10.000000 28.869655
v 80.016451 10.000000 28.998077
v 80.472031 10.000000 29.253099
v 80.846090 10.000000 29.617348
v 81.113119 10.000000 30.065997
v 81.254940 10.000000 30.568473
v 81.261873 10.000000 31.090531
v 9.096596 10.000000 28.366549
v 9.552178 10.000000 28.621576
v 9.926233 10.000000 28.985822
v 10.193267 10.000000 29.434471
v 10.335083 10.000000 29.936948
v 10.342017 10.000000 30.459006
v 10.213596 10.000000 30.965071
v 9.958572 10.000000 31.420653
v 9.594323 10.000000 31.794708
v 9.145674 10.000000 32.061741
v 8.643198 10.000000 32.203557
v 7.159492 10.000000 31.827047
v 6.785437 10.000000 31.462798
v 6.518404 10.000000 31.014149
v 6.376588 10.000000 30.511672
v 6.369653 10.000000 29.989614
v 6.498075 10.000000 29.483550
v 6.753099 10.000000 29.027965
v 7.117348 10.000000 28.653913
v 7.565997 10.000000 28.386879
v 8.068472 10.000000 28.245063
v 8.590531 10.000000 28.238130
v 81.999998 10.000000 21.000001
v 81.999998 10.000000 11.000000
v 77.000003 10.000000 11.000000
v 10.000000 10.000000 11.000000
v 5.000000 10.000000 11.000000
v 5.000000 10.000000 21.000001
v 81.999998 20.000000 11.000000
v 56.015563 102.750006 11.000000
v 30.984437 102.750006 11.000000
v 35.984437 102.750006 11.000000
v 51.015563 102.750006 11.000000
v 74.000001 171.250000 13.000001
v 8.500000 171.250000 13.000001
v 8.500000 105.749998 13.000001
v 74.000001 105.749998 13.000001
v 69.000001 110.749998 13.000001
v 13.500000 110.749998 13.000001
v 5.000000 20.000000 11.000000
v 80.647707 118.112354 18.000001
v 80.600004 117.750006 18.000001
v 80.647707 117.387648 18.000001
v 80.787573 117.050009 18.000001
v 81.010046 116.760054 18.000001
v 81.300001 116.537571 18.000001
v 81.637650 116.397705 18.000001
v 81.999998 116.350002 18.000001
v 82.362356 116.397705 18.000001
v 82.699995 116.537571 18.000001
v 82.989950 116.760054 18.000001
v 83.212433 117.050009 18.000001
v 83.352299 117.387648 18.000001
v 83.400002 117.750006 18.000001
v 83.352299 118.112354 18.000001
v 83.212433 118.450003 18.000001
v 82.989950 118.739958 18.000001
v 82.699995 118.962431 18.000001
v 82.362356 119.102297 18.000001
v 81.999998 119.150000 18.000001
v 81.637650 119.102297 18.000001
v 81.300001 118.962431 18.000001
v 81.010046 118.739958 18.000001
v 80.787573 118.450003 18.000001
v 80.701981 159.774551 18.000001
v 80.610456 159.420719 18.000001
v 80.613613 159.055252 18.000001
v 80.711250 158.703070 18.000001
v 80.896721 158.388157 18.000001
v 81.157379 158.131971 18.000001
v 81.475458 157.951984 18.000001
v 81.829290 157.860441 18.000001
v 82.194738 157.863617 18.000001
v 82.546930 157.961264 18.000001
v 82.861853 158.146734 18.000001
v 83.118029 158.407383 18.000001
v 83.298025 158.725452 18.000001
v 83.389549 159.079285 18.000001
v 83.386393 159.444752 18.000001
v 83.288755 159.796934 18.000001
v 83.103285 160.111847 18.000001
v 82.842627 160.368023 18.000001
v 82.524548 160.548019 18.000001
v 82.170715 160.639553 18.000001
v 81.805258 160.636387 18.000001
v 81.453075 160.538750 18.000001
v 81.138153 160.353279 18.000001
v 80.881977 160.092621 18.000001
vt 0.435000 -0.418507 0.000000
vt 0.435000 -0.455673 0.000000
vt 0.442748 -0.437518 0.000000
vt 0.442748 -0.474656 0.000000
vt 0.435000 -0.492840 0.000000
vt 0.442748 -0.511794 0.000000
vt 0.435000 -0.530006 0.000000
vt 0.442748 -0.548933 0.000000
vt 0.435000 -0.567172 0.000000
vt 0.442748 -0.586071 0.000000
vt 0.435000 -0.604338 0.000000
vt 0.442748 -0.623210 0.000000
vt 0.435000 -0.641504 0.000000
vt 0.442748 -0.660348 0.000000
vt 0.435000 -0.678670 0.000000
vt 0.442748 -0.697487 0.000000
vt 0.435000 -0.715836 0.000000
vt 0.442748 -0.734625 0.000000
vt 0.435000 -0.753002 0.000000
vt 0.442748 -0.771764 0.000000
vt 0.435000 -0.790168 0.000000
vt 0.442748 -0.808902 0.000000
vt 0.435000 -0.827334 0.000000
vt 0.442748 -0.846041 0.000000
vt 0.435000 -0.864500 0.000000
vt 0.442748 -0.883179 0.000000
vt 0.435000 -0.901666 0.000000
vt 0.442748 -0.920317 0.000000
vt 0.435000 -0.938832 0.000000
vt 0.442748 -0.957456 0.000000
vt 0.435000 -0.975998 0.000000
vt 0.442748 -0.994594 0.000000
vt 0.435000 -1.013164 0.000000
vt 0.442748 -1.031733 0.000000
vt 0.435000 -1.050330 0.000000
vt 0.442748 -1.068871 0.000000
vt 0.435000 -1.087496 0.000000
vt 0.442748 -1.106010 0.000000
vt 0.435000 -1.124662 0.000000
vt 0.442748 -1.143148 0.000000
vt 0.435000 -1.161828 0.000000
vt 0.442748 -1.180287 0.000000
vt 0.435000 -1.198994 0.000000
vt 0.442748 -1.217425 0.000000
vt 0.435000 -1.236160 0.000000
vt 0.442748 -1.254564 0.000000
vt 0.435000 -1.273326 0.000000
vt 0.442748 -1.291702 0.000000
vt 0.435000 -1.310492 0.000000
vt 0.442748 -1.328841 0.000000
vt 0.435000 -1.347658 0.000000
vt 0.442748 -1.365979 0.000000
vt 0.435000 -1.384824 0.000000
vt 0.442748 -1.403117 0.000000
vt 0.435000 -1.421990 0.000000
vt 0.442748 -1.440256 0.000000
vt 0.435000 -1.459156 0.000000
vt 0.442748 -1.477394 0.000000
vt 0.435000 -1.496322 0.000000
vt 0.442748 -1.514533 0.000000
vt 0.435000 -1.533488 0.000000
vt 0.442748 -1.551671 0.000000
vt 0.435000 -1.570654 0.000000
vt 0.442748 -1.588810 0.000000
vt 0.435000 -1.607820 0.000000
vt 0.435000 0.256935 0.000000
vt 0.435000 0.219769 0.000000
vt 0.442739 0.237946 0.000000
vt 0.442739 0.200806 0.000000
vt 0.435000 0.182603 0.000000
vt 0.442739 0.163667 0.000000
vt 0.435000 0.145437 0.000000
vt 0.442739 0.126527 0.000000
vt 0.435000 0.108271 0.000000
vt 0.442739 0.089387 0.000000
vt 0.435000 0.071105 0.000000
vt 0.442739 0.052247 0.000000
vt 0.435000 0.033939 0.000000
vt 0.442739 0.015107 0.000000
vt 0.435000 -0.003227 0.000000
vt 0.442739 -0.022033 0.000000
vt 0.435000 -0.040393 0.000000
vt 0.442739 -0.059172 0.000000
vt 0.435000 -0.077559 0.000000
vt 0.442739 -0.096312 0.000000
vt 0.435000 -0.114725 0.000000
vt 0.442739 -0.133452 0.000000
vt 0.435000 -0.151891 0.000000
vt 0.442739 -0.170592 0.000000
vt 0.435000 -0.189057 0.000000
vt 0.442739 -0.207732 0.000000
vt 0.435000 -0.226223 0.000000
vt 0.442739 -0.244872 0.000000
vt 0.435000 -0.263389 0.000000
vt 0.442739 -0.282011 0.000000
vt 0.435000 -0.300555 0.000000
vt 0.442739 -0.319151 0.000000
vt 0.435000 -0.337721 0.000000
vt 0.442739 -0.356291 0.000000
vt 0.435000 -0.374887 0.000000
vt 0.442739 -0.393431 0.000000
vt 0.435000 -0.412053 0.000000
vt 0.442739 -0.430571 0.000000
vt 0.435000 -0.449219 0.000000
vt 0.442739 -0.467711 0.000000
vt 0.435000 -0.486385 0.000000
vt 0.442739 -0.504850 0.000000
vt 0.435000 -0.523551 0.000000
vt 0.442739 -0.541990 0.000000
vt 0.435000 -0.560717 0.000000
vt 0.442739 -0.579130 0.000000
vt 0.435000 -0.597883 0.000000
vt 0.442739 -0.616270 0.000000
vt 0.435000 -0.635049 0.000000
vt 0.442739 -0.653410 0.000000
vt 0.435000 -0.672215 0.000000
vt 0.442739 -0.690550 0.000000
vt 0.435000 -0.709381 0.000000
vt 0.442739 -0.727689 0.000000
vt 0.435000 -0.746547 0.000000
vt 0.442739 -0.764829 0.000000
vt 0.435000 -0.783713 0.000000
vt 0.442739 -0.801969 0.000000
vt 0.435000 -0.820879 0.000000
vt 0.442739 -0.839109 0.000000
vt 0.435000 -0.858045 0.000000
vt 0.442739 -0.876249 0.000000
vt 0.435000 -0.895211 0.000000
vt 0.442739 -0.913389 0.000000
vt 0.435000 -0.932377 0.000000
vt -2.200000 1.060613 0.000000
vt -2.435801 0.642203 0.000000
vt -2.200000 0.260750 0.000000
vt -2.442177 0.605662 0.000000
vt -2.454739 0.570760 0.000000
vt -2.842261 1.060613 0.000000
vt -2.591572 0.867659 0.000000
vt -2.556877 0.854536 0.000000
vt -2.524954 0.835645 0.000000
vt -2.842261 0.756982 0.000000
vt -2.822859 0.788597 0.000000
vt -2.798311 0.816406 0.000000
vt -2.769349 0.839582 0.000000
vt -2.736834 0.857435 0.000000
vt -2.701734 0.869433 0.000000
vt -2.665095 0.875219 0.000000
vt -2.628006 0.874622 0.000000
vt -2.496753 0.811549 0.000000
vt -2.473113 0.782963 0.000000
vt -2.454739 0.750740 0.000000
vt -2.442177 0.715838 0.000000
vt -2.435801 0.679297 0.000000
vt -2.473113 0.538537 0.000000
vt -2.496753 0.509951 0.000000
vt -2.524954 0.485855 0.000000
vt -2.556877 0.466964 0.000000
vt -2.591572 0.453841 0.000000
vt -2.842261 0.260750 0.000000
vt -2.628006 0.446878 0.000000
vt -2.665095 0.446281 0.000000
vt -2.701734 0.452067 0.000000
vt -2.736834 0.464065 0.000000
vt -2.769349 0.481918 0.000000
vt -2.798311 0.505094 0.000000
vt -2.822859 0.532903 0.000000
vt -2.842261 0.564518 0.000000
vt -1.050000 -0.026060 0.000000
vt -1.285801 -0.407513 0.000000
vt -1.050000 -0.825889 0.000000
vt -1.285801 -0.444606 0.000000
vt -1.292177 -0.481146 0.000000
vt -1.692252 -0.026060 0.000000
vt -1.441562 -0.219154 0.000000
vt -1.406869 -0.232277 0.000000
vt -1.374947 -0.251168 0.000000
vt -1.692252 -0.329808 0.000000
vt -1.672847 -0.298197 0.000000
vt -1.648298 -0.270391 0.000000
vt -1.619335 -0.247218 0.000000
vt -1.586819 -0.229368 0.000000
vt -1.551720 -0.217373 0.000000
vt -1.515082 -0.211589 0.000000
vt -1.477994 -0.212189 0.000000
vt -1.346748 -0.275265 0.000000
vt -1.323111 -0.303850 0.000000
vt -1.304738 -0.336072 0.000000
vt -1.292177 -0.370973 0.000000
vt -1.304738 -0.516047 0.000000
vt -1.323111 -0.548269 0.000000
vt -1.346748 -0.576854 0.000000
vt -1.374947 -0.600951 0.000000
vt -1.406869 -0.619842 0.000000
vt -1.441562 -0.632965 0.000000
vt -1.692252 -0.825889 0.000000
vt -1.477994 -0.639930 0.000000
vt -1.515082 -0.640530 0.000000
vt -1.551720 -0.634746 0.000000
vt -1.586819 -0.622751 0.000000
vt -1.619335 -0.604901 0.000000
vt -1.648298 -0.581728 0.000000
vt -1.672847 -0.553922 0.000000
vt -1.692252 -0.522311 0.000000
vt 0.642300 -0.056031 0.000000
vt -0.000000 -0.056031 0.000000
vt 0.642252 -0.056209 0.000000
vt 0.000000 -0.056209 0.000000
vt -0.642300 -0.056031 0.000000
vt -0.642261 -0.056173 0.000000
vt -0.000000 -0.056031 0.000000
vt -0.000000 -0.056173 0.000000
vt -0.423953 0.547721 0.000000
vt -0.446773 0.614976 0.000000
vt -0.450000 0.550000 0.000000
vt -0.483798 0.612327 0.000000
vt -0.476047 0.547721 0.000000
vt -0.519816 0.603349 0.000000
vt -0.501303 0.540954 0.000000
vt -0.553752 0.588309 0.000000
vt -0.525000 0.529904 0.000000
vt -0.584596 0.567657 0.000000
vt -0.546418 0.514907 0.000000
vt -0.611428 0.542007 0.000000
vt -0.564907 0.496418 0.000000
vt -0.633448 0.512124 0.000000
vt -0.579904 0.475000 0.000000
vt -0.650000 0.478899 0.000000
vt -0.590954 0.451303 0.000000
vt -0.597721 0.426047 0.000000
vt -0.600000 0.400000 0.000000
vt -0.650000 0.321101 0.000000
vt -0.597721 0.373953 0.000000
vt -0.590954 0.348697 0.000000
vt -0.579904 0.325000 0.000000
vt -0.633448 0.287876 0.000000
vt -0.564907 0.303582 0.000000
vt -0.611428 0.257993 0.000000
vt -0.546418 0.285093 0.000000
vt -0.584596 0.232343 0.000000
vt -0.525000 0.270096 0.000000
vt -0.553752 0.211691 0.000000
vt -0.501303 0.259046 0.000000
vt -0.519816 0.196651 0.000000
vt -0.476047 0.252279 0.000000
vt -0.483798 0.187673 0.000000
vt -0.450000 0.250000 0.000000
vt -0.446773 0.185024 0.000000
vt -0.423953 0.252279 0.000000
vt -0.409844 0.188783 0.000000
vt -0.398697 0.259046 0.000000
vt -0.374112 0.198838 0.000000
vt -0.375000 0.270096 0.000000
vt -0.340642 0.214890 0.000000
vt -0.353582 0.285093 0.000000
vt -0.310432 0.236459 0.000000
vt -0.335093 0.303582 0.000000
vt -0.284382 0.262902 0.000000
vt -0.320096 0.325000 0.000000
vt -0.263269 0.293433 0.000000
vt -0.309046 0.348697 0.000000
vt -0.247722 0.327140 0.000000
vt -0.302279 0.373953 0.000000
vt -0.238204 0.363019 0.000000
vt -0.300000 0.400000 0.000000
vt -0.235000 0.400000 0.000000
vt -0.238204 0.436981 0.000000
vt -0.409844 0.611217 0.000000
vt -0.398697 0.540954 0.000000
vt -0.374112 0.601162 0.000000
vt -0.375000 0.529904 0.000000
vt -0.340642 0.585110 0.000000
vt -0.353582 0.514907 0.000000
vt -0.310432 0.563541 0.000000
vt -0.335093 0.496418 0.000000
vt -0.284382 0.537098 0.000000
vt -0.320096 0.475000 0.000000
vt -0.263269 0.506567 0.000000
vt -0.309046 0.451303 0.000000
vt -0.247722 0.472860 0.000000
vt -0.302279 0.426047 0.000000
vt -0.623953 0.547721 0.000000
vt -0.616202 0.612327 0.000000
vt -0.650000 0.550000 0.000000
vt -0.653227 0.614976 0.000000
vt -0.676047 0.547721 0.000000
vt -0.690156 0.611217 0.000000
vt -0.701303 0.540954 0.000000
vt -0.725888 0.601162 0.000000
vt -0.725000 0.529904 0.000000
vt -0.759358 0.585110 0.000000
vt -0.746418 0.514907 0.000000
vt -0.789568 0.563541 0.000000
vt -0.764907 0.496418 0.000000
vt -0.815618 0.537098 0.000000
vt -0.779904 0.475000 0.000000
vt -0.836731 0.506567 0.000000
vt -0.790954 0.451303 0.000000
vt -0.852278 0.472860 0.000000
vt -0.797721 0.426047 0.000000
vt -0.861796 0.436981 0.000000
vt -0.800000 0.400000 0.000000
vt -0.865000 0.400000 0.000000
vt -0.861796 0.363019 0.000000
vt -0.580184 0.603349 0.000000
vt -0.598697 0.540954 0.000000
vt -0.546248 0.588309 0.000000
vt -0.575000 0.529904 0.000000
vt -0.515404 0.567657 0.000000
vt -0.553582 0.514907 0.000000
vt -0.488572 0.542007 0.000000
vt -0.535093 0.496418 0.000000
vt -0.466552 0.512124 0.000000
vt -0.520096 0.475000 0.000000
vt -0.450000 0.478899 0.000000
vt -0.509046 0.451303 0.000000
vt -0.502279 0.426047 0.000000
vt -0.500000 0.400000 0.000000
vt -0.450000 0.321101 0.000000
vt -0.502279 0.373953 0.000000
vt -0.509046 0.348697 0.000000
vt -0.520096 0.325000 0.000000
vt -0.466552 0.287876 0.000000
vt -0.535093 0.303582 0.000000
vt -0.488572 0.257993 0.000000
vt -0.553582 0.285093 0.000000
vt -0.515404 0.232343 0.000000
vt -0.575000 0.270096 0.000000
vt -0.546248 0.211691 0.000000
vt -0.598697 0.259046 0.000000
vt -0.580184 0.196651 0.000000
vt -0.623953 0.252279 0.000000
vt -0.616202 0.187673 0.000000
vt -0.650000 0.250000 0.000000
vt -0.653227 0.185024 0.000000
vt -0.676047 0.252279 0.000000
vt -0.690156 0.188783 0.000000
vt -0.701303 0.259046 0.000000
vt -0.725888 0.198838 0.000000
vt -0.725000 0.270096 0.000000
vt -0.759358 0.214890 0.000000
vt -0.746418 0.285093 0.000000
vt -0.789568 0.236459 0.000000
vt -0.764907 0.303582 0.000000
vt -0.815618 0.262902 0.000000
vt -0.779904 0.325000 0.000000
vt -0.836731 0.293433 0.000000
vt -0.790954 0.348697 0.000000
vt -0.852278 0.327140 0.000000
vt -0.797721 0.373953 0.000000
vt 0.500000 -0.400000 0.000000
vt 0.500000 -2.000000 0.000000
vt 0.502279 -0.426047 0.000000
vt 0.509046 -0.451303 0.000000
vt 0.520096 -0.475000 0.000000
vt 0.535093 -0.496418 0.000000
vt 0.553582 -0.514907 0.000000
vt 0.575000 -0.529904 0.000000
vt 0.598697 -0.540954 0.000000
vt 0.623953 -0.547721 0.000000
vt 0.650000 -0.550000 0.000000
vt 0.676047 -0.547721 0.000000
vt 0.701303 -0.540954 0.000000
vt 0.725000 -0.529904 0.000000
vt 1.100000 -2.000000 0.000000
vt 0.746418 -0.514907 0.000000
vt 0.764907 -0.496418 0.000000
vt 0.779904 -0.475000 0.000000
vt 0.790954 -0.451303 0.000000
vt 0.797721 -0.426047 0.000000
vt 1.100000 0.000000 0.000000
vt 0.800000 -0.400000 0.000000
vt 0.797721 -0.373953 0.000000
vt 0.790954 -0.348697 0.000000
vt 0.779904 -0.325000 0.000000
vt 0.764907 -0.303582 0.000000
vt 0.746418 -0.285093 0.000000
vt 0.725000 -0.270096 0.000000
vt 0.500000 0.000000 0.000000
vt 0.701303 -0.259046 0.000000
vt 0.676047 -0.252279 0.000000
vt 0.650000 -0.250000 0.000000
vt 0.623953 -0.252279 0.000000
vt 0.598697 -0.259046 0.000000
vt 0.575000 -0.270096 0.000000
vt 0.553582 -0.285093 0.000000
vt 0.535093 -0.303582 0.000000
vt 0.520096 -0.325000 0.000000
vt 0.509046 -0.348697 0.000000
vt 0.502279 -0.373953 0.000000
vt -1.100000 4.893856 0.000000
vt -1.100000 3.806144 0.000000
vt -0.457700 4.893856 0.000000
vt -0.457700 3.806144 0.000000
vt 0.000000 5.351556 0.000000
vt 0.000000 3.348444 0.000000
vt 1.700000 8.700000 0.000000
vt 1.700000 -0.000000 0.000000
vt 0.000000 -0.000000 0.000000
vt -0.250000 3.098444 0.000000
vt -0.500000 0.500000 0.000000
vt -1.100000 3.098444 0.000000
vt -1.100000 0.500000 0.000000
vt 0.000000 8.700000 0.000000
vt -0.250000 5.601556 0.000000
vt -0.500000 8.200000 0.000000
vt -1.100000 5.601556 0.000000
vt -1.100000 7.900000 0.000000
vt -1.100000 8.200000 0.000000
vt -0.801556 0.445059 0.000000
vt -0.250000 0.445059 0.000000
vt -0.801556 0.471239 0.000000
vt -0.250000 0.471239 0.000000
vt -0.801556 -0.471239 0.000000
vt -0.250000 -0.471239 0.000000
vt -0.801556 -0.445059 0.000000
vt -0.250000 -0.445059 0.000000
vt -0.801556 -0.418879 0.000000
vt -0.250000 -0.418879 0.000000
vt -0.801556 -0.392699 0.000000
vt -0.250000 -0.392699 0.000000
vt -0.801556 -0.366519 0.000000
vt -0.250000 -0.366519 0.000000
vt -0.801556 -0.340339 0.000000
vt -0.250000 -0.340339 0.000000
vt -0.801556 -0.314159 0.000000
vt -0.250000 -0.314159 0.000000
vt -0.801556 -0.287979 0.000000
vt -0.250000 -0.287979 0.000000
vt -0.801556 -0.261799 0.000000
vt -0.250000 -0.261799 0.000000
vt -0.801556 -0.235619 0.000000
vt -0.250000 -0.235619 0.000000
vt -0.801556 -0.209440 0.000000
vt -0.250000 -0.209440 0.000000
vt -0.801556 -0.183260 0.000000
vt -0.250000 -0.183260 0.000000
vt -0.801556 -0.157080 0.000000
vt -0.250000 -0.157080 0.000000
vt -0.801556 -0.130900 0.000000
vt -0.250000 -0.130900 0.000000
vt -0.801556 -0.104720 0.000000
vt -0.250000 -0.104720 0.000000
vt -0.801556 -0.078540 0.000000
vt -0.250000 -0.078540 0.000000
vt -0.801556 -0.052360 0.000000
vt -0.250000 -0.052360 0.000000
vt -0.801556 -0.026180 0.000000
vt -0.250000 -0.026180 0.000000
vt -0.801556 0.000000 0.000000
vt -0.250000 -0.000000 0.000000
vt -0.801556 0.026180 0.000000
vt -0.250000 0.026180 0.000000
vt -0.801556 0.052360 0.000000
vt -0.250000 0.052360 0.000000
vt -0.801556 0.078540 0.000000
vt -0.250000 0.078540 0.000000
vt -0.801556 0.104720 0.000000
vt -0.250000 0.104720 0.000000
vt -0.801556 0.130900 0.000000
vt -0.250000 0.130900 0.000000
vt -0.801556 0.157080 0.000000
vt -0.250000 0.157080 0.000000
vt -0.801556 0.183260 0.000000
vt -0.250000 0.183260 0.000000
vt -0.801556 0.209440 0.000000
vt -0.250000 0.209440 0.000000
vt -0.801556 0.235619 0.000000
vt -0.250000 0.235619 0.000000
vt -0.801556 0.261799 0.000000
vt -0.250000 0.261799 0.000000
vt -0.801556 0.287979 0.000000
vt -0.250000 0.287979 0.000000
vt -0.801556 0.314159 0.000000
vt -0.250000 0.314159 0.000000
vt -0.801556 0.340339 0.000000
vt -0.250000 0.340339 0.000000
vt -0.801556 0.366519 0.000000
vt -0.250000 0.366519 0.000000
vt -0.801556 0.392699 0.000000
vt -0.250000 0.392699 0.000000
vt -0.801556 0.418879 0.000000
vt -0.250000 0.418879 0.000000
vt 0.301556 -0.445059 0.000000
vt 0.301556 -0.471239 0.000000
vt 0.301556 0.471239 0.000000
vt 0.301556 0.445059 0.000000
vt 0.301556 0.418879 0.000000
vt 0.301556 0.392699 0.000000
vt 0.301556 0.366519 0.000000
vt 0.301556 0.340339 0.000000
vt 0.301556 0.314159 0.000000
vt 0.301556 0.287979 0.000000
vt 0.301556 0.261799 0.000000
vt 0.301556 0.235619 0.000000
vt 0.301556 0.209440 0.000000
vt 0.301556 0.183260 0.000000
vt 0.301556 0.157080 0.000000
vt 0.301556 0.130900 0.000000
vt 0.301556 0.104720 0.000000
vt 0.301556 0.078540 0.000000
vt 0.301556 0.052360 0.000000
vt 0.301556 0.026180 0.000000
vt 0.301556 -0.000000 0.000000
vt 0.301556 -0.026180 0.000000
vt 0.301556 -0.052360 0.000000
vt 0.301556 -0.078540 0.000000
vt 0.301556 -0.104720 0.000000
vt 0.301556 -0.130900 0.000000
vt 0.301556 -0.157080 0.000000
vt 0.301556 -0.183260 0.000000
vt 0.301556 -0.209440 0.000000
vt 0.301556 -0.235619 0.000000
vt 0.301556 -0.261799 0.000000
vt 0.301556 -0.287979 0.000000
vt 0.301556 -0.314159 0.000000
vt 0.301556 -0.340339 0.000000
vt 0.301556 -0.366519 0.000000
vt 0.301556 -0.392699 0.000000
vt 0.301556 -0.418879 0.000000
vt -0.459619 -5.116398 0.000000
vt 0.176777 -4.637500 0.000000
vt -0.459619 -4.958601 0.000000
vt -0.470510 -4.637500 0.000000
vt -0.470577 -4.637671 0.000000
vt -0.470577 -5.133751 0.000000
vt -0.459619 -5.437500 0.000000
vt 0.176777 -5.437501 0.000000
vt -0.470577 -5.437500 0.000000
vt -0.470577 -4.941249 0.000000
vt -3.306144 16.425001 0.000000
vt -4.393856 16.425001 0.000000
vt -3.306192 16.424830 0.000000
vt -4.393818 16.424864 0.000000
vt -4.393818 15.625001 0.000000
vt -3.306192 15.625001 0.000000
vt -0.000000 -3.093808 0.000000
vt -0.000000 -2.006183 0.000000
vt -0.642252 -3.093808 0.000000
vt -0.642261 -2.006183 0.000000
vt -0.650000 -3.101556 0.000000
vt -0.650000 -1.998444 0.000000
vt -1.100000 -3.551556 0.000000
vt -1.100000 -1.548444 0.000000
vt -1.300000 0.000000 0.000000
vt -0.850000 -1.298444 0.000000
vt 0.000000 0.000000 0.000000
vt 0.000000 -1.298444 0.000000
vt -1.300000 -5.550000 0.000000
vt -0.850000 -3.801556 0.000000
vt 0.000000 -5.550000 0.000000
vt 0.000000 -3.801556 0.000000
vt 1.001556 0.445059 0.000000
vt 1.521245 0.445059 0.000000
vt 1.001556 0.471239 0.000000
vt 1.521245 0.471239 0.000000
vt 1.001556 -0.471239 0.000000
vt 1.521245 -0.471239 0.000000
vt 1.001556 -0.445059 0.000000
vt 1.521245 -0.445059 0.000000
vt 1.001556 -0.418879 0.000000
vt 1.521245 -0.418879 0.000000
vt 1.001556 -0.392699 0.000000
vt 1.521245 -0.392699 0.000000
vt 1.001556 -0.366519 0.000000
vt 1.521245 -0.366519 0.000000
vt 1.001556 -0.340339 0.000000
vt 1.521245 -0.340339 0.000000
vt 1.001556 -0.314159 0.000000
vt 1.521245 -0.314159 0.000000
vt 1.001556 -0.287979 0.000000
vt 1.521245 -0.287979 0.000000
vt 1.001556 -0.261799 0.000000
vt 1.521245 -0.261799 0.000000
vt 1.001556 -0.235619 0.000000
vt 1.521245 -0.235619 0.000000
vt 1.001556 -0.209440 0.000000
vt 1.521245 -0.209440 0.000000
vt 1.001556 -0.183260 0.000000
vt 1.521245 -0.183260 0.000000
vt 1.001556 -0.157080 0.000000
vt 1.521245 -0.157080 0.000000
vt 1.001556 -0.130900 0.000000
vt 1.521245 -0.130900 0.000000
vt 1.001556 -0.104720 0.000000
vt 1.521245 -0.104720 0.000000
vt 1.001556 -0.078540 0.000000
vt 1.521245 -0.078540 0.000000
vt 1.001556 -0.052360 0.000000
vt 1.521245 -0.052360 0.000000
vt 1.001556 -0.026180 0.000000
vt 1.521245 -0.026180 0.000000
vt 1.001556 -0.000000 0.000000
vt 1.521245 -0.000000 0.000000
vt 1.001556 0.026180 0.000000
vt 1.521245 0.026180 0.000000
vt 1.001556 0.052360 0.000000
vt 1.521245 0.052360 0.000000
vt 1.001556 0.078540 0.000000
vt 1.521245 0.078540 0.000000
vt 1.001556 0.104720 0.000000
vt 1.521245 0.104720 0.000000
vt 1.001556 0.130900 0.000000
vt 1.521245 0.130900 0.000000
vt 1.001556 0.157080 0.000000
vt 1.521245 0.157080 0.000000
vt 1.001556 0.183260 0.000000
vt 1.521245 0.183260 0.000000
vt 1.001556 0.209440 0.000000
vt 1.521245 0.209440 0.000000
vt 1.001556 0.235619 0.000000
vt 1.521245 0.235619 0.000000
vt 1.001556 0.261799 0.000000
vt 1.521245 0.261799 0.000000
vt 1.001556 0.287979 0.000000
vt 1.521245 0.287979 0.000000
vt 1.001556 0.314159 0.000000
vt 1.521245 0.314159 0.000000
vt 1.001556 0.340339 0.000000
vt 1.521245 0.340339 0.000000
vt 1.001556 0.366519 0.000000
vt 1.521245 0.366519 0.000000
vt 1.001556 0.392699 0.000000
vt 1.521245 0.392699 0.000000
vt 1.001556 0.418879 0.000000
vt 1.521245 0.418879 0.000000
vt 3.600000 0.261799 0.000000
vt 3.080311 0.261799 0.000000
vt 3.600000 0.235619 0.000000
vt 3.080311 0.235619 0.000000
vt 3.600000 0.209440 0.000000
vt 3.080311 0.209440 0.000000
vt 3.600000 0.183260 0.000000
vt 3.080311 0.183260 0.000000
vt 3.600000 0.157080 0.000000
vt 3.080311 0.157080 0.000000
vt 3.600000 0.130900 0.000000
vt 3.080311 0.130900 0.000000
vt 3.600000 0.104720 0.000000
vt 3.080311 0.104720 0.000000
vt 3.600000 0.078540 0.000000
vt 3.080311 0.078540 0.000000
vt 3.600000 0.052360 0.000000
vt 3.080311 0.052360 0.000000
vt 3.600000 0.026180 0.000000
vt 3.080311 0.026180 0.000000
vt 3.600000 -0.000000 0.000000
vt 3.080311 -0.000000 0.000000
vt 3.600000 -0.026180 0.000000
vt 3.080311 -0.026180 0.000000
vt 3.600000 -0.052360 0.000000
vt 3.080311 -0.052360 0.000000
vt 3.600000 -0.078540 0.000000
vt 3.080311 -0.078540 0.000000
vt 3.600000 -0.104720 0.000000
vt 3.080311 -0.104720 0.000000
vt 3.600000 -0.130900 0.000000
vt 3.080311 -0.130900 0.000000
vt 3.600000 -0.157080 0.000000
vt 3.080311 -0.157080 0.000000
vt 3.600000 -0.183260 0.000000
vt 3.080311 -0.183260 0.000000
vt 3.600000 -0.209440 0.000000
vt 3.080311 -0.209440 0.000000
vt 3.600000 -0.235619 0.000000
vt 3.080311 -0.235619 0.000000
vt 3.600000 -0.261799 0.000000
vt 3.080311 -0.261799 0.000000
vt 3.600000 -0.287979 0.000000
vt 3.080311 -0.287979 0.000000
vt 3.600000 -0.314159 0.000000
vt 3.080311 -0.314159 0.000000
vt 3.600000 -0.340339 0.000000
vt 3.080311 -0.340339 0.000000
vt 3.600000 -0.366519 0.000000
vt 3.080311 -0.366519 0.000000
vt 3.600000 -0.392699 0.000000
vt 3.080311 -0.392699 0.000000
vt 3.600000 -0.418879 0.000000
vt 3.080311 -0.418879 0.000000
vt 3.600000 -0.445059 0.000000
vt 3.080311 -0.445059 0.000000
vt 3.600000 -0.471239 0.000000
vt 3.080311 -0.471239 0.000000
vt 3.600000 0.471239 0.000000
vt 3.080311 0.471239 0.000000
vt 3.600000 0.445059 0.000000
vt 3.080311 0.445059 0.000000
vt 3.600000 0.418879 0.000000
vt 3.080311 0.418879 0.000000
vt 3.600000 0.392699 0.000000
vt 3.080311 0.392699 0.000000
vt 3.600000 0.366519 0.000000
vt 3.080311 0.366519 0.000000
vt 3.600000 0.340339 0.000000
vt 3.080311 0.340339 0.000000
vt 3.600000 0.314159 0.000000
vt 3.080311 0.314159 0.000000
vt 3.600000 0.287979 0.000000
vt 3.080311 0.287979 0.000000
vt 2.040934 -0.471239 0.000000
vt 2.040934 -0.445059 0.000000
vt 2.040934 -0.418879 0.000000
vt 2.040934 -0.392699 0.000000
vt 2.040934 -0.366519 0.000000
vt 2.040934 -0.340339 0.000000
vt 2.040934 -0.314159 0.000000
vt 2.040934 -0.287979 0.000000
vt 2.040934 -0.261799 0.000000
vt 2.040934 -0.235619 0.000000
vt 2.040934 -0.209440 0.000000
vt 2.040934 -0.183260 0.000000
vt 2.040934 -0.157080 0.000000
vt 2.040934 -0.130900 0.000000
vt 2.040934 -0.104720 0.000000
vt 2.040934 -0.078540 0.000000
vt 2.040934 -0.052360 0.000000
vt 2.040934 -0.026180 0.000000
vt 2.040934 -0.000000 0.000000
vt 2.040934 0.026180 0.000000
vt 2.040934 0.052360 0.000000
vt 2.040934 0.078540 0.000000
vt 2.040934 0.104720 0.000000
vt 2.040934 0.130900 0.000000
vt 2.040934 0.157080 0.000000
vt 2.040934 0.183260 0.000000
vt 2.040934 0.209440 0.000000
vt 2.040934 0.235619 0.000000
vt 2.040934 0.261799 0.000000
vt 2.040934 0.287979 0.000000
vt 2.040934 0.314159 0.000000
vt 2.040934 0.340339 0.000000
vt 2.040934 0.366519 0.000000
vt 2.040934 0.392699 0.000000
vt 2.040934 0.418879 0.000000
vt 2.040934 0.445059 0.000000
vt 2.040934 0.471239 0.000000
vt 2.560622 -0.471239 0.000000
vt 2.560622 -0.445059 0.000000
vt 2.560622 -0.418879 0.000000
vt 2.560622 -0.392699 0.000000
vt 2.560622 -0.366519 0.000000
vt 2.560622 -0.340339 0.000000
vt 2.560622 -0.314159 0.000000
vt 2.560622 -0.287979 0.000000
vt 2.560622 -0.261799 0.000000
vt 2.560622 -0.235619 0.000000
vt 2.560622 -0.209440 0.000000
vt 2.560622 -0.183260 0.000000
vt 2.560622 -0.157080 0.000000
vt 2.560622 -0.130900 0.000000
vt 2.560622 -0.104720 0.000000
vt 2.560622 -0.078540 0.000000
vt 2.560622 -0.052360 0.000000
vt 2.560622 -0.026180 0.000000
vt 2.560622 -0.000000 0.000000
vt 2.560622 0.026180 0.000000
vt 2.560622 0.052360 0.000000
vt 2.560622 0.078540 0.000000
vt 2.560622 0.104720 0.000000
vt 2.560622 0.130900 0.000000
vt 2.560622 0.157080 0.000000
vt 2.560622 0.183260 0.000000
vt 2.560622 0.209440 0.000000
vt 2.560622 0.235619 0.000000
vt 2.560622 0.261799 0.000000
vt 2.560622 0.287979 0.000000
vt 2.560622 0.314159 0.000000
vt 2.560622 0.340339 0.000000
vt 2.560622 0.366519 0.000000
vt 2.560622 0.392699 0.000000
vt 2.560622 0.418879 0.000000
vt 2.560622 0.445059 0.000000
vt 2.560622 0.471239 0.000000
vt -1.501556 -0.445059 0.000000
vt -2.021245 -0.445059 0.000000
vt -1.501556 -0.471239 0.000000
vt -2.021245 -0.471239 0.000000
vt -1.501556 0.471239 0.000000
vt -2.021245 0.471239 0.000000
vt -1.501556 0.445059 0.000000
vt -2.021245 0.445059 0.000000
vt -1.501556 0.418879 0.000000
vt -2.021245 0.418879 0.000000
vt -1.501556 0.392699 0.000000
vt -2.021245 0.392699 0.000000
vt -1.501556 0.366519 0.000000
vt -2.021245 0.366519 0.000000
vt -1.501556 0.340339 0.000000
vt -2.021245 0.340339 0.000000
vt -1.501556 0.314159 0.000000
vt -2.021245 0.314159 0.000000
vt -1.501556 0.287979 0.000000
vt -2.021245 0.287979 0.000000
vt -1.501556 0.261799 0.000000
vt -2.021245 0.261799 0.000000
vt -1.501556 0.235619 0.000000
vt -2.021245 0.235619 0.000000
vt -1.501556 0.209440 0.000000
vt -2.021245 0.209440 0.000000
vt -1.501556 0.183260 0.000000
vt -2.021245 0.183260 0.000000
vt -1.501556 0.157080 0.000000
vt -2.021245 0.157080 0.000000
vt -1.501556 0.130900 0.000000
vt -2.021245 0.130900 0.000000
vt -1.501556 0.104720 0.000000
vt -2.021245 0.104720 0.000000
vt -1.501556 0.078540 0.000000
vt -2.021245 0.078540 0.000000
vt -1.501556 0.052360 0.000000
vt -2.021245 0.052360 0.000000
vt -1.501556 0.026180 0.000000
vt -2.021245 0.026180 0.000000
vt -1.501556 0.000000 0.000000
vt -2.021245 -0.000000 0.000000
vt -1.501556 -0.026180 0.000000
vt -2.021245 -0.026180 0.000000
vt -1.501556 -0.052360 0.000000
vt -2.021245 -0.052360 0.000000
vt -1.501556 -0.078540 0.000000
vt -2.021245 -0.078540 0.000000
vt -1.501556 -0.104720 0.000000
vt -2.021245 -0.104720 0.000000
vt -1.501556 -0.130900 0.000000
vt -2.021245 -0.130900 0.000000
vt -1.501556 -0.157080 0.000000
vt -2.021245 -0.157080 0.000000
vt -1.501556 -0.183260 0.000000
vt -2.021245 -0.183260 0.000000
vt -1.501556 -0.209440 0.000000
vt -2.021245 -0.209440 0.000000
vt -1.501556 -0.235619 0.000000
vt -2.021245 -0.235619 0.000000
vt -1.501556 -0.261799 0.000000
vt -2.021245 -0.261799 0.000000
vt -1.501556 -0.287979 0.000000
vt -2.021245 -0.287979 0.000000
vt -1.501556 -0.314159 0.000000
vt -2.021245 -0.314159 0.000000
vt -1.501556 -0.340339 0.000000
vt -2.021245 -0.340339 0.000000
vt -1.501556 -0.366519 0.000000
vt -2.021245 -0.366519 0.000000
vt -1.501556 -0.392699 0.000000
vt -2.021245 -0.392699 0.000000
vt -1.501556 -0.418879 0.000000
vt -2.021245 -0.418879 0.000000
vt -4.100000 0.209440 0.000000
vt -3.580311 0.209440 0.000000
vt -4.100000 0.235619 0.000000
vt -3.580311 0.235619 0.000000
vt -4.100000 0.261799 0.000000
vt -3.580311 0.261799 0.000000
vt -4.100000 0.287979 0.000000
vt -3.580311 0.287979 0.000000
vt -4.100000 0.314159 0.000000
vt -3.580311 0.314159 0.000000
vt -4.100000 0.340339 0.000000
vt -3.580311 0.340339 0.000000
vt -4.100000 0.366519 0.000000
vt -3.580311 0.366519 0.000000
vt -4.100000 0.392699 0.000000
vt -3.580311 0.392699 0.000000
vt -4.100000 0.418879 0.000000
vt -3.580311 0.418879 0.000000
vt -4.100000 0.445059 0.000000
vt -3.580311 0.445059 0.000000
vt -4.100000 0.471239 0.000000
vt -3.580311 0.471239 0.000000
vt -4.100000 -0.471239 0.000000
vt -3.580311 -0.471239 0.000000
vt -4.100000 -0.445059 0.000000
vt -3.580311 -0.445059 0.000000
vt -4.100000 -0.418879 0.000000
vt -3.580311 -0.418879 0.000000
vt -4.100000 -0.392699 0.000000
vt -3.580311 -0.392699 0.000000
vt -4.100000 -0.366519 0.000000
vt -3.580311 -0.366519 0.000000
vt -4.100000 -0.340339 0.000000
vt -3.580311 -0.340339 0.000000
vt -4.100000 -0.314159 0.000000
vt -3.580311 -0.314159 0.000000
vt -4.100000 -0.287979 0.000000
vt -3.580311 -0.287979 0.000000
vt -4.100000 -0.261799 0.000000
vt -3.580311 -0.261799 0.000000
vt -4.100000 -0.235619 0.000000
vt -3.580311 -0.235619 0.000000
vt -4.100000 -0.209440 0.000000
vt -3.580311 -0.209440 0.000000
vt -4.100000 -0.183260 0.000000
vt -3.580311 -0.183260 0.000000
vt -4.100000 -0.157080 0.000000
vt -3.580311 -0.157080 0.000000
vt -4.100000 -0.130900 0.000000
vt -3.580311 -0.130900 0.000000
vt -4.100000 -0.104720 0.000000
vt -3.580311 -0.104720 0.000000
vt -4.100000 -0.078540 0.000000
vt -3.580311 -0.078540 0.000000
vt -4.100000 -0.052360 0.000000
vt -3.580311 -0.052360 0.000000
vt -4.100000 -0.026180 0.000000
vt -3.580311 -0.026180 0.000000
vt -4.100000 -0.000000 0.000000
vt -3.580311 -0.000000 0.000000
vt -4.100000 0.026180 0.000000
vt -3.580311 0.026180 0.000000
vt -4.100000 0.052360 0.000000
vt -3.580311 0.052360 0.000000
vt -4.100000 0.078540 0.000000
vt -3.580311 0.078540 0.000000
vt -4.100000 0.104720 0.000000
vt -3.580311 0.104720 0.000000
vt -4.100000 0.130900 0.000000
vt -3.580311 0.130900 0.000000
vt -4.100000 0.157080 0.000000
vt -3.580311 0.157080 0.000000
vt -4.100000 0.183260 0.000000
vt -3.580311 0.183260 0.000000
vt -2.540934 0.471239 0.000000
vt -2.540934 0.445059 0.000000
vt -2.540934 0.418879 0.000000
vt -2.540934 0.392699 0.000000
vt -2.540934 0.366519 0.000000
vt -2.540934 0.340339 0.000000
vt -2.540934 0.314159 0.000000
vt -2.540934 0.287979 0.000000
vt -2.540934 0.261799 0.000000
vt -2.540934 0.235619 0.000000
vt -2.540934 0.209440 0.000000
vt -2.540934 0.183260 0.000000
vt -2.540934 0.157080 0.000000
vt -2.540934 0.130900 0.000000
vt -2.540934 0.104720 0.000000
vt -2.540934 0.078540 0.000000
vt -2.540934 0.052360 0.000000
vt -2.540934 0.026180 0.000000
vt -2.540934 -0.000000 0.000000
vt -2.540934 -0.026180 0.000000
vt -2.540934 -0.052360 0.000000
vt -2.540934 -0.078540 0.000000
vt -2.540934 -0.104720 0.000000
vt -2.540934 -0.130900 0.000000
vt -2.540934 -0.157080 0.000000
vt -2.540934 -0.183260 0.000000
vt -2.540934 -0.209440 0.000000
vt -2.540934 -0.235619 0.000000
vt -2.540934 -0.261799 0.000000
vt -2.540934 -0.287979 0.000000
vt -2.540934 -0.314159 0.000000
vt -2.540934 -0.340339 0.000000
vt -2.540934 -0.366519 0.000000
vt -2.540934 -0.392699 0.000000
vt -2.540934 -0.418879 0.000000
vt -2.540934 -0.445059 0.000000
vt -2.540934 -0.471239 0.000000
vt -3.060623 0.471239 0.000000
vt -3.060623 0.445059 0.000000
vt -3.060623 0.418879 0.000000
vt -3.060623 0.392699 0.000000
vt -3.060623 0.366519 0.000000
vt -3.060623 0.340339 0.000000
vt -3.060623 0.314159 0.000000
vt -3.060623 0.287979 0.000000
vt -3.060623 0.261799 0.000000
vt -3.060623 0.235619 0.000000
vt -3.060623 0.209440 0.000000
vt -3.060623 0.183260 0.000000
vt -3.060623 0.157080 0.000000
vt -3.060623 0.130900 0.000000
vt -3.060623 0.104720 0.000000
vt -3.060623 0.078540 0.000000
vt -3.060623 0.052360 0.000000
vt -3.060623 0.026180 0.000000
vt -3.060623 -0.000000 0.000000
vt -3.060623 -0.026180 0.000000
vt -3.060623 -0.052360 0.000000
vt -3.060623 -0.078540 0.000000
vt -3.060623 -0.104720 0.000000
vt -3.060623 -0.130900 0.000000
vt -3.060623 -0.157080 0.000000
vt -3.060623 -0.183260 0.000000
vt -3.060623 -0.209440 0.000000
vt -3.060623 -0.235619 0.000000
vt -3.060623 -0.261799 0.000000
vt -3.060623 -0.287979 0.000000
vt -3.060623 -0.314159 0.000000
vt -3.060623 -0.340339 0.000000
vt -3.060623 -0.366519 0.000000
vt -3.060623 -0.392699 0.000000
vt -3.060623 -0.418879 0.000000
vt -3.060623 -0.445059 0.000000
vt -3.060623 -0.471239 0.000000
vt -0.000000 -2.000000 0.000000
vt 0.302279 -0.426047 0.000000
vt -0.000000 0.000000 0.000000
vt 0.300000 -0.400000 0.000000
vt 0.302279 -0.373953 0.000000
vt 0.600000 -2.000000 0.000000
vt 0.375000 -0.529904 0.000000
vt 0.353582 -0.514907 0.000000
vt 0.335093 -0.496418 0.000000
vt 0.600000 -0.400000 0.000000
vt 0.597721 -0.426047 0.000000
vt 0.590954 -0.451303 0.000000
vt 0.579904 -0.475000 0.000000
vt 0.564907 -0.496418 0.000000
vt 0.546418 -0.514907 0.000000
vt 0.525000 -0.529904 0.000000
vt 0.501303 -0.540954 0.000000
vt 0.476047 -0.547721 0.000000
vt 0.450000 -0.550000 0.000000
vt 0.423953 -0.547721 0.000000
vt 0.398697 -0.540954 0.000000
vt 0.320096 -0.475000 0.000000
vt 0.309046 -0.451303 0.000000
vt 0.309046 -0.348697 0.000000
vt 0.320096 -0.325000 0.000000
vt 0.335093 -0.303582 0.000000
vt 0.353582 -0.285093 0.000000
vt 0.375000 -0.270096 0.000000
vt 0.600000 0.000000 0.000000
vt 0.398697 -0.259046 0.000000
vt 0.423953 -0.252279 0.000000
vt 0.450000 -0.250000 0.000000
vt 0.476047 -0.252279 0.000000
vt 0.501303 -0.259046 0.000000
vt 0.525000 -0.270096 0.000000
vt 0.546418 -0.285093 0.000000
vt 0.564907 -0.303582 0.000000
vt 0.579904 -0.325000 0.000000
vt 0.590954 -0.348697 0.000000
vt 0.597721 -0.373953 0.000000
vt 0.176777 -4.637500 0.000000
vt -0.176777 -4.637500 0.000000
vt 0.176777 -5.437501 0.000000
vt -0.176777 -5.437501 0.000000
vt -1.100000 0.000000 0.000000
vt -0.800000 0.400000 0.000000
vt -1.100000 0.800001 0.000000
vt -0.797721 0.426047 0.000000
vt -0.790954 0.451303 0.000000
vt -0.250000 0.000000 0.000000
vt -0.650000 0.250000 0.000000
vt -0.676047 0.252279 0.000000
vt -0.701303 0.259046 0.000000
vt -0.250000 0.800001 0.000000
vt -0.500000 0.400000 0.000000
vt -0.502279 0.373953 0.000000
vt -0.509046 0.348697 0.000000
vt -0.650000 0.550000 0.000000
vt -0.623953 0.547721 0.000000
vt -0.598697 0.540954 0.000000
vt -0.575000 0.529904 0.000000
vt -0.553582 0.514907 0.000000
vt -0.535093 0.496418 0.000000
vt -0.520096 0.475000 0.000000
vt -0.509046 0.451303 0.000000
vt -0.502279 0.426047 0.000000
vt -0.520096 0.325000 0.000000
vt -0.535093 0.303582 0.000000
vt -0.553582 0.285093 0.000000
vt -0.575000 0.270096 0.000000
vt -0.598697 0.259046 0.000000
vt -0.623953 0.252279 0.000000
vt -0.725000 0.270096 0.000000
vt -0.746418 0.285093 0.000000
vt -0.764907 0.303582 0.000000
vt -0.779904 0.325000 0.000000
vt -0.790954 0.348697 0.000000
vt -0.797721 0.373953 0.000000
vt -0.779904 0.475000 0.000000
vt -0.764907 0.496418 0.000000
vt -0.746418 0.514907 0.000000
vt -0.725000 0.529904 0.000000
vt -0.701303 0.540954 0.000000
vt -0.676047 0.547721 0.000000
vt -0.850000 0.000000 0.000000
vt -0.600000 0.400000 0.000000
vt -0.850000 0.800001 0.000000
vt -0.597721 0.426047 0.000000
vt -0.590954 0.451303 0.000000
vt -0.000000 0.000000 0.000000
vt -0.450000 0.250000 0.000000
vt -0.476047 0.252279 0.000000
vt -0.501303 0.259046 0.000000
vt -0.000000 0.800001 0.000000
vt -0.300000 0.400000 0.000000
vt -0.302279 0.373953 0.000000
vt -0.309046 0.348697 0.000000
vt -0.450000 0.550000 0.000000
vt -0.423953 0.547721 0.000000
vt -0.398697 0.540954 0.000000
vt -0.375000 0.529904 0.000000
vt -0.353582 0.514907 0.000000
vt -0.335093 0.496418 0.000000
vt -0.320096 0.475000 0.000000
vt -0.309046 0.451303 0.000000
vt -0.302279 0.426047 0.000000
vt -0.320096 0.325000 0.000000
vt -0.335093 0.303582 0.000000
vt -0.353582 0.285093 0.000000
vt -0.375000 0.270096 0.000000
vt -0.398697 0.259046 0.000000
vt -0.423953 0.252279 0.000000
vt -0.525000 0.270096 0.000000
vt -0.546418 0.285093 0.000000
vt -0.564907 0.303582 0.000000
vt -0.579904 0.325000 0.000000
vt -0.590954 0.348697 0.000000
vt -0.597721 0.373953 0.000000
vt -0.579904 0.475000 0.000000
vt -0.564907 0.496418 0.000000
vt -0.546418 0.514907 0.000000
vt -0.525000 0.529904 0.000000
vt -0.501303 0.540954 0.000000
vt -0.476047 0.547721 0.000000
vt -2.598444 15.625000 0.000000
vt -0.850000 15.625000 0.000000
vt -2.598444 16.425001 0.000000
vt 0.000000 16.425001 0.000000
vt 0.000000 14.425001 0.000000
vt -0.850000 10.075000 0.000000
vt 0.000000 9.275001 0.000000
vt -2.598444 9.275001 0.000000
vt -3.098444 9.275001 0.000000
vt -0.500000 0.000000 0.000000
vt -6.400000 10.075000 0.000000
vt -4.601556 9.275001 0.000000
vt -5.101556 9.275001 0.000000
vt -7.200000 0.000000 0.000000
vt -7.700000 0.000000 0.000000
vt -8.200000 -1.000000 0.000000
vt -7.700000 9.275001 0.000000
vt -8.200000 14.425001 0.000000
vt -7.700000 14.425001 0.000000
vt -6.400000 15.625000 0.000000
vt -5.101556 15.625000 0.000000
vt -5.101556 16.425001 0.000000
vt -7.400000 16.425001 0.000000
vt -7.700000 16.425001 0.000000
vt 0.500000 -1.000000 0.000000
vt 0.000000 0.000000 0.000000
vt 0.500000 14.425001 0.000000
vt -2.556171 0.353553 0.000000
vt -4.256171 0.353553 0.000000
vt -2.556171 -0.353553 0.000000
vt -4.256171 -0.353553 0.000000
vt -8.612341 1.000000 0.000000
vt -9.612341 2.000000 0.000000
vt -10.712341 0.000000 0.000000
vt -9.612341 10.775001 0.000000
vt -10.712341 15.425001 0.000000
vt -9.612341 15.425001 0.000000
vt -7.912341 10.775001 0.000000
vt -7.912341 17.425001 0.000000
vt -9.612341 17.425001 0.000000
vt -0.500000 0.000000 0.000000
vt -0.500000 1.000000 0.000000
vt -8.200000 -7.150001 0.000000
vt -7.850000 -6.850001 0.000000
vt -8.700000 -6.650001 0.000000
vt -7.850000 -0.300001 0.000000
vt -8.700000 0.000000 0.000000
vt -1.300000 -0.300001 0.000000
vt 0.000000 0.000000 0.000000
vt -0.482928 -1.361046 0.000000
vt -0.447545 -1.370199 0.000000
vt -1.300000 -6.850001 0.000000
vt -0.500000 -7.150001 0.000000
vt 0.000000 -6.650001 0.000000
vt -0.361045 -1.517073 0.000000
vt -0.370197 -1.552456 0.000000
vt -0.364770 -5.613766 0.000000
vt -0.378757 -5.580001 0.000000
vt -0.388197 -1.584263 0.000000
vt -0.401005 -5.551005 0.000000
vt -0.413815 -1.610328 0.000000
vt -0.430000 -5.528758 0.000000
vt -0.445307 -1.628875 0.000000
vt -0.463764 -5.514771 0.000000
vt -0.480526 -1.638639 0.000000
vt -0.500000 -5.510001 0.000000
vt -0.517071 -1.638957 0.000000
vt -0.536235 -5.514771 0.000000
vt -0.552454 -1.629803 0.000000
vt -0.570000 -5.528758 0.000000
vt -0.584262 -1.611804 0.000000
vt -0.598995 -5.551005 0.000000
vt -0.610328 -1.586185 0.000000
vt -0.621243 -5.580001 0.000000
vt -0.628875 -1.554694 0.000000
vt -0.635229 -5.613766 0.000000
vt -0.360000 -5.650001 0.000000
vt -0.364770 -5.686236 0.000000
vt -0.378757 -5.720000 0.000000
vt -0.401005 -5.748996 0.000000
vt -0.430000 -5.771244 0.000000
vt -0.463764 -5.785231 0.000000
vt -0.500000 -5.790001 0.000000
vt -0.536235 -5.785231 0.000000
vt -0.570000 -5.771244 0.000000
vt -0.598995 -5.748996 0.000000
vt -0.621243 -5.720000 0.000000
vt -0.635229 -5.686236 0.000000
vt -0.639999 -5.650001 0.000000
vt -0.638638 -1.519476 0.000000
vt -0.638954 -1.482929 0.000000
vt -0.629802 -1.447546 0.000000
vt -0.611802 -1.415739 0.000000
vt -0.586185 -1.389673 0.000000
vt -0.554692 -1.371126 0.000000
vt -0.519474 -1.361362 0.000000
vt -0.415737 -1.388199 0.000000
vt -0.389671 -1.413816 0.000000
vt -0.371124 -1.445308 0.000000
vt -0.361361 -1.480526 0.000000
vt 2.556171 -0.353553 0.000000
vt 4.256171 -0.353553 0.000000
vt 2.556171 0.353553 0.000000
vt 4.256171 0.353553 0.000000
vt 7.912341 17.425001 0.000000
vt 7.912341 10.775001 0.000000
vt 9.612341 15.425001 0.000000
vt 9.612341 10.775001 0.000000
vt 10.712341 15.425001 0.000000
vt 10.712341 0.000000 0.000000
vt 9.612341 2.000000 0.000000
vt 8.612341 1.000000 0.000000
vt 0.500000 1.000000 0.000000
vt 0.500000 0.000000 0.000000
vt 9.612341 17.425001 0.000000
vt 0.353553 1.000000 0.000000
vt -0.353553 1.000000 0.000000
vt 0.353553 0.000000 0.000000
vt -0.353553 0.000000 0.000000
vt 0.500000 -0.000000 0.000000
vt 8.200000 -0.000000 0.000000
vt 0.500000 1.000000 0.000000
vt 8.200000 1.000000 0.000000
vt -0.175672 0.443696 0.000000
vt 0.020036 2.243031 0.000000
vt -0.405569 0.861877 0.000000
vt -0.025522 2.217528 0.000000
vt -0.686064 1.247947 0.000000
vt -0.076129 2.204686 0.000000
vt -0.128335 2.205379 0.000000
vt 0.000000 0.000000 0.000000
vt 2.985985 3.175735 0.000000
vt 0.057441 2.279455 0.000000
vt 0.118677 -0.462215 0.000000
vt 0.178487 -0.935661 0.000000
vt 0.178487 -1.412868 0.000000
vt 2.985985 -5.524265 0.000000
vt 0.118677 -1.886314 0.000000
vt -0.000000 -2.348529 0.000000
vt -0.175672 -2.792226 0.000000
vt 0.123828 -4.569047 0.000000
vt 0.149330 -4.614605 0.000000
vt 0.087403 -4.531642 0.000000
vt -0.405569 -3.210407 0.000000
vt 0.042538 -4.504938 0.000000
vt -0.007710 -4.490757 0.000000
vt -0.686064 -3.596476 0.000000
vt -0.059915 -4.490063 0.000000
vt -0.110522 -4.502905 0.000000
vt -1.012736 -3.944346 0.000000
vt -0.156080 -4.528408 0.000000
vt -0.193485 -4.564833 0.000000
vt -0.220189 -4.609697 0.000000
vt -1.380431 -4.248529 0.000000
vt -0.234370 -4.659945 0.000000
vt -0.235064 -4.712151 0.000000
vt -0.222222 -4.762757 0.000000
vt -1.783351 -4.504230 0.000000
vt -0.196719 -4.808316 0.000000
vt -0.160295 -4.845721 0.000000
vt -2.215142 -4.707415 0.000000
vt -0.115430 -4.872424 0.000000
vt -2.668993 -4.854881 0.000000
vt -0.065182 -4.886606 0.000000
vt -3.137749 -4.944301 0.000000
vt -3.614015 -4.974265 0.000000
vt -7.226356 -5.524265 0.000000
vt -4.090281 -4.944301 0.000000
vt -4.559037 -4.854881 0.000000
vt -5.012888 -4.707415 0.000000
vt -5.444679 -4.504230 0.000000
vt -6.971392 -4.875683 0.000000
vt -6.944688 -4.830818 0.000000
vt -6.930506 -4.780570 0.000000
vt -5.847599 -4.248529 0.000000
vt -6.929813 -4.728364 0.000000
vt -6.942656 -4.677758 0.000000
vt -6.968157 -4.632199 0.000000
vt -6.215293 -3.944346 0.000000
vt -7.004583 -4.594794 0.000000
vt -7.049448 -4.568091 0.000000
vt -6.541965 -3.596476 0.000000
vt -7.099696 -4.553909 0.000000
vt -7.151901 -4.553216 0.000000
vt -7.202507 -4.566058 0.000000
vt -6.822461 -3.210407 0.000000
vt -7.248065 -4.591560 0.000000
vt -7.052358 -2.792226 0.000000
vt -7.285471 -4.627985 0.000000
vt -7.726356 -5.024265 0.000000
vt -7.312174 -4.672850 0.000000
vt -7.326356 -4.723098 0.000000
vt -7.327050 -4.775303 0.000000
vt -7.314208 -4.825910 0.000000
vt -7.288705 -4.871468 0.000000
vt -7.252280 -4.908874 0.000000
vt -7.207415 -4.935577 0.000000
vt -7.157168 -4.949759 0.000000
vt -7.104962 -4.950452 0.000000
vt -7.054355 -4.937610 0.000000
vt -7.008797 -4.912107 0.000000
vt -7.228030 -2.348529 0.000000
vt -7.346706 -1.886314 0.000000
vt -7.406517 -1.412868 0.000000
vt -7.726356 2.675735 0.000000
vt -7.406517 -0.935661 0.000000
vt -7.346706 -0.462215 0.000000
vt -7.228030 0.000000 0.000000
vt -7.052358 0.443696 0.000000
vt -7.351858 2.220518 0.000000
vt -7.315432 2.183112 0.000000
vt -6.822461 0.861877 0.000000
vt -7.270567 2.156408 0.000000
vt -7.220320 2.142227 0.000000
vt -6.541965 1.247947 0.000000
vt -7.168114 2.141533 0.000000
vt -7.117507 2.154376 0.000000
vt -6.215293 1.595816 0.000000
vt -7.071949 2.179878 0.000000
vt -7.034544 2.216303 0.000000
vt -7.007841 2.261168 0.000000
vt -5.847599 1.900000 0.000000
vt -6.993659 2.311416 0.000000
vt -6.992965 2.363621 0.000000
vt -7.005808 2.414228 0.000000
vt -5.444679 2.155701 0.000000
vt -7.031310 2.459786 0.000000
vt -7.226356 3.175735 0.000000
vt -7.067735 2.497192 0.000000
vt -7.112601 2.523895 0.000000
vt -7.162848 2.538077 0.000000
vt -7.215053 2.538770 0.000000
vt -7.265660 2.525928 0.000000
vt -7.311218 2.500426 0.000000
vt -7.348624 2.464001 0.000000
vt -7.375327 2.419136 0.000000
vt -7.389509 2.368888 0.000000
vt -7.390202 2.316682 0.000000
vt -7.377360 2.266076 0.000000
vt -5.012888 2.358886 0.000000
vt -4.559037 2.506351 0.000000
vt -4.090281 2.595771 0.000000
vt -3.614015 2.625736 0.000000
vt -3.137749 2.595771 0.000000
vt -0.123068 2.601923 0.000000
vt -2.668993 2.506351 0.000000
vt -0.173674 2.589080 0.000000
vt -2.215142 2.358886 0.000000
vt -0.219233 2.563578 0.000000
vt -0.256638 2.527153 0.000000
vt -1.783351 2.155701 0.000000
vt -0.283342 2.482288 0.000000
vt -0.297523 2.432041 0.000000
vt -1.380431 1.900000 0.000000
vt -0.298217 2.379835 0.000000
vt -0.285374 2.329228 0.000000
vt -0.259872 2.283670 0.000000
vt -1.012736 1.595816 0.000000
vt -0.223447 2.246264 0.000000
vt -0.178582 2.219561 0.000000
vt 0.162172 -4.665212 0.000000
vt 0.161479 -4.717418 0.000000
vt 0.147297 -4.767665 0.000000
vt 0.120594 -4.812530 0.000000
vt 0.083189 -4.848955 0.000000
vt 0.037630 -4.874457 0.000000
vt -0.012976 -4.887299 0.000000
vt -0.070862 2.601229 0.000000
vt -0.020614 2.587047 0.000000
vt 0.024251 2.560344 0.000000
vt 0.060675 2.522938 0.000000
vt 0.086178 2.477380 0.000000
vt 0.099020 2.426774 0.000000
vt 0.098326 2.374568 0.000000
vt 0.084145 2.324321 0.000000
vt 0.353553 1.000000 0.000000
vt -0.353553 1.000000 0.000000
vt 0.353553 -0.000000 0.000000
vt -0.353553 -0.000000 0.000000
vt 0.459619 -0.321101 0.000000
vt -0.176777 0.000000 0.000000
vt 0.459619 -0.478899 0.000000
vt -0.176777 -0.800001 0.000000
vt 0.459619 -0.800000 0.000000
vt 0.470564 -0.303768 0.000000
vt 0.470564 -0.000137 0.000000
vt 0.470510 0.000000 0.000000
vt 0.470564 -0.800000 0.000000
vt 0.470564 -0.496232 0.000000
vt 0.176777 0.000000 0.000000
vt -0.176777 0.000000 0.000000
vt 0.176777 -0.800001 0.000000
vt -0.176777 -0.800001 0.000000
vt -0.050000 0.100000 0.000000
vt 0.150000 -0.100000 0.000000
vt 0.200000 0.100000 0.000000
vt 0.300000 0.000000 0.000000
vt 0.200000 -0.100000 0.000000
vt -0.050000 -0.500000 0.000000
vt 0.200000 -0.500000 0.000000
vt -0.050000 0.500000 0.000000
vt 0.200000 0.500000 0.000000
vt -0.070711 -0.500000 0.000000
vt 0.070711 -0.500000 0.000000
vt -0.070711 0.500000 0.000000
vt 0.070711 0.500000 0.000000
vt 0.050000 0.100000 0.000000
vt -0.200000 0.100000 0.000000
vt -0.150000 -0.100000 0.000000
vt -0.300000 0.000000 0.000000
vt -0.200000 -0.100000 0.000000
vt 0.070711 0.500000 0.000000
vt -0.070711 0.500000 0.000000
vt 0.070711 -0.500000 0.000000
vt -0.070711 -0.500000 0.000000
vt -0.150000 0.500000 0.000000
vt -0.200000 0.500000 0.000000
vt -0.150000 -0.500000 0.000000
vt -0.200000 -0.500000 0.000000
vt -0.050000 -0.100000 0.000000
vt 0.200000 -0.100000 0.000000
vt 0.150000 0.100000 0.000000
vt 0.300000 0.000000 0.000000
vt 0.200000 0.100000 0.000000
vt 0.150000 -0.500000 0.000000
vt 0.200000 -0.500000 0.000000
vt 0.150000 0.500000 0.000000
vt 0.200000 0.500000 0.000000
vt -0.070711 -0.500000 0.000000
vt 0.070711 -0.500000 0.000000
vt -0.070711 0.500000 0.000000
vt 0.070711 0.500000 0.000000
vt 0.050000 -0.100000 0.000000
vt -0.150000 0.100000 0.000000
vt -0.200000 -0.100000 0.000000
vt -0.300000 0.000000 0.000000
vt -0.200000 0.100000 0.000000
vt 0.070711 0.500000 0.000000
vt -0.070711 0.500000 0.000000
vt 0.070711 -0.500000 0.000000
vt -0.070711 -0.500000 0.000000
vt 0.050000 0.500000 0.000000
vt -0.200000 0.500000 0.000000
vt 0.050000 -0.500000 0.000000
vt -0.200000 -0.500000 0.000000
vt 0.141422 -0.500000 0.000000
vt 0.353553 0.000000 0.000000
vt -0.141421 -0.500000 0.000000
vt -0.353553 0.000000 0.000000
vt -0.353553 -0.400000 0.000000
vt 0.353553 -2.000000 0.000000
vt 0.141422 -1.500000 0.000000
vt -0.141421 -1.500000 0.000000
vt -0.353553 -2.000000 0.000000
vt -4.256171 -4.350000 0.000000
vt -4.756171 -3.850000 0.000000
vt -5.356171 -4.350000 0.000000
vt -5.356171 -3.850000 0.000000
vt 0.141421 -0.500000 0.000000
vt 0.353553 0.000000 0.000000
vt -0.141421 -0.500000 0.000000
vt -0.353553 0.000000 0.000000
vt -0.353553 -2.000000 0.000000
vt 0.353553 -0.400000 0.000000
vt 0.141421 -1.500000 0.000000
vt 0.353553 -2.000000 0.000000
vt -0.141421 -1.500000 0.000000
vt -4.256171 4.350000 0.000000
vt -5.356171 4.350000 0.000000
vt -4.756171 3.850000 0.000000
vt -5.356171 3.850000 0.000000
vt -0.477208 0.000000 0.000000
vt 0.000000 0.000000 0.000000
vt -0.477208 1.000000 0.000000
vt 0.000000 1.000000 0.000000
vt -0.477208 0.000000 0.000000
vt 0.000000 0.000000 0.000000
vt -0.477208 1.000000 0.000000
vt 0.000000 1.000000 0.000000
vt -0.477208 0.000000 0.000000
vt 0.000000 0.000000 0.000000
vt -0.477208 1.000000 0.000000
vt 0.000000 1.000000 0.000000
vt 0.477208 0.000000 0.000000
vt 0.000000 1.000000 0.000000
vt 0.477208 1.000000 0.000000
vt -0.477208 0.000000 0.000000
vt 0.000000 0.000000 0.000000
vt -0.477208 1.000000 0.000000
vt 0.000000 1.000000 0.000000
vt -0.477208 0.000000 0.000000
vt 0.000000 0.000000 0.000000
vt -0.477208 1.000000 0.000000
vt 0.000000 1.000000 0.000000
vt -0.477209 0.000000 0.000000
vt 0.000000 0.000000 0.000000
vt -0.477209 1.000000 0.000000
vt 0.000000 1.000000 0.000000
vt -0.477208 0.000000 0.000000
vt 0.000000 0.000000 0.000000
vt -0.477208 1.000000 0.000000
vt 0.000000 1.000000 0.000000
vt -0.477208 0.000000 0.000000
vt 0.000000 0.000000 0.000000
vt -0.477208 1.000000 0.000000
vt 0.000000 1.000000 0.000000
vt -0.477208 0.000000 0.000000
vt 0.000000 0.000000 0.000000
vt -0.477208 1.000000 0.000000
vt 0.000000 1.000000 0.000000
vt -0.477208 -0.000000 0.000000
vt 0.000000 0.000000 0.000000
vt -0.477208 1.000000 0.000000
vt 0.000000 1.000000 0.000000
vt -0.477208 0.000000 0.000000
vt 0.000000 0.000000 0.000000
vt -0.477208 1.000000 0.000000
vt 0.000000 1.000000 0.000000
vt -0.477207 0.000000 0.000000
vt 0.000000 0.000000 0.000000
vt -0.477207 1.000000 0.000000
vt 0.000000 1.000000 0.000000
vt -0.477208 0.000000 0.000000
vt 0.000000 0.000000 0.000000
vt -0.477208 1.000000 0.000000
vt 0.000000 1.000000 0.000000
vt -0.477208 0.000000 0.000000
vt 0.000000 0.000000 0.000000
vt -0.477208 1.000000 0.000000
vt 0.000000 1.000000 0.000000
vt -0.477208 0.000000 0.000000
vt 0.000000 0.000000 0.000000
vt -0.477208 1.000000 0.000000
vt 0.000000 1.000000 0.000000
vt 0.000000 0.000000 0.000000
vt 0.477208 0.000000 0.000000
vt 0.000000 1.000000 0.000000
vt 0.477208 1.000000 0.000000
vt 0.000000 0.000000 0.000000
vt 0.477208 0.000000 0.000000
vt 0.000000 1.000000 0.000000
vt 0.477208 1.000000 0.000000
vt 0.000000 0.000000 0.000000
vt 0.477208 0.000000 0.000000
vt 0.000000 1.000000 0.000000
vt 0.477208 1.000000 0.000000
vt 0.000000 0.000000 0.000000
vt 0.477208 0.000000 0.000000
vt 0.000000 1.000000 0.000000
vt 0.477208 1.000000 0.000000
vt 0.000000 0.000000 0.000000
vt 0.477208 0.000000 0.000000
vt 0.000000 1.000000 0.000000
vt 0.477208 1.000000 0.000000
vt 0.000000 0.000000 0.000000
vt 0.477208 0.000000 0.000000
vt 0.000000 1.000000 0.000000
vt 0.477208 1.000000 0.000000
vt 0.000000 0.000000 0.000000
vt 0.477208 0.000000 0.000000
vt 0.000000 1.000000 0.000000
vt 0.477208 1.000000 0.000000
vt 0.000000 0.000000 0.000000
vt 0.477208 -0.000000 0.000000
vt 0.000000 1.000000 0.000000
vt 0.477208 1.000000 0.000000
vt 0.000000 0.000000 0.000000
vt 0.477208 0.000000 0.000000
vt 0.000000 1.000000 0.000000
vt 0.477208 1.000000 0.000000
vt 0.000000 0.000000 0.000000
vt 0.477208 -0.000000 0.000000
vt 0.000000 1.000000 0.000000
vt 0.477208 1.000000 0.000000
vt 0.000000 0.000000 0.000000
vt 0.477208 0.000000 0.000000
vt 0.000000 1.000000 0.000000
vt 0.477208 1.000000 0.000000
vt 0.000000 0.000000 0.000000
vt 0.477208 0.000000 0.000000
vt 0.000000 1.000000 0.000000
vt 0.477208 1.000000 0.000000
vt 0.000000 0.000000 0.000000
vt 0.477207 0.000000 0.000000
vt 0.000000 1.000000 0.000000
vt 0.477207 1.000000 0.000000
vt -0.477208 0.000000 0.000000
vt 0.000000 0.000000 0.000000
vt -0.477208 1.000000 0.000000
vt 0.000000 1.000000 0.000000
vt -0.477208 0.000000 0.000000
vt 0.000000 0.000000 0.000000
vt -0.477208 1.000000 0.000000
vt 0.000000 1.000000 0.000000
vt -0.477208 0.000000 0.000000
vt 0.000000 0.000000 0.000000
vt -0.477208 1.000000 0.000000
vt 0.000000 1.000000 0.000000
vt -0.477208 0.000000 0.000000
vt 0.000000 0.000000 0.000000
vt -0.477208 1.000000 0.000000
vt 0.000000 1.000000 0.000000
vt -0.477208 0.000000 0.000000
vt 0.000000 0.000000 0.000000
vt -0.477208 1.000000 0.000000
vt 0.000000 1.000000 0.000000
vt -0.477208 0.000000 0.000000
vt 0.000000 0.000000 0.000000
vt -0.477208 1.000000 0.000000
vt 0.000000 1.000000 0.000000
vt -0.477209 0.000000 0.000000
vt 0.000000 0.000000 0.000000
vt -0.477209 1.000000 0.000000
vt 0.000000 1.000000 0.000000
vt 0.477208 0.000000 0.000000
vt 0.000000 1.000000 0.000000
vt 0.477208 1.000000 0.000000
vt -0.477207 0.000000 0.000000
vt 0.000000 0.000000 0.000000
vt -0.477207 1.000000 0.000000
vt 0.000000 1.000000 0.000000
vt -0.477208 0.000000 0.000000
vt 0.000000 0.000000 0.000000
vt -0.477208 1.000000 0.000000
vt 0.000000 1.000000 0.000000
vt -0.477208 0.000000 0.000000
vt 0.000000 0.000000 0.000000
vt -0.477208 1.000000 0.000000
vt 0.000000 1.000000 0.000000
vt -0.477208 0.000000 0.000000
vt 0.000000 0.000000 0.000000
vt -0.477208 1.000000 0.000000
vt 0.000000 1.000000 0.000000
vt -0.477208 0.000000 0.000000
vt 0.000000 0.000000 0.000000
vt -0.477208 1.000000 0.000000
vt 0.000000 1.000000 0.000000
vt -0.477208 0.000000 0.000000
vt 0.000000 0.000000 0.000000
vt -0.477208 1.000000 0.000000
vt 0.000000 1.000000 0.000000
vt 0.000000 0.000000 0.000000
vt -0.477209 0.000000 0.000000
vt 0.000000 -1.000000 0.000000
vt -0.477209 -1.000000 0.000000
vt 0.000000 0.000000 0.000000
vt -0.477208 0.000000 0.000000
vt 0.000000 -1.000000 0.000000
vt -0.477208 -1.000000 0.000000
vt 0.000000 0.000000 0.000000
vt -0.477208 0.000000 0.000000
vt 0.000000 -1.000000 0.000000
vt -0.477208 -1.000000 0.000000
vt 0.000000 0.000000 0.000000
vt -0.477208 0.000000 0.000000
vt 0.000000 -1.000000 0.000000
vt -0.477208 -1.000000 0.000000
vt 0.000000 0.000000 0.000000
vt -0.477208 0.000000 0.000000
vt 0.000000 -1.000000 0.000000
vt -0.477208 -1.000000 0.000000
vt 0.000000 0.000000 0.000000
vt -0.477208 0.000000 0.000000
vt -0.000000 -1.000000 0.000000
vt -0.477208 -1.000000 0.000000
vt -0.477208 0.000000 0.000000
vt 0.000000 0.000000 0.000000
vt -0.477208 1.000000 0.000000
vt 0.000000 1.000000 0.000000
vt -0.052211 0.000000 0.000000
vt 0.000000 0.000000 0.000000
vt -0.052211 1.000000 0.000000
vt 0.000000 1.000000 0.000000
vt -0.052210 0.000000 0.000000
vt 0.000000 0.000000 0.000000
vt -0.052210 1.000000 0.000000
vt 0.000000 1.000000 0.000000
vt -0.052211 0.000000 0.000000
vt 0.000000 0.000000 0.000000
vt -0.052211 1.000000 0.000000
vt 0.000000 1.000000 0.000000
vt -0.052211 0.000000 0.000000
vt 0.000000 0.000000 0.000000
vt -0.052211 1.000000 0.000000
vt 0.000000 1.000000 0.000000
vt -0.052210 0.000000 0.000000
vt 0.000000 0.000000 0.000000
vt -0.052210 1.000000 0.000000
vt 0.000000 1.000000 0.000000
vt -0.052210 0.000000 0.000000
vt 0.000000 0.000000 0.000000
vt -0.052210 1.000000 0.000000
vt 0.000000 1.000000 0.000000
vt -0.052211 0.000000 0.000000
vt 0.000000 0.000000 0.000000
vt -0.052211 1.000000 0.000000
vt 0.000000 1.000000 0.000000
vt -0.052210 0.000000 0.000000
vt 0.000000 0.000000 0.000000
vt -0.052210 1.000000 0.000000
vt 0.000000 1.000000 0.000000
vt -0.052210 0.000000 0.000000
vt 0.000000 0.000000 0.000000
vt -0.052210 1.000000 0.000000
vt 0.000000 1.000000 0.000000
vt -0.052211 0.000000 0.000000
vt 0.000000 0.000000 0.000000
vt -0.052211 1.000000 0.000000
vt 0.000000 1.000000 0.000000
vt -0.052211 0.000000 0.000000
vt 0.000000 0.000000 0.000000
vt -0.052211 1.000000 0.000000
vt 0.000000 1.000000 0.000000
vt -0.052210 0.000000 0.000000
vt 0.000000 0.000000 0.000000
vt -0.052210 1.000000 0.000000
vt 0.000000 1.000000 0.000000
vt -0.052210 0.000000 0.000000
vt 0.000000 0.000000 0.000000
vt -0.052210 1.000000 0.000000
vt 0.000000 1.000000 0.000000
vt 0.052211 0.000000 0.000000
vt 0.000000 1.000000 0.000000
vt 0.052211 1.000000 0.000000
vt -0.052211 0.000000 0.000000
vt 0.000000 0.000000 0.000000
vt -0.052211 1.000000 0.000000
vt 0.000000 1.000000 0.000000
vt 0.000000 0.000000 0.000000
vt 0.052211 0.000000 0.000000
vt 0.000000 1.000000 0.000000
vt 0.052211 1.000000 0.000000
vt 0.000000 0.000000 0.000000
vt 0.052210 0.000000 0.000000
vt 0.000000 1.000000 0.000000
vt 0.052210 1.000000 0.000000
vt 0.000000 0.000000 0.000000
vt 0.052211 0.000000 0.000000
vt 0.000000 1.000000 0.000000
vt 0.052211 1.000000 0.000000
vt 0.000000 0.000000 0.000000
vt 0.052210 0.000000 0.000000
vt 0.000000 1.000000 0.000000
vt 0.052210 1.000000 0.000000
vt 0.000000 0.000000 0.000000
vt 0.052211 0.000000 0.000000
vt 0.000000 1.000000 0.000000
vt 0.052211 1.000000 0.000000
vt -0.052210 0.000000 0.000000
vt 0.000000 0.000000 0.000000
vt -0.052210 1.000000 0.000000
vt 0.000000 1.000000 0.000000
vt -0.052211 0.000000 0.000000
vt 0.000000 0.000000 0.000000
vt -0.052211 1.000000 0.000000
vt 0.000000 1.000000 0.000000
vt -0.052210 0.000000 0.000000
vt 0.000000 0.000000 0.000000
vt -0.052210 1.000000 0.000000
vt 0.000000 1.000000 0.000000
vt -0.052211 0.000000 0.000000
vt 0.000000 0.000000 0.000000
vt -0.052211 1.000000 0.000000
vt 0.000000 1.000000 0.000000
vt -0.052210 0.000000 0.000000
vt 0.000000 0.000000 0.000000
vt -0.052210 1.000000 0.000000
vt 0.000000 1.000000 0.000000
vt -0.052210 0.000000 0.000000
vt 0.000000 0.000000 0.000000
vt -0.052210 1.000000 0.000000
vt 0.000000 1.000000 0.000000
vt -0.052211 -0.000000 0.000000
vt 0.000000 0.000000 0.000000
vt -0.052211 1.000000 0.000000
vt 0.000000 1.000000 0.000000
vt -0.052210 0.000000 0.000000
vt 0.000000 0.000000 0.000000
vt -0.052210 1.000000 0.000000
vt 0.000000 1.000000 0.000000
vt -0.052210 0.000000 0.000000
vt 0.000000 0.000000 0.000000
vt -0.052210 1.000000 0.000000
vt 0.000000 1.000000 0.000000
vt -0.052211 0.000000 0.000000
vt 0.000000 0.000000 0.000000
vt -0.052211 1.000000 0.000000
vt 0.000000 1.000000 0.000000
vt -0.052211 0.000000 0.000000
vt 0.000000 0.000000 0.000000
vt -0.052211 1.000000 0.000000
vt 0.000000 1.000000 0.000000
vt -0.052210 0.000000 0.000000
vt 0.000000 0.000000 0.000000
vt -0.052210 1.000000 0.000000
vt 0.000000 1.000000 0.000000
vt -0.052210 0.000000 0.000000
vt 0.000000 0.000000 0.000000
vt -0.052210 1.000000 0.000000
vt 0.000000 1.000000 0.000000
vt 0.052210 0.000000 0.000000
vt 0.000000 1.000000 0.000000
vt 0.052210 1.000000 0.000000
vt 0.000000 0.000000 0.000000
vt 0.052211 0.000000 0.000000
vt 0.000000 1.000000 0.000000
vt 0.052211 1.000000 0.000000
vt 0.000000 0.000000 0.000000
vt 0.052210 0.000000 0.000000
vt 0.000000 1.000000 0.000000
vt 0.052210 1.000000 0.000000
vt 0.000000 0.000000 0.000000
vt 0.052211 0.000000 0.000000
vt 0.000000 1.000000 0.000000
vt 0.052211 1.000000 0.000000
vt 0.000000 0.000000 0.000000
vt 0.052210 0.000000 0.000000
vt 0.000000 1.000000 0.000000
vt 0.052210 1.000000 0.000000
vt 0.000000 0.000000 0.000000
vt 0.052211 0.000000 0.000000
vt 0.000000 1.000000 0.000000
vt 0.052211 1.000000 0.000000
vt -0.052211 0.000000 0.000000
vt 0.000000 0.000000 0.000000
vt -0.052211 1.000000 0.000000
vt 0.000000 1.000000 0.000000
vt -0.052210 0.000000 0.000000
vt 0.000000 0.000000 0.000000
vt -0.052210 1.000000 0.000000
vt 0.000000 1.000000 0.000000
vt -0.052210 0.000000 0.000000
vt 0.000000 0.000000 0.000000
vt -0.052210 1.000000 0.000000
vt 0.000000 1.000000 0.000000
vt -0.052211 0.000000 0.000000
vt 0.000000 0.000000 0.000000
vt -0.052211 1.000000 0.000000
vt 0.000000 1.000000 0.000000
vt 0.052210 0.000000 0.000000
vt 0.000000 1.000000 0.000000
vt 0.052210 1.000000 0.000000
vt -0.052211 0.000000 0.000000
vt 0.000000 0.000000 0.000000
vt -0.052211 1.000000 0.000000
vt 0.000000 1.000000 0.000000
vt -0.052210 0.000000 0.000000
vt 0.000000 0.000000 0.000000
vt -0.052210 1.000000 0.000000
vt 0.000000 1.000000 0.000000
vt -0.052211 0.000000 0.000000
vt 0.000000 0.000000 0.000000
vt -0.052211 1.000000 0.000000
vt 0.000000 1.000000 0.000000
vt -0.052210 -0.000000 0.000000
vt 0.000000 0.000000 0.000000
vt -0.052210 1.000000 0.000000
vt 0.000000 1.000000 0.000000
vt -0.052211 0.000000 0.000000
vt 0.000000 0.000000 0.000000
vt -0.052211 1.000000 0.000000
vt 0.000000 1.000000 0.000000
vt -0.052210 0.000000 0.000000
vt 0.000000 0.000000 0.000000
vt -0.052210 1.000000 0.000000
vt 0.000000 1.000000 0.000000
vt -0.052211 0.000000 0.000000
vt 0.000000 0.000000 0.000000
vt -0.052211 1.000000 0.000000
vt 0.000000 1.000000 0.000000
vt -0.052210 0.000000 0.000000
vt 0.000000 0.000000 0.000000
vt -0.052210 1.000000 0.000000
vt 0.000000 1.000000 0.000000
vt -0.052210 0.000000 0.000000
vt 0.000000 0.000000 0.000000
vt -0.052210 1.000000 0.000000
vt 0.000000 1.000000 0.000000
vt -0.052211 0.000000 0.000000
vt 0.000000 0.000000 0.000000
vt -0.052211 1.000000 0.000000
vt 0.000000 1.000000 0.000000
vt -0.052211 -0.000000 0.000000
vt 0.000000 0.000000 0.000000
vt -0.052211 1.000000 0.000000
vt 0.000000 1.000000 0.000000
vt -0.052210 0.000000 0.000000
vt 0.000000 0.000000 0.000000
vt -0.052210 1.000000 0.000000
vt 0.000000 1.000000 0.000000
vt -0.052211 0.000000 0.000000
vt 0.000000 0.000000 0.000000
vt -0.052211 1.000000 0.000000
vt 0.000000 1.000000 0.000000
vt -0.052211 0.000000 0.000000
vt 0.000000 0.000000 0.000000
vt -0.052211 1.000000 0.000000
vt 0.000000 1.000000 0.000000
vt 0.052210 0.000000 0.000000
vt 0.000000 1.000000 0.000000
vt 0.052210 1.000000 0.000000
vt -0.052210 0.000000 0.000000
vt 0.000000 0.000000 0.000000
vt -0.052210 1.000000 0.000000
vt 0.000000 1.000000 0.000000
vt -0.052211 0.000000 0.000000
vt 0.000000 0.000000 0.000000
vt -0.052211 1.000000 0.000000
vt 0.000000 1.000000 0.000000
vt -0.052210 0.000000 0.000000
vt 0.000000 0.000000 0.000000
vt -0.052210 1.000000 0.000000
vt 0.000000 1.000000 0.000000
vt 0.052210 0.000000 0.000000
vt 0.000000 1.000000 0.000000
vt 0.052210 1.000000 0.000000
vt 0.000000 0.000000 0.000000
vt 0.052211 0.000000 0.000000
vt 0.000000 1.000000 0.000000
vt 0.052211 1.000000 0.000000
vt 0.000000 0.000000 0.000000
vt 0.052210 -0.000000 0.000000
vt 0.000000 1.000000 0.000000
vt 0.052210 1.000000 0.000000
vt 0.000000 0.000000 0.000000
vt 0.052210 0.000000 0.000000
vt 0.000000 1.000000 0.000000
vt 0.052210 1.000000 0.000000
vt 0.000000 0.000000 0.000000
vt 0.052211 0.000000 0.000000
vt 0.000000 1.000000 0.000000
vt 0.052211 1.000000 0.000000
vt 0.000000 0.000000 0.000000
vt 0.052210 0.000000 0.000000
vt 0.000000 1.000000 0.000000
vt 0.052210 1.000000 0.000000
vt 0.000000 0.000000 0.000000
vt 0.052211 -0.000000 0.000000
vt 0.000000 1.000000 0.000000
vt 0.052211 1.000000 0.000000
vt -0.052210 0.000000 0.000000
vt 0.000000 0.000000 0.000000
vt -0.052210 1.000000 0.000000
vt 0.000000 1.000000 0.000000
vt -0.052211 0.000000 0.000000
vt 0.000000 0.000000 0.000000
vt -0.052211 1.000000 0.000000
vt 0.000000 1.000000 0.000000
vt -0.052210 0.000000 0.000000
vt 0.000000 0.000000 0.000000
vt -0.052210 1.000000 0.000000
vt 0.000000 1.000000 0.000000
vt -0.052211 0.000000 0.000000
vt 0.000000 0.000000 0.000000
vt -0.052211 1.000000 0.000000
vt 0.000000 1.000000 0.000000
vt 0.000000 0.000000 0.000000
vt 0.052211 0.000000 0.000000
vt 0.000000 1.000000 0.000000
vt 0.052211 1.000000 0.000000
vt 0.000000 0.000000 0.000000
vt 0.052210 0.000000 0.000000
vt 0.000000 1.000000 0.000000
vt 0.052210 1.000000 0.000000
vt -0.052210 0.000000 0.000000
vt 0.000000 0.000000 0.000000
vt -0.052210 1.000000 0.000000
vt 0.000000 1.000000 0.000000
vt -0.052211 0.000000 0.000000
vt 0.000000 0.000000 0.000000
vt -0.052211 1.000000 0.000000
vt 0.000000 1.000000 0.000000
vt -0.052210 0.000000 0.000000
vt 0.000000 0.000000 0.000000
vt -0.052210 1.000000 0.000000
vt 0.000000 1.000000 0.000000
vt -0.052211 0.000000 0.000000
vt 0.000000 0.000000 0.000000
vt -0.052211 1.000000 0.000000
vt 0.000000 1.000000 0.000000
vt -0.052210 0.000000 0.000000
vt 0.000000 0.000000 0.000000
vt -0.052210 1.000000 0.000000
vt 0.000000 1.000000 0.000000
vt -0.052211 0.000000 0.000000
vt 0.000000 0.000000 0.000000
vt -0.052211 1.000000 0.000000
vt 0.000000 1.000000 0.000000
vt -0.052210 0.000000 0.000000
vt 0.000000 0.000000 0.000000
vt -0.052210 1.000000 0.000000
vt 0.000000 1.000000 0.000000
vt -0.052211 0.000000 0.000000
vt 0.000000 0.000000 0.000000
vt -0.052211 1.000000 0.000000
vt 0.000000 1.000000 0.000000
vt -0.052210 0.000000 0.000000
vt 0.000000 0.000000 0.000000
vt -0.052210 1.000000 0.000000
vt 0.000000 1.000000 0.000000
vt -0.052210 0.000000 0.000000
vt 0.000000 0.000000 0.000000
vt -0.052210 1.000000 0.000000
vt 0.000000 1.000000 0.000000
vt -0.052211 0.000000 0.000000
vt 0.000000 0.000000 0.000000
vt -0.052211 1.000000 0.000000
vt 0.000000 1.000000 0.000000
vt -0.052210 0.000000 0.000000
vt 0.000000 0.000000 0.000000
vt -0.052210 1.000000 0.000000
vt 0.000000 1.000000 0.000000
vt -0.052211 0.000000 0.000000
vt 0.000000 0.000000 0.000000
vt -0.052211 1.000000 0.000000
vt 0.000000 1.000000 0.000000
vt -0.052210 0.000000 0.000000
vt 0.000000 0.000000 0.000000
vt -0.052210 1.000000 0.000000
vt 0.000000 1.000000 0.000000
vt -0.052211 0.000000 0.000000
vt 0.000000 0.000000 0.000000
vt -0.052211 1.000000 0.000000
vt 0.000000 1.000000 0.000000
vt -0.052211 0.000000 0.000000
vt 0.000000 0.000000 0.000000
vt -0.052211 1.000000 0.000000
vt 0.000000 1.000000 0.000000
vt -0.052210 0.000000 0.000000
vt 0.000000 0.000000 0.000000
vt -0.052210 1.000000 0.000000
vt 0.000000 1.000000 0.000000
vt 0.052210 0.000000 0.000000
vt 0.000000 1.000000 0.000000
vt 0.052210 1.000000 0.000000
vt 0.000000 0.000000 0.000000
vt 0.052210 0.000000 0.000000
vt 0.000000 1.000000 0.000000
vt 0.052210 1.000000 0.000000
vt 0.000000 0.000000 0.000000
vt 0.052211 0.000000 0.000000
vt 0.000000 1.000000 0.000000
vt 0.052211 1.000000 0.000000
vt 0.000000 0.000000 0.000000
vt 0.052210 0.000000 0.000000
vt 0.000000 1.000000 0.000000
vt 0.052210 1.000000 0.000000
vt 10.712341 -7.200000 0.000000
vt 10.193400 -7.111312 0.000000
vt 10.212341 -7.700000 0.000000
vt 10.143153 -7.125494 0.000000
vt 10.090947 -7.126187 0.000000
vt 10.712341 0.500000 0.000000
vt 10.392502 -3.588604 0.000000
vt 10.332691 -4.062049 0.000000
vt 10.214015 -4.524265 0.000000
vt 10.212341 1.000000 0.000000
vt 10.251645 0.350193 0.000000
vt 10.297203 0.324690 0.000000
vt 10.334609 0.288265 0.000000
vt 2.100000 1.000000 0.000000
vt 6.600000 0.450000 0.000000
vt 7.076267 0.420036 0.000000
vt 7.545022 0.330616 0.000000
vt 2.100000 0.500000 0.000000
vt 2.961735 0.384609 0.000000
vt 3.006600 0.411312 0.000000
vt 3.056847 0.425494 0.000000
vt 1.100000 0.500000 0.000000
vt 1.100000 0.000000 0.000000
vt 2.928544 0.103720 0.000000
vt 2.901840 0.148585 0.000000
vt 0.000000 0.000000 0.000000
vt 2.985985 -2.175735 0.000000
vt 3.161657 -1.732039 0.000000
vt 3.391554 -1.313858 0.000000
vt 0.000000 -6.700000 0.000000
vt 2.807498 -3.111396 0.000000
vt 2.867308 -2.637951 0.000000
vt 1.100000 -6.700000 0.000000
vt 2.985985 -4.524265 0.000000
vt 2.867308 -4.062049 0.000000
vt 2.807498 -3.588604 0.000000
vt 1.100000 -7.200000 0.000000
vt 2.100000 -7.200000 0.000000
vt 2.862158 -6.744782 0.000000
vt 2.898582 -6.707377 0.000000
vt 2.100000 -7.700000 0.000000
vt 2.948355 -7.050193 0.000000
vt 2.902797 -7.024690 0.000000
vt 2.865391 -6.988266 0.000000
vt 6.600000 -7.150000 0.000000
vt 6.123734 -7.120036 0.000000
vt 5.654979 -7.030616 0.000000
vt 10.375494 0.193152 0.000000
vt 10.376187 0.140947 0.000000
vt 10.363345 0.090340 0.000000
vt 10.337843 0.044782 0.000000
vt 10.038343 -1.732039 0.000000
vt 10.301417 0.007377 0.000000
vt 9.808446 -1.313858 0.000000
vt 10.256553 -0.019327 0.000000
vt 10.206306 -0.033508 0.000000
vt 9.527950 -0.927789 0.000000
vt 10.154099 -0.034202 0.000000
vt 10.103493 -0.021359 0.000000
vt 9.201279 -0.579920 0.000000
vt 10.057935 0.004143 0.000000
vt 10.020530 0.040567 0.000000
vt 9.993826 0.085432 0.000000
vt 8.833584 -0.275736 0.000000
vt 9.979644 0.135680 0.000000
vt 9.978951 0.187886 0.000000
vt 9.991794 0.238492 0.000000
vt 8.430664 -0.020035 0.000000
vt 10.017295 0.284050 0.000000
vt 10.053720 0.321456 0.000000
vt 10.098586 0.348159 0.000000
vt 10.148833 0.362341 0.000000
vt 10.201038 0.363035 0.000000
vt 10.361312 0.243401 0.000000
vt 10.298160 -6.848585 0.000000
vt 10.312342 -6.898833 0.000000
vt 10.313035 -6.951039 0.000000
vt 10.300193 -7.001645 0.000000
vt 10.274691 -7.047204 0.000000
vt 10.238265 -7.084609 0.000000
vt 10.040340 -7.113345 0.000000
vt 9.994782 -7.087843 0.000000
vt 9.957377 -7.051418 0.000000
vt 8.430664 -6.679966 0.000000
vt 9.930674 -7.006553 0.000000
vt 9.916492 -6.956306 0.000000
vt 8.833584 -6.424265 0.000000
vt 9.915798 -6.904100 0.000000
vt 9.928641 -6.853493 0.000000
vt 9.954143 -6.807935 0.000000
vt 9.201279 -6.120081 0.000000
vt 9.990568 -6.770530 0.000000
vt 10.035433 -6.743826 0.000000
vt 9.527950 -5.772211 0.000000
vt 10.085681 -6.729644 0.000000
vt 10.137886 -6.728951 0.000000
vt 10.188493 -6.741793 0.000000
vt 9.808446 -5.386142 0.000000
vt 10.234051 -6.767296 0.000000
vt 10.038343 -4.967962 0.000000
vt 10.271457 -6.803721 0.000000
vt 3.206174 -6.785433 0.000000
vt 3.220356 -6.835680 0.000000
vt 4.366416 -6.424265 0.000000
vt 3.221049 -6.887886 0.000000
vt 3.208207 -6.938493 0.000000
vt 4.769336 -6.679966 0.000000
vt 3.182705 -6.984051 0.000000
vt 3.146280 -7.021457 0.000000
vt 5.201127 -6.883151 0.000000
vt 3.101415 -7.048160 0.000000
vt 3.051167 -7.062342 0.000000
vt 2.998961 -7.063035 0.000000
vt 2.838688 -6.943401 0.000000
vt 2.824506 -6.893153 0.000000
vt 2.823813 -6.840947 0.000000
vt 2.836655 -6.790341 0.000000
vt 3.391554 -5.386142 0.000000
vt 2.943447 -6.680674 0.000000
vt 2.993695 -6.666492 0.000000
vt 3.672050 -5.772211 0.000000
vt 3.045901 -6.665799 0.000000
vt 3.096507 -6.678641 0.000000
vt 3.998721 -6.120081 0.000000
vt 3.142065 -6.704143 0.000000
vt 3.179471 -6.740568 0.000000
vt 3.284202 0.204099 0.000000
vt 3.271360 0.153492 0.000000
vt 4.366416 -0.275736 0.000000
vt 3.245857 0.107934 0.000000
vt 3.998721 -0.579920 0.000000
vt 3.209432 0.070529 0.000000
vt 3.164567 0.043825 0.000000
vt 3.672050 -0.927789 0.000000
vt 3.114320 0.029644 0.000000
vt 3.062114 0.028950 0.000000
vt 3.011508 0.041793 0.000000
vt 2.965949 0.067295 0.000000
vt 2.887659 0.198833 0.000000
vt 2.886966 0.251038 0.000000
vt 2.899808 0.301645 0.000000
vt 2.925310 0.347203 0.000000
vt 3.109053 0.426187 0.000000
vt 3.159660 0.413345 0.000000
vt 5.654979 0.330616 0.000000
vt 5.201127 0.183150 0.000000
vt 3.205218 0.387843 0.000000
vt 3.242623 0.351417 0.000000
vt 4.769336 -0.020035 0.000000
vt 3.269327 0.306552 0.000000
vt 3.283508 0.256306 0.000000
vt 3.161657 -4.967962 0.000000
vt 6.123734 0.420036 0.000000
vt 7.998873 0.183150 0.000000
vt 10.214015 -2.175735 0.000000
vt 10.332691 -2.637951 0.000000
vt 10.392502 -3.111396 0.000000
vt 7.998873 -6.883151 0.000000
vt 7.545022 -7.030616 0.000000
vt 7.076267 -7.120036 0.000000
vt 0.000000 0.000000 0.000000
vt -1.000000 1.000000 0.000000
vt -1.000000 0.000000 0.000000
vt -2.100000 0.000000 0.000000
vt -2.100000 9.275001 0.000000
vt -1.000000 9.275001 0.000000
vt -1.100000 0.000000 0.000000
vt 0.000000 0.000000 0.000000
vt -1.100000 9.632110 0.000000
vt -0.000000 9.632110 0.000000
vt -1.100000 0.000000 0.000000
vt 0.000000 0.000000 0.000000
vt -1.100000 9.632110 0.000000
vt 0.000000 9.632110 0.000000
vt -1.100000 0.000000 0.000000
vt 0.000000 0.000000 0.000000
vt -1.100000 9.632110 0.000000
vt -0.000000 9.632110 0.000000
vt -1.100000 0.000000 0.000000
vt 0.000000 0.000000 0.000000
vt -1.100000 9.632110 0.000000
vt 0.000000 9.632110 0.000000
vt 0.000000 -6.550000 0.000000
vt 0.000000 0.000000 0.000000
vt -0.500000 -0.500000 0.000000
vt -6.550000 0.000000 0.000000
vt -6.050000 -0.500000 0.000000
vt -6.550000 -6.550000 0.000000
vt -6.050000 -6.050000 0.000000
vt -0.500000 -6.050000 0.000000
vt 0.000000 0.000000 0.000000
vt 1.500000 0.000000 0.000000
vt 0.000000 6.550000 0.000000
vt 1.500000 6.550000 0.000000
vt 0.000000 0.000000 0.000000
vt -1.500000 0.000000 0.000000
vt 0.000000 -6.550000 0.000000
vt -1.500000 -6.550000 0.000000
vt -1.100000 -4.601556 0.000000
vt -1.100000 -2.003113 0.000000
vt -2.800000 -4.601556 0.000000
vt -1.100000 -1.503113 0.000000
vt -2.800000 3.098444 0.000000
vt -1.100000 0.000000 0.000000
vt -1.100000 0.500000 0.000000
vt 0.000000 -4.601556 0.000000
vt -0.000000 -2.003113 0.000000
vt -0.000000 -1.503113 0.000000
vt 0.000000 0.000000 0.000000
vt -1.100000 3.098444 0.000000
vt 0.000000 0.500000 0.000000
vt 0.000000 3.098444 0.000000
vt 0.000000 0.000000 0.000000
vt 0.500000 0.000000 0.000000
vt 0.000000 8.275001 0.000000
vt 0.500000 8.775001 0.000000
vt 0.000000 0.000000 0.000000
vt 2.598444 -9.275001 0.000000
vt 0.500000 0.000000 0.000000
vt 3.098444 -9.275001 0.000000
vt 0.000000 0.000000 0.000000
vt 0.500000 0.000000 0.000000
vt 2.598444 9.275001 0.000000
vt 3.098444 9.275001 0.000000
vt -1.300000 0.000000 0.000000
vt 0.000000 0.000000 0.000000
vt -1.300000 5.550000 0.000000
vt 0.000000 5.550000 0.000000
vt -1.300000 0.000000 0.000000
vt 0.000000 0.000000 0.000000
vt -1.300000 5.550000 0.000000
vt 0.000000 5.550000 0.000000
vt 1.300000 0.000000 0.000000
vt 0.000000 5.550000 0.000000
vt 1.300000 5.550000 0.000000
vt -2.100000 0.000000 0.000000
vt -1.100000 0.000000 0.000000
vt -1.100000 1.000000 0.000000
vt 0.000000 0.000000 0.000000
vt -0.000000 9.275001 0.000000
vt -1.100000 9.275001 0.000000
vt 0.500000 0.000000 0.000000
vt 0.000000 0.000000 0.000000
vt 0.500000 -1.414214 0.000000
vt 0.000000 -1.414214 0.000000
vt 0.500000 0.000000 0.000000
vt 0.000000 0.000000 0.000000
vt 0.500000 -1.414214 0.000000
vt 0.000000 -1.414214 0.000000
vt -1.500000 0.000000 0.000000
vt 0.000000 0.000000 0.000000
vt -1.500000 6.550000 0.000000
vt 0.000000 6.550000 0.000000
vt -1.500000 0.000000 0.000000
vt 0.000000 0.000000 0.000000
vt -1.500000 6.550000 0.000000
vt 0.000000 6.550000 0.000000
vt 0.000000 8.775001 0.000000
vt 0.000000 0.000000 0.000000
vt 0.500000 8.275001 0.000000
vt 0.500000 0.000000 0.000000
vt 0.018757 0.070000 0.000000
vt 0.004770 0.036235 0.000000
vt 0.280000 0.000000 0.000000
vt 0.000000 0.000000 0.000000
vt 0.275229 -0.036236 0.000000
vt 0.261243 -0.070000 0.000000
vt 0.004770 -0.036236 0.000000
vt 0.018757 -0.070000 0.000000
vt 0.041004 -0.098995 0.000000
vt 0.209999 -0.121243 0.000000
vt 0.238995 -0.098995 0.000000
vt 0.070000 -0.121243 0.000000
vt 0.103765 -0.135230 0.000000
vt 0.139999 -0.140000 0.000000
vt 0.176235 -0.135230 0.000000
vt 0.275229 0.036235 0.000000
vt 0.261243 0.070000 0.000000
vt 0.041004 0.098995 0.000000
vt 0.070000 0.121243 0.000000
vt 0.238995 0.098995 0.000000
vt 0.209999 0.121243 0.000000
vt 0.176235 0.135229 0.000000
vt 0.139999 0.139999 0.000000
vt 0.103765 0.135229 0.000000
vt -1.000000 0.000000 0.000000
vt 0.000000 0.000000 0.000000
vt -1.000000 0.036547 0.000000
vt 0.000000 0.036547 0.000000
vt -1.000000 0.000000 0.000000
vt 0.000000 0.000000 0.000000
vt -1.000000 0.036547 0.000000
vt 0.000000 0.036547 0.000000
vt -1.000000 0.000000 0.000000
vt 0.000000 0.000000 0.000000
vt -1.000000 0.036548 0.000000
vt 0.000000 0.036548 0.000000
vt -1.000000 0.000000 0.000000
vt 0.000000 0.000000 0.000000
vt -1.000000 0.036548 0.000000
vt 0.000000 0.036548 0.000000
vt -1.000000 0.000000 0.000000
vt 0.000000 0.000000 0.000000
vt -1.000000 0.036546 0.000000
vt 0.000000 0.036546 0.000000
vt -1.000000 0.000000 0.000000
vt 0.000000 0.000000 0.000000
vt -1.000000 0.036547 0.000000
vt 0.000000 0.036547 0.000000
vt 0.000000 -0.036548 0.000000
vt -1.000000 0.000000 0.000000
vt -1.000000 -0.036548 0.000000
vt 0.000000 0.000000 0.000000
vt 1.000000 0.000000 0.000000
vt 0.000000 0.036547 0.000000
vt 1.000000 0.036547 0.000000
vt 0.000000 0.000000 0.000000
vt 1.000000 0.000000 0.000000
vt 0.000000 0.036548 0.000000
vt 1.000000 0.036548 0.000000
vt 0.000000 0.000000 0.000000
vt 1.000000 0.000000 0.000000
vt 0.000000 0.036548 0.000000
vt 1.000000 0.036548 0.000000
vt 0.000000 0.000000 0.000000
vt 1.000000 0.000000 0.000000
vt 0.000000 0.036546 0.000000
vt 1.000000 0.036546 0.000000
vt 0.000000 0.000000 0.000000
vt 1.000000 0.000000 0.000000
vt 0.000000 0.036548 0.000000
vt 1.000000 0.036548 0.000000
vt -1.000000 0.000000 0.000000
vt 0.000000 0.000000 0.000000
vt -1.000000 0.036548 0.000000
vt 0.000000 0.036548 0.000000
vt -1.000000 0.000000 0.000000
vt 0.000000 0.000000 0.000000
vt -1.000000 0.036546 0.000000
vt 0.000000 0.036546 0.000000
vt -1.000000 0.000000 0.000000
vt 0.000000 0.000000 0.000000
vt -1.000000 0.036548 0.000000
vt 0.000000 0.036548 0.000000
vt -1.000000 0.000000 0.000000
vt 0.000000 0.000000 0.000000
vt -1.000000 0.036548 0.000000
vt 0.000000 0.036548 0.000000
vt -1.000000 0.000000 0.000000
vt 0.000000 0.000000 0.000000
vt -1.000000 0.036547 0.000000
vt 0.000000 0.036547 0.000000
vt -1.000000 0.000000 0.000000
vt 0.000000 0.000000 0.000000
vt -1.000000 0.036548 0.000000
vt 0.000000 0.036548 0.000000
vt 0.000000 0.000000 0.000000
vt 1.000000 0.000000 0.000000
vt 0.000000 0.036547 0.000000
vt 1.000000 0.036547 0.000000
vt 0.000000 0.000000 0.000000
vt -1.000000 0.000000 0.000000
vt -0.000000 -0.036546 0.000000
vt -1.000000 -0.036546 0.000000
vt 0.000000 0.000000 0.000000
vt -1.000000 0.000000 0.000000
vt -0.000000 -0.036548 0.000000
vt -1.000000 -0.036548 0.000000
vt 0.000000 0.000000 0.000000
vt -1.000000 0.000000 0.000000
vt -0.000000 -0.036548 0.000000
vt -1.000000 -0.036548 0.000000
vt 0.000000 0.000000 0.000000
vt -1.000000 0.000000 0.000000
vt -0.000000 -0.036547 0.000000
vt -1.000000 -0.036547 0.000000
vt 0.000000 0.000000 0.000000
vt -1.000000 0.000000 0.000000
vt -0.000000 -0.036547 0.000000
vt -1.000000 -0.036547 0.000000
vt 0.027152 0.067190 0.000000
vt 0.009152 0.035383 0.000000
vt 0.277909 -0.034143 0.000000
vt 0.000000 0.000000 0.000000
vt 0.268757 -0.069527 0.000000
vt 0.250757 -0.101334 0.000000
vt 0.225140 -0.127398 0.000000
vt 0.000316 -0.036547 0.000000
vt 0.010079 -0.071765 0.000000
vt 0.028626 -0.103256 0.000000
vt 0.193647 -0.145946 0.000000
vt 0.054692 -0.128875 0.000000
vt 0.086500 -0.146873 0.000000
vt 0.121883 -0.156028 0.000000
vt 0.158428 -0.155710 0.000000
vt 0.277594 0.002403 0.000000
vt 0.267830 0.037621 0.000000
vt 0.249283 0.069113 0.000000
vt 0.223217 0.094730 0.000000
vt 0.052770 0.093256 0.000000
vt 0.084262 0.111803 0.000000
vt 0.119480 0.121567 0.000000
vt 0.156026 0.121883 0.000000
vt 0.191409 0.112730 0.000000
vt 0.000000 0.000000 0.000000
vt -1.000000 0.000000 0.000000
vt -0.000000 -0.036548 0.000000
vt -1.000000 -0.036548 0.000000
vt -1.000000 0.000000 0.000000
vt 0.000000 0.000000 0.000000
vt -1.000000 0.036547 0.000000
vt 0.000000 0.036547 0.000000
vt -1.000000 0.000000 0.000000
vt 0.000000 0.000000 0.000000
vt -1.000000 0.036547 0.000000
vt 0.000000 0.036547 0.000000
vt -1.000000 0.000000 0.000000
vt 0.000000 0.000000 0.000000
vt -1.000000 0.036548 0.000000
vt 0.000000 0.036548 0.000000
vt -1.000000 0.000000 0.000000
vt 0.000000 0.000000 0.000000
vt -1.000000 0.036548 0.000000
vt 0.000000 0.036548 0.000000
vt -1.000000 0.000000 0.000000
vt 0.000000 0.000000 0.000000
vt -1.000000 0.036547 0.000000
vt 0.000000 0.036547 0.000000
vt -1.000000 0.000000 0.000000
vt 0.000000 0.000000 0.000000
vt -1.000000 0.036547 0.000000
vt 0.000000 0.036547 0.000000
vt 0.000000 -0.036548 0.000000
vt -1.000000 0.000000 0.000000
vt -1.000000 -0.036548 0.000000
vt 0.000000 0.000000 0.000000
vt 1.000000 0.000000 0.000000
vt 0.000000 0.036547 0.000000
vt 1.000000 0.036547 0.000000
vt 0.000000 0.000000 0.000000
vt 1.000000 0.000000 0.000000
vt 0.000000 0.036548 0.000000
vt 1.000000 0.036548 0.000000
vt 0.000000 0.000000 0.000000
vt 1.000000 0.000000 0.000000
vt 0.000000 0.036546 0.000000
vt 1.000000 0.036546 0.000000
vt 0.000000 0.000000 0.000000
vt 1.000000 0.000000 0.000000
vt 0.000000 0.036548 0.000000
vt 1.000000 0.036548 0.000000
vt 0.000000 0.000000 0.000000
vt 1.000000 0.000000 0.000000
vt 0.000000 0.036548 0.000000
vt 1.000000 0.036548 0.000000
vt -1.000000 0.000000 0.000000
vt 0.000000 0.000000 0.000000
vt -1.000000 0.036546 0.000000
vt 0.000000 0.036546 0.000000
vt -1.000000 0.000000 0.000000
vt 0.000000 0.000000 0.000000
vt -1.000000 0.036547 0.000000
vt 0.000000 0.036547 0.000000
vt -1.000000 0.000000 0.000000
vt 0.000000 0.000000 0.000000
vt -1.000000 0.036548 0.000000
vt 0.000000 0.036548 0.000000
vt -1.000000 0.000000 0.000000
vt 0.000000 0.000000 0.000000
vt -1.000000 0.036548 0.000000
vt 0.000000 0.036548 0.000000
vt -1.000000 0.000000 0.000000
vt 0.000000 0.000000 0.000000
vt -1.000000 0.036547 0.000000
vt 0.000000 0.036547 0.000000
vt -1.000000 0.000000 0.000000
vt 0.000000 0.000000 0.000000
vt -1.000000 0.036547 0.000000
vt 0.000000 0.036547 0.000000
vt 0.000000 0.000000 0.000000
vt 1.000000 0.000000 0.000000
vt 0.000000 0.036547 0.000000
vt 1.000000 0.036547 0.000000
vt 0.000000 0.000000 0.000000
vt -1.000000 0.000000 0.000000
vt -0.000000 -0.036548 0.000000
vt -1.000000 -0.036548 0.000000
vt 0.000000 0.000000 0.000000
vt -1.000000 0.000000 0.000000
vt -0.000000 -0.036548 0.000000
vt -1.000000 -0.036548 0.000000
vt 0.000000 0.000000 0.000000
vt -1.000000 0.000000 0.000000
vt -0.000000 -0.036547 0.000000
vt -1.000000 -0.036547 0.000000
vt 0.000000 0.000000 0.000000
vt -1.000000 0.000000 0.000000
vt -0.000000 -0.036547 0.000000
vt -1.000000 -0.036547 0.000000
vn 0.000000 -0.036697 0.093023
vn 0.000000 -0.052151 0.085325
vn 0.000000 -0.044768 0.089419
vn 0.000000 -0.059471 0.080394
vn 0.000000 -0.066050 0.075083
vn 0.000000 -0.072404 0.068976
vn 0.000000 -0.077980 0.062603
vn 0.000000 -0.083182 0.055504
vn 0.000000 -0.087586 0.048257
vn 0.000000 -0.091484 0.040381
vn 0.000000 -0.094581 0.032472
vn 0.000000 -0.097063 0.024056
vn 0.000000 -0.098757 0.015720
vn 0.000000 -0.099754 0.007015
vn -0.000000 -0.099989 -0.001501
vn -0.000000 -0.099475 -0.010235
vn -0.000000 -0.098240 -0.018677
vn -0.000000 -0.096235 -0.027181
vn -0.000000 -0.093564 -0.035297
vn -0.000000 -0.090131 -0.043317
vn -0.000000 -0.086098 -0.050864
vn -0.000000 -0.081345 -0.058164
vn -0.000000 -0.076066 -0.064915
vn -0.000000 -0.070137 -0.071280
vn -0.000000 -0.063766 -0.077032
vn -0.000000 -0.056842 -0.082274
vn -0.000000 -0.049566 -0.086852
vn -0.000000 -0.041854 -0.090820
vn -0.000000 -0.033888 -0.094083
vn -0.000000 -0.025622 -0.096662
vn -0.000000 -0.017201 -0.098510
vn -0.000000 -0.008626 -0.099627
vn -0.000000 -0.000000 -0.100000
vn -0.000000 0.008626 -0.099627
vn -0.000000 0.017201 -0.098510
vn -0.000000 0.025622 -0.096662
vn -0.000000 0.033888 -0.094083
vn -0.000000 0.041854 -0.090820
vn -0.000000 0.049566 -0.086852
vn -0.000000 0.056842 -0.082274
vn -0.000000 0.063766 -0.077032
vn -0.000000 0.070137 -0.071280
vn -0.000000 0.076066 -0.064915
vn -0.000000 0.081345 -0.058164
vn -0.000000 0.086098 -0.050864
vn -0.000000 0.090131 -0.043317
vn -0.000000 0.093564 -0.035297
vn -0.000000 0.096235 -0.027181
vn -0.000000 0.098240 -0.018677
vn -0.000000 0.099475 -0.010235
vn -0.000000 0.099989 -0.001501
vn 0.000000 0.099754 0.007015
vn 0.000000 0.098757 0.015720
vn 0.000000 0.097063 0.024056
vn 0.000000 0.094581 0.032472
vn 0.000000 0.091484 0.040381
vn 0.000000 0.087586 0.048257
vn 0.000000 0.083182 0.055504
vn 0.000000 0.077980 0.062603
vn 0.000000 0.072404 0.068976
vn 0.000000 0.066050 0.075083
vn 0.000000 0.059471 0.080394
vn 0.000000 0.052151 0.085325
vn 0.000000 0.044768 0.089419
vn 0.000000 0.036697 0.093023
vn -0.000000 0.036697 0.093023
vn -0.000000 0.052151 0.085325
vn -0.000000 0.044759 0.089424
vn -0.000000 0.059464 0.080399
vn -0.000000 0.066050 0.075083
vn -0.000000 0.072398 0.068982
vn -0.000000 0.077980 0.062603
vn -0.000000 0.083178 0.055511
vn -0.000000 0.087586 0.048257
vn -0.000000 0.091481 0.040388
vn -0.000000 0.094581 0.032472
vn -0.000000 0.097062 0.024062
vn -0.000000 0.098757 0.015720
vn -0.000000 0.099753 0.007021
vn 0.000000 0.099989 -0.001501
vn 0.000000 0.099475 -0.010230
vn 0.000000 0.098240 -0.018677
vn 0.000000 0.096237 -0.027176
vn 0.000000 0.093564 -0.035297
vn 0.000000 0.090133 -0.043313
vn 0.000000 0.086098 -0.050864
vn 0.000000 0.081347 -0.058161
vn 0.000000 0.076066 -0.064915
vn 0.000000 0.070139 -0.071278
vn 0.000000 0.063766 -0.077032
vn 0.000000 0.056843 -0.082273
vn 0.000000 0.049566 -0.086852
vn 0.000000 0.041856 -0.090819
vn 0.000000 0.033888 -0.094083
vn 0.000000 0.025623 -0.096662
vn 0.000000 0.017201 -0.098510
vn 0.000000 0.008626 -0.099627
vn 0.000000 0.000000 -0.100000
vn 0.000000 -0.008626 -0.099627
vn 0.000000 -0.017201 -0.098510
vn 0.000000 -0.025623 -0.096662
vn 0.000000 -0.033888 -0.094083
vn 0.000000 -0.041856 -0.090819
vn 0.000000 -0.049566 -0.086852
vn 0.000000 -0.056843 -0.082273
vn 0.000000 -0.063766 -0.077032
vn 0.000000 -0.070139 -0.071278
vn 0.000000 -0.076066 -0.064915
vn 0.000000 -0.081347 -0.058161
vn 0.000000 -0.086098 -0.050864
vn 0.000000 -0.090133 -0.043313
vn 0.000000 -0.093564 -0.035297
vn 0.000000 -0.096237 -0.027176
vn 0.000000 -0.098240 -0.018677
vn 0.000000 -0.099475 -0.010230
vn 0.000000 -0.099989 -0.001501
vn -0.000000 -0.099753 0.007021
vn -0.000000 -0.098757 0.015720
vn -0.000000 -0.097062 0.024062
vn -0.000000 -0.094581 0.032472
vn -0.000000 -0.091481 0.040388
vn -0.000000 -0.087586 0.048257
vn -0.000000 -0.083178 0.055511
vn -0.000000 -0.077980 0.062603
vn -0.000000 -0.072398 0.068982
vn -0.000000 -0.066050 0.075083
vn -0.000000 -0.059464 0.080399
vn -0.000000 -0.052151 0.085325
vn -0.000000 -0.044759 0.089424
vn -0.000000 -0.036697 0.093023
vn 0.100000 0.000000 0.000000
vn 0.100000 0.000000 0.000000
vn 0.100000 0.000000 0.000000
vn 0.100000 0.000000 0.000000
vn 0.100000 0.000000 0.000000
vn 0.100000 0.000000 0.000000
vn 0.100000 0.000000 0.000000
vn 0.100000 0.000000 0.000000
vn 0.100000 0.000000 0.000000
vn 0.100000 0.000000 0.000000
vn 0.100000 0.000000 0.000000
vn 0.100000 0.000000 0.000000
vn 0.100000 0.000000 0.000000
vn 0.100000 0.000000 0.000000
vn 0.100000 0.000000 0.000000
vn 0.100000 0.000000 0.000000
vn 0.100000 0.000000 0.000000
vn 0.100000 0.000000 0.000000
vn 0.100000 0.000000 0.000000
vn 0.100000 0.000000 0.000000
vn 0.100000 0.000000 0.000000
vn 0.100000 0.000000 0.000000
vn 0.100000 0.000000 0.000000
vn 0.100000 0.000000 0.000000
vn 0.100000 0.000000 0.000000
vn 0.100000 0.000000 0.000000
vn 0.100000 0.000000 0.000000
vn 0.100000 0.000000 0.000000
vn 0.100000 0.000000 0.000000
vn 0.100000 0.000000 0.000000
vn 0.100000 0.000000 0.000000
vn 0.100000 0.000000 0.000000
vn 0.100000 0.000000 0.000000
vn 0.100000 0.000000 0.000000
vn 0.100000 0.000000 0.000000
vn 0.100000 0.000000 0.000000
vn -0.100000 0.000000 0.000000
vn -0.100000 0.000000 0.000000
vn -0.100000 0.000000 0.000000
vn -0.100000 0.000000 0.000000
vn -0.100000 0.000000 0.000000
vn -0.100000 0.000000 0.000000
vn -0.100000 0.000000 0.000000
vn -0.100000 0.000000 0.000000
vn -0.100000 0.000000 0.000000
vn -0.100000 0.000000 0.000000
vn -0.100000 0.000000 0.000000
vn -0.100000 0.000000 0.000000
vn -0.100000 0.000000 0.000000
vn -0.100000 0.000000 0.000000
vn -0.100000 0.000000 0.000000
vn -0.100000 0.000000 0.000000
vn -0.100000 0.000000 0.000000
vn -0.100000 0.000000 0.000000
vn -0.100000 0.000000 0.000000
vn -0.100000 0.000000 0.000000
vn -0.100000 0.000000 0.000000
vn -0.100000 0.000000 0.000000
vn -0.100000 0.000000 0.000000
vn -0.100000 0.000000 0.000000
vn -0.100000 0.000000 0.000000
vn -0.100000 0.000000 0.000000
vn -0.100000 0.000000 0.000000
vn -0.100000 0.000000 0.000000
vn -0.100000 0.000000 0.000000
vn -0.100000 0.000000 0.000000
vn -0.100000 0.000000 0.000000
vn -0.100000 0.000000 0.000000
vn -0.100000 0.000000 0.000000
vn -0.100000 0.000000 0.000000
vn -0.100000 0.000000 0.000000
vn -0.100000 0.000000 0.000000
vn -0.096293 -0.026977 0.000000
vn -0.096293 -0.026977 0.000000
vn -0.096293 -0.026977 0.000000
vn -0.096293 -0.026977 0.000000
vn 0.096293 -0.026977 0.000000
vn 0.096293 -0.026977 0.000000
vn 0.096293 -0.026977 0.000000
vn 0.096293 -0.026977 0.000000
vn -0.100000 0.000000 0.000000
vn -0.100000 0.000000 0.000000
vn -0.100000 0.000000 0.000000
vn -0.100000 0.000000 0.000000
vn -0.100000 0.000000 0.000000
vn -0.100000 0.000000 0.000000
vn -0.100000 0.000000 0.000000
vn -0.100000 0.000000 0.000000
vn -0.100000 0.000000 0.000000
vn -0.100000 0.000000 0.000000
vn -0.100000 0.000000 0.000000
vn -0.100000 0.000000 0.000000
vn -0.100000 0.000000 0.000000
vn -0.100000 0.000000 0.000000
vn -0.100000 0.000000 0.000000
vn -0.100000 0.000000 0.000000
vn -0.100000 0.000000 0.000000
vn -0.100000 0.000000 0.000000
vn -0.100000 0.000000 0.000000
vn -0.100000 0.000000 0.000000
vn -0.100000 0.000000 0.000000
vn -0.100000 0.000000 0.000000
vn -0.100000 0.000000 0.000000
vn -0.100000 0.000000 0.000000
vn -0.100000 0.000000 0.000000
vn -0.100000 0.000000 0.000000
vn -0.100000 0.000000 0.000000
vn -0.100000 0.000000 0.000000
vn -0.100000 0.000000 0.000000
vn -0.100000 0.000000 0.000000
vn -0.100000 0.000000 0.000000
vn -0.100000 0.000000 0.000000
vn -0.100000 0.000000 0.000000
vn -0.100000 0.000000 0.000000
vn -0.100000 0.000000 0.000000
vn -0.100000 0.000000 0.000000
vn -0.100000 0.000000 0.000000
vn -0.100000 0.000000 0.000000
vn -0.100000 0.000000 0.000000
vn -0.100000 0.000000 0.000000
vn -0.100000 0.000000 0.000000
vn -0.100000 0.000000 0.000000
vn -0.100000 0.000000 0.000000
vn -0.100000 0.000000 0.000000
vn -0.100000 0.000000 0.000000
vn -0.100000 0.000000 0.000000
vn -0.100000 0.000000 0.000000
vn -0.100000 0.000000 0.000000
vn -0.100000 0.000000 0.000000
vn -0.100000 0.000000 0.000000
vn -0.100000 0.000000 0.000000
vn -0.100000 0.000000 0.000000
vn -0.100000 0.000000 0.000000
vn -0.100000 0.000000 0.000000
vn -0.100000 0.000000 0.000000
vn -0.100000 0.000000 0.000000
vn -0.100000 0.000000 0.000000
vn -0.100000 0.000000 0.000000
vn -0.100000 0.000000 0.000000
vn -0.100000 0.000000 0.000000
vn -0.100000 0.000000 0.000000
vn -0.100000 0.000000 0.000000
vn -0.100000 0.000000 0.000000
vn -0.100000 0.000000 0.000000
vn -0.100000 0.000000 0.000000
vn -0.100000 0.000000 0.000000
vn -0.100000 0.000000 0.000000
vn -0.100000 0.000000 0.000000
vn -0.100000 0.000000 0.000000
vn 0.100000 0.000000 0.000000
vn 0.100000 0.000000 0.000000
vn 0.100000 0.000000 0.000000
vn 0.100000 0.000000 0.000000
vn 0.100000 0.000000 0.000000
vn 0.100000 0.000000 0.000000
vn 0.100000 0.000000 0.000000
vn 0.100000 0.000000 0.000000
vn 0.100000 0.000000 0.000000
vn 0.100000 0.000000 0.000000
vn 0.100000 0.000000 0.000000
vn 0.100000 0.000000 0.000000
vn 0.100000 0.000000 0.000000
vn 0.100000 0.000000 0.000000
vn 0.100000 0.000000 0.000000
vn 0.100000 0.000000 0.000000
vn 0.100000 0.000000 0.000000
vn 0.100000 0.000000 0.000000
vn 0.100000 0.000000 0.000000
vn 0.100000 0.000000 0.000000
vn 0.100000 0.000000 0.000000
vn 0.100000 0.000000 0.000000
vn 0.100000 0.000000 0.000000
vn 0.100000 0.000000 0.000000
vn 0.100000 0.000000 0.000000
vn 0.100000 0.000000 0.000000
vn 0.100000 0.000000 0.000000
vn 0.100000 0.000000 0.000000
vn 0.100000 0.000000 0.000000
vn 0.100000 0.000000 0.000000
vn 0.100000 0.000000 0.000000
vn 0.100000 0.000000 0.000000
vn 0.100000 0.000000 0.000000
vn 0.100000 0.000000 0.000000
vn 0.100000 0.000000 0.000000
vn 0.100000 0.000000 0.000000
vn 0.100000 0.000000 0.000000
vn 0.100000 0.000000 0.000000
vn 0.100000 0.000000 0.000000
vn 0.100000 0.000000 0.000000
vn 0.100000 0.000000 0.000000
vn 0.100000 0.000000 0.000000
vn 0.100000 0.000000 0.000000
vn 0.100000 0.000000 0.000000
vn 0.100000 0.000000 0.000000
vn 0.100000 0.000000 0.000000
vn 0.100000 0.000000 0.000000
vn 0.100000 0.000000 0.000000
vn 0.100000 0.000000 0.000000
vn 0.100000 0.000000 0.000000
vn 0.100000 0.000000 0.000000
vn 0.100000 0.000000 0.000000
vn 0.100000 0.000000 0.000000
vn 0.100000 0.000000 0.000000
vn 0.100000 0.000000 0.000000
vn 0.100000 0.000000 0.000000
vn 0.100000 0.000000 0.000000
vn 0.100000 0.000000 0.000000
vn 0.100000 0.000000 0.000000
vn 0.100000 0.000000 0.000000
vn 0.100000 0.000000 0.000000
vn 0.100000 0.000000 0.000000
vn 0.100000 0.000000 0.000000
vn 0.100000 0.000000 0.000000
vn 0.100000 0.000000 0.000000
vn 0.100000 0.000000 0.000000
vn 0.100000 0.000000 0.000000
vn 0.100000 0.000000 0.000000
vn 0.100000 0.000000 0.000000
vn 0.100000 0.000000 0.000000
vn 0.100000 0.000000 0.000000
vn 0.100000 0.000000 0.000000
vn 0.100000 0.000000 0.000000
vn 0.100000 0.000000 0.000000
vn 0.100000 0.000000 0.000000
vn 0.100000 0.000000 0.000000
vn 0.100000 0.000000 0.000000
vn 0.100000 0.000000 0.000000
vn 0.100000 0.000000 0.000000
vn 0.100000 0.000000 0.000000
vn 0.100000 0.000000 0.000000
vn 0.100000 0.000000 0.000000
vn 0.100000 0.000000 0.000000
vn 0.100000 0.000000 0.000000
vn 0.100000 0.000000 0.000000
vn 0.100000 0.000000 0.000000
vn 0.100000 0.000000 0.000000
vn 0.100000 0.000000 0.000000
vn 0.100000 0.000000 0.000000
vn 0.100000 0.000000 0.000000
vn 0.100000 0.000000 0.000000
vn 0.100000 0.000000 0.000000
vn 0.100000 0.000000 0.000000
vn 0.100000 0.000000 0.000000
vn 0.100000 0.000000 0.000000
vn 0.100000 0.000000 0.000000
vn 0.100000 0.000000 0.000000
vn 0.100000 0.000000 0.000000
vn 0.100000 0.000000 0.000000
vn 0.100000 0.000000 0.000000
vn 0.100000 0.000000 0.000000
vn 0.100000 0.000000 0.000000
vn 0.100000 0.000000 0.000000
vn 0.100000 0.000000 0.000000
vn 0.100000 0.000000 0.000000
vn 0.100000 0.000000 0.000000
vn 0.100000 0.000000 0.000000
vn 0.100000 0.000000 0.000000
vn 0.100000 0.000000 0.000000
vn 0.000000 0.100000 0.000000
vn 0.000000 0.100000 0.000000
vn 0.000000 0.100000 0.000000
vn 0.000000 0.100000 0.000000
vn 0.000000 0.100000 0.000000
vn 0.000000 0.100000 0.000000
vn 0.000000 0.100000 0.000000
vn 0.000000 0.100000 0.000000
vn 0.000000 0.100000 0.000000
vn 0.000000 0.100000 0.000000
vn 0.000000 0.100000 0.000000
vn 0.000000 0.100000 0.000000
vn 0.000000 0.100000 0.000000
vn 0.000000 0.100000 0.000000
vn 0.000000 0.100000 0.000000
vn 0.000000 0.100000 0.000000
vn 0.000000 0.100000 0.000000
vn 0.000000 0.100000 0.000000
vn 0.000000 0.100000 0.000000
vn 0.000000 0.098481 -0.017365
vn 0.000000 0.098481 -0.017365
vn 0.000000 0.100000 -0.000000
vn 0.000000 0.100000 -0.000000
vn -0.000000 0.098481 0.017365
vn -0.000000 0.098481 0.017365
vn -0.000000 0.093969 0.034202
vn -0.000000 0.093969 0.034202
vn -0.000000 0.086603 0.050000
vn -0.000000 0.086603 0.050000
vn -0.000000 0.076604 0.064279
vn -0.000000 0.076604 0.064279
vn -0.000000 0.064279 0.076604
vn -0.000000 0.064279 0.076604
vn -0.000000 0.050000 0.086603
vn -0.000000 0.050000 0.086603
vn -0.000000 0.034202 0.093969
vn -0.000000 0.034202 0.093969
vn -0.000000 0.017365 0.098481
vn -0.000000 0.017365 0.098481
vn -0.000000 -0.000000 0.100000
vn -0.000000 -0.000000 0.100000
vn -0.000000 -0.017365 0.098481
vn -0.000000 -0.017365 0.098481
vn -0.000000 -0.034202 0.093969
vn -0.000000 -0.034202 0.093969
vn -0.000000 -0.050000 0.086603
vn -0.000000 -0.050000 0.086603
vn -0.000000 -0.064279 0.076604
vn -0.000000 -0.064279 0.076604
vn -0.000000 -0.076604 0.064279
vn -0.000000 -0.076604 0.064279
vn -0.000000 -0.086603 0.050000
vn -0.000000 -0.086603 0.050000
vn -0.000000 -0.093969 0.034202
vn -0.000000 -0.093969 0.034202
vn -0.000000 -0.098481 0.017365
vn -0.000000 -0.098481 0.017365
vn 0.000000 -0.100000 -0.000000
vn -0.000000 -0.100000 0.000000
vn 0.000000 -0.098481 -0.017365
vn 0.000000 -0.098481 -0.017365
vn 0.000000 -0.093969 -0.034202
vn 0.000000 -0.093969 -0.034202
vn 0.000000 -0.086603 -0.050000
vn 0.000000 -0.086603 -0.050000
vn 0.000000 -0.076604 -0.064279
vn 0.000000 -0.076604 -0.064279
vn 0.000000 -0.064279 -0.076604
vn 0.000000 -0.064279 -0.076604
vn 0.000000 -0.050000 -0.086603
vn 0.000000 -0.050000 -0.086603
vn 0.000000 -0.034202 -0.093969
vn 0.000000 -0.034202 -0.093969
vn 0.000000 -0.017365 -0.098481
vn 0.000000 -0.017365 -0.098481
vn 0.000000 -0.000000 -0.100000
vn 0.000000 -0.000000 -0.100000
vn 0.000000 0.017365 -0.098481
vn 0.000000 0.017365 -0.098481
vn 0.000000 0.034202 -0.093969
vn 0.000000 0.034202 -0.093969
vn 0.000000 0.050000 -0.086603
vn 0.000000 0.050000 -0.086603
vn 0.000000 0.064279 -0.076604
vn 0.000000 0.064279 -0.076604
vn 0.000000 0.076604 -0.064279
vn 0.000000 0.076604 -0.064279
vn 0.000000 0.086603 -0.050000
vn 0.000000 0.086603 -0.050000
vn 0.000000 0.093969 -0.034202
vn 0.000000 0.093969 -0.034202
vn -0.000000 0.098481 0.017365
vn -0.000000 0.100000 0.000000
vn 0.000000 0.098481 -0.017365
vn 0.000000 0.093969 -0.034202
vn 0.000000 0.086603 -0.050000
vn 0.000000 0.076604 -0.064279
vn 0.000000 0.064279 -0.076604
vn 0.000000 0.050000 -0.086603
vn 0.000000 0.034202 -0.093969
vn 0.000000 0.017365 -0.098481
vn 0.000000 -0.000000 -0.100000
vn 0.000000 -0.017365 -0.098481
vn 0.000000 -0.034202 -0.093969
vn 0.000000 -0.050000 -0.086603
vn 0.000000 -0.064279 -0.076604
vn 0.000000 -0.076604 -0.064279
vn 0.000000 -0.086603 -0.050000
vn 0.000000 -0.093969 -0.034202
vn 0.000000 -0.098481 -0.017365
vn -0.000000 -0.100000 0.000000
vn -0.000000 -0.098481 0.017365
vn -0.000000 -0.093969 0.034202
vn -0.000000 -0.086603 0.050000
vn -0.000000 -0.076604 0.064279
vn -0.000000 -0.064279 0.076604
vn -0.000000 -0.050000 0.086603
vn -0.000000 -0.034202 0.093969
vn -0.000000 -0.017365 0.098481
vn -0.000000 -0.000000 0.100000
vn -0.000000 0.017365 0.098481
vn -0.000000 0.034202 0.093969
vn -0.000000 0.050000 0.086603
vn -0.000000 0.064279 0.076604
vn -0.000000 0.076604 0.064279
vn -0.000000 0.086603 0.050000
vn -0.000000 0.093969 0.034202
vn -0.070711 0.000000 -0.070711
vn -0.070711 0.000000 -0.070711
vn -0.070711 0.000000 -0.070711
vn -0.070711 0.000000 -0.070711
vn -0.070711 0.000000 -0.070711
vn -0.070711 0.000000 -0.070711
vn -0.070711 0.000000 -0.070711
vn -0.070711 0.000000 -0.070711
vn -0.070711 0.000000 -0.070711
vn -0.070711 0.000000 -0.070711
vn -0.000000 0.000000 -0.100000
vn -0.000000 0.000000 -0.100000
vn -0.000000 0.000000 -0.100000
vn -0.000000 0.000000 -0.100000
vn -0.000000 0.000000 -0.100000
vn -0.000000 0.000000 -0.100000
vn 0.000000 -0.100000 0.000000
vn 0.000000 -0.100000 0.000000
vn 0.000000 -0.100000 0.000000
vn 0.000000 -0.100000 0.000000
vn 0.000000 -0.100000 0.000000
vn 0.000000 -0.100000 0.000000
vn 0.000000 -0.100000 0.000000
vn 0.000000 -0.100000 0.000000
vn 0.000000 -0.100000 0.000000
vn 0.000000 -0.100000 0.000000
vn 0.000000 -0.100000 0.000000
vn 0.000000 -0.100000 0.000000
vn 0.000000 -0.100000 0.000000
vn 0.000000 -0.100000 0.000000
vn 0.000000 -0.100000 0.000000
vn 0.000000 -0.100000 0.000000
vn 0.000000 0.098481 -0.017365
vn 0.000000 0.098481 -0.017365
vn 0.000000 0.100000 -0.000000
vn 0.000000 0.100000 -0.000000
vn -0.000000 0.098481 0.017365
vn -0.000000 0.098481 0.017365
vn -0.000000 0.093969 0.034202
vn -0.000000 0.093969 0.034202
vn -0.000000 0.086603 0.050000
vn -0.000000 0.086603 0.050000
vn -0.000000 0.076604 0.064279
vn -0.000000 0.076604 0.064279
vn -0.000000 0.064279 0.076604
vn -0.000000 0.064279 0.076604
vn -0.000000 0.050000 0.086603
vn -0.000000 0.050000 0.086603
vn -0.000000 0.034202 0.093969
vn -0.000000 0.034202 0.093969
vn -0.000000 0.017365 0.098481
vn -0.000000 0.017365 0.098481
vn -0.000000 -0.000000 0.100000
vn -0.000000 -0.000000 0.100000
vn -0.000000 -0.017365 0.098481
vn -0.000000 -0.017365 0.098481
vn -0.000000 -0.034202 0.093969
vn -0.000000 -0.034202 0.093969
vn -0.000000 -0.050000 0.086603
vn -0.000000 -0.050000 0.086603
vn -0.000000 -0.064279 0.076604
vn -0.000000 -0.064279 0.076604
vn -0.000000 -0.076604 0.064279
vn -0.000000 -0.076604 0.064279
vn -0.000000 -0.086603 0.050000
vn -0.000000 -0.086603 0.050000
vn -0.000000 -0.093969 0.034202
vn -0.000000 -0.093969 0.034202
vn -0.000000 -0.098481 0.017365
vn -0.000000 -0.098481 0.017365
vn -0.000000 -0.100000 0.000000
vn -0.000000 -0.100000 0.000000
vn 0.000000 -0.098481 -0.017365
vn 0.000000 -0.098481 -0.017365
vn 0.000000 -0.093969 -0.034202
vn 0.000000 -0.093969 -0.034202
vn 0.000000 -0.086603 -0.050000
vn 0.000000 -0.086603 -0.050000
vn 0.000000 -0.076604 -0.064279
vn 0.000000 -0.076604 -0.064279
vn 0.000000 -0.064279 -0.076604
vn 0.000000 -0.064279 -0.076604
vn 0.000000 -0.050000 -0.086603
vn 0.000000 -0.050000 -0.086603
vn 0.000000 -0.034202 -0.093969
vn 0.000000 -0.034202 -0.093969
vn 0.000000 -0.017365 -0.098481
vn 0.000000 -0.017365 -0.098481
vn 0.000000 -0.000000 -0.100000
vn 0.000000 -0.000000 -0.100000
vn 0.000000 0.017365 -0.098481
vn 0.000000 0.017365 -0.098481
vn 0.000000 0.034202 -0.093969
vn 0.000000 0.034202 -0.093969
vn 0.000000 0.050000 -0.086603
vn 0.000000 0.050000 -0.086603
vn 0.000000 0.064279 -0.076604
vn 0.000000 0.064279 -0.076604
vn 0.000000 0.076604 -0.064279
vn 0.000000 0.076604 -0.064279
vn 0.000000 0.086603 -0.050000
vn 0.000000 0.086603 -0.050000
vn 0.000000 0.093969 -0.034202
vn 0.000000 0.093969 -0.034202
vn 0.000000 0.017365 -0.098481
vn 0.000000 0.017365 -0.098481
vn 0.000000 -0.000000 -0.100000
vn 0.000000 -0.000000 -0.100000
vn 0.000000 -0.017365 -0.098481
vn 0.000000 -0.017365 -0.098481
vn 0.000000 -0.034202 -0.093969
vn 0.000000 -0.034202 -0.093969
vn 0.000000 -0.050000 -0.086603
vn 0.000000 -0.050000 -0.086603
vn 0.000000 -0.064279 -0.076604
vn 0.000000 -0.064279 -0.076604
vn 0.000000 -0.076604 -0.064279
vn 0.000000 -0.076604 -0.064279
vn 0.000000 -0.086603 -0.050000
vn 0.000000 -0.086603 -0.050000
vn 0.000000 -0.093969 -0.034202
vn 0.000000 -0.093969 -0.034202
vn 0.000000 -0.098481 -0.017365
vn 0.000000 -0.098481 -0.017365
vn -0.000000 -0.100000 0.000000
vn -0.000000 -0.100000 0.000000
vn -0.000000 -0.098481 0.017365
vn -0.000000 -0.098481 0.017365
vn -0.000000 -0.093969 0.034202
vn -0.000000 -0.093969 0.034202
vn -0.000000 -0.086603 0.050000
vn -0.000000 -0.086603 0.050000
vn -0.000000 -0.076604 0.064279
vn -0.000000 -0.076604 0.064279
vn -0.000000 -0.064279 0.076604
vn -0.000000 -0.064279 0.076604
vn -0.000000 -0.050000 0.086603
vn -0.000000 -0.050000 0.086603
vn -0.000000 -0.034202 0.093969
vn -0.000000 -0.034202 0.093969
vn -0.000000 -0.017365 0.098481
vn -0.000000 -0.017365 0.098481
vn -0.000000 -0.000000 0.100000
vn -0.000000 -0.000000 0.100000
vn -0.000000 0.017365 0.098481
vn -0.000000 0.017365 0.098481
vn -0.000000 0.034202 0.093969
vn -0.000000 0.034202 0.093969
vn -0.000000 0.050000 0.086603
vn -0.000000 0.050000 0.086603
vn -0.000000 0.064279 0.076604
vn -0.000000 0.064279 0.076604
vn -0.000000 0.076604 0.064279
vn -0.000000 0.076604 0.064279
vn -0.000000 0.086603 0.050000
vn -0.000000 0.086603 0.050000
vn -0.000000 0.093969 0.034202
vn -0.000000 0.093969 0.034202
vn -0.000000 0.098481 0.017365
vn -0.000000 0.098481 0.017365
vn -0.000000 0.100000 0.000000
vn -0.000000 0.100000 0.000000
vn 0.000000 0.098481 -0.017365
vn 0.000000 0.098481 -0.017365
vn 0.000000 0.093969 -0.034202
vn 0.000000 0.093969 -0.034202
vn 0.000000 0.086603 -0.050000
vn 0.000000 0.086603 -0.050000
vn 0.000000 0.076604 -0.064279
vn 0.000000 0.076604 -0.064279
vn 0.000000 0.064279 -0.076604
vn 0.000000 0.064279 -0.076604
vn 0.000000 0.050000 -0.086603
vn 0.000000 0.050000 -0.086603
vn 0.000000 0.034202 -0.093969
vn 0.000000 0.034202 -0.093969
vn -0.000000 0.100000 0.000000
vn -0.000000 0.098481 0.017365
vn -0.000000 0.093969 0.034202
vn -0.000000 0.086603 0.050000
vn -0.000000 0.076604 0.064279
vn -0.000000 0.064279 0.076604
vn -0.000000 0.050000 0.086603
vn -0.000000 0.034202 0.093969
vn -0.000000 0.017365 0.098481
vn -0.000000 -0.000000 0.100000
vn -0.000000 -0.017365 0.098481
vn -0.000000 -0.034202 0.093969
vn -0.000000 -0.050000 0.086603
vn -0.000000 -0.064279 0.076604
vn -0.000000 -0.076604 0.064279
vn -0.000000 -0.086603 0.050000
vn -0.000000 -0.093969 0.034202
vn -0.000000 -0.098481 0.017365
vn -0.000000 -0.100000 0.000000
vn 0.000000 -0.098481 -0.017365
vn 0.000000 -0.093969 -0.034202
vn 0.000000 -0.086603 -0.050000
vn 0.000000 -0.076604 -0.064279
vn 0.000000 -0.064279 -0.076604
vn 0.000000 -0.050000 -0.086603
vn 0.000000 -0.034202 -0.093969
vn 0.000000 -0.017365 -0.098481
vn 0.000000 -0.000000 -0.100000
vn 0.000000 0.017365 -0.098481
vn 0.000000 0.034202 -0.093969
vn 0.000000 0.050000 -0.086603
vn 0.000000 0.064279 -0.076604
vn 0.000000 0.076604 -0.064279
vn 0.000000 0.086603 -0.050000
vn 0.000000 0.093969 -0.034202
vn 0.000000 0.098481 -0.017365
vn -0.000000 0.100000 0.000000
vn -0.000000 0.098481 0.017365
vn -0.000000 0.093969 0.034202
vn -0.000000 0.086603 0.050000
vn -0.000000 0.076604 0.064279
vn -0.000000 0.064279 0.076604
vn -0.000000 0.050000 0.086603
vn -0.000000 0.034202 0.093969
vn -0.000000 0.017365 0.098481
vn -0.000000 -0.000000 0.100000
vn -0.000000 -0.017365 0.098481
vn -0.000000 -0.034202 0.093969
vn -0.000000 -0.050000 0.086603
vn -0.000000 -0.064279 0.076604
vn -0.000000 -0.076604 0.064279
vn -0.000000 -0.086603 0.050000
vn -0.000000 -0.093969 0.034202
vn -0.000000 -0.098481 0.017365
vn -0.000000 -0.100000 0.000000
vn 0.000000 -0.098481 -0.017365
vn 0.000000 -0.093969 -0.034202
vn 0.000000 -0.086603 -0.050000
vn 0.000000 -0.076604 -0.064279
vn 0.000000 -0.064279 -0.076604
vn 0.000000 -0.050000 -0.086603
vn 0.000000 -0.034202 -0.093969
vn 0.000000 -0.017365 -0.098481
vn 0.000000 -0.000000 -0.100000
vn 0.000000 0.017365 -0.098481
vn 0.000000 0.034202 -0.093969
vn 0.000000 0.050000 -0.086603
vn 0.000000 0.064279 -0.076604
vn 0.000000 0.076604 -0.064279
vn 0.000000 0.086603 -0.050000
vn 0.000000 0.093969 -0.034202
vn 0.000000 0.098481 -0.017365
vn -0.000000 0.098481 0.017365
vn -0.000000 0.098481 0.017365
vn -0.000000 0.100000 0.000000
vn -0.000000 0.100000 0.000000
vn 0.000000 0.098481 -0.017365
vn 0.000000 0.098481 -0.017365
vn 0.000000 0.093969 -0.034202
vn 0.000000 0.093969 -0.034202
vn 0.000000 0.086603 -0.050000
vn 0.000000 0.086603 -0.050000
vn 0.000000 0.076604 -0.064279
vn 0.000000 0.076604 -0.064279
vn 0.000000 0.064279 -0.076604
vn 0.000000 0.064279 -0.076604
vn 0.000000 0.050000 -0.086603
vn 0.000000 0.050000 -0.086603
vn 0.000000 0.034202 -0.093969
vn 0.000000 0.034202 -0.093969
vn 0.000000 0.017365 -0.098481
vn 0.000000 0.017365 -0.098481
vn 0.000000 -0.000000 -0.100000
vn 0.000000 -0.000000 -0.100000
vn 0.000000 -0.017365 -0.098481
vn 0.000000 -0.017365 -0.098481
vn 0.000000 -0.034202 -0.093969
vn 0.000000 -0.034202 -0.093969
vn 0.000000 -0.050000 -0.086603
vn 0.000000 -0.050000 -0.086603
vn 0.000000 -0.064279 -0.076604
vn 0.000000 -0.064279 -0.076604
vn 0.000000 -0.076604 -0.064279
vn 0.000000 -0.076604 -0.064279
vn 0.000000 -0.086603 -0.050000
vn 0.000000 -0.086603 -0.050000
vn 0.000000 -0.093969 -0.034202
vn 0.000000 -0.093969 -0.034202
vn 0.000000 -0.098481 -0.017365
vn 0.000000 -0.098481 -0.017365
vn 0.000000 -0.100000 -0.000000
vn -0.000000 -0.100000 0.000000
vn -0.000000 -0.098481 0.017365
vn -0.000000 -0.098481 0.017365
vn -0.000000 -0.093969 0.034202
vn -0.000000 -0.093969 0.034202
vn -0.000000 -0.086603 0.050000
vn -0.000000 -0.086603 0.050000
vn -0.000000 -0.076604 0.064279
vn -0.000000 -0.076604 0.064279
vn -0.000000 -0.064279 0.076604
vn -0.000000 -0.064279 0.076604
vn -0.000000 -0.050000 0.086603
vn -0.000000 -0.050000 0.086603
vn -0.000000 -0.034202 0.093969
vn -0.000000 -0.034202 0.093969
vn -0.000000 -0.017365 0.098481
vn -0.000000 -0.017365 0.098481
vn -0.000000 -0.000000 0.100000
vn -0.000000 -0.000000 0.100000
vn -0.000000 0.017365 0.098481
vn -0.000000 0.017365 0.098481
vn -0.000000 0.034202 0.093969
vn -0.000000 0.034202 0.093969
vn -0.000000 0.050000 0.086603
vn -0.000000 0.050000 0.086603
vn -0.000000 0.064279 0.076604
vn -0.000000 0.064279 0.076604
vn -0.000000 0.076604 0.064279
vn -0.000000 0.076604 0.064279
vn -0.000000 0.086603 0.050000
vn -0.000000 0.086603 0.050000
vn -0.000000 0.093969 0.034202
vn -0.000000 0.093969 0.034202
vn 0.000000 -0.017365 -0.098481
vn 0.000000 -0.017365 -0.098481
vn 0.000000 -0.000000 -0.100000
vn 0.000000 -0.000000 -0.100000
vn 0.000000 0.017365 -0.098481
vn 0.000000 0.017365 -0.098481
vn 0.000000 0.034202 -0.093969
vn 0.000000 0.034202 -0.093969
vn 0.000000 0.050000 -0.086603
vn 0.000000 0.050000 -0.086603
vn 0.000000 0.064279 -0.076604
vn 0.000000 0.064279 -0.076604
vn 0.000000 0.076604 -0.064279
vn 0.000000 0.076604 -0.064279
vn 0.000000 0.086603 -0.050000
vn 0.000000 0.086603 -0.050000
vn 0.000000 0.093969 -0.034202
vn 0.000000 0.093969 -0.034202
vn 0.000000 0.098481 -0.017365
vn 0.000000 0.098481 -0.017365
vn 0.000000 0.100000 -0.000000
vn 0.000000 0.100000 -0.000000
vn -0.000000 0.098481 0.017365
vn -0.000000 0.098481 0.017365
vn -0.000000 0.093969 0.034202
vn -0.000000 0.093969 0.034202
vn -0.000000 0.086603 0.050000
vn -0.000000 0.086603 0.050000
vn -0.000000 0.076604 0.064279
vn -0.000000 0.076604 0.064279
vn -0.000000 0.064279 0.076604
vn -0.000000 0.064279 0.076604
vn -0.000000 0.050000 0.086603
vn -0.000000 0.050000 0.086603
vn -0.000000 0.034202 0.093969
vn -0.000000 0.034202 0.093969
vn -0.000000 0.017365 0.098481
vn -0.000000 0.017365 0.098481
vn -0.000000 -0.000000 0.100000
vn -0.000000 -0.000000 0.100000
vn -0.000000 -0.017365 0.098481
vn -0.000000 -0.017365 0.098481
vn -0.000000 -0.034202 0.093969
vn -0.000000 -0.034202 0.093969
vn -0.000000 -0.050000 0.086603
vn -0.000000 -0.050000 0.086603
vn -0.000000 -0.064279 0.076604
vn -0.000000 -0.064279 0.076604
vn -0.000000 -0.076604 0.064279
vn -0.000000 -0.076604 0.064279
vn -0.000000 -0.086603 0.050000
vn -0.000000 -0.086603 0.050000
vn -0.000000 -0.093969 0.034202
vn -0.000000 -0.093969 0.034202
vn -0.000000 -0.098481 0.017365
vn -0.000000 -0.098481 0.017365
vn -0.000000 -0.100000 0.000000
vn -0.000000 -0.100000 0.000000
vn 0.000000 -0.098481 -0.017365
vn 0.000000 -0.098481 -0.017365
vn 0.000000 -0.093969 -0.034202
vn 0.000000 -0.093969 -0.034202
vn 0.000000 -0.086603 -0.050000
vn 0.000000 -0.086603 -0.050000
vn 0.000000 -0.076604 -0.064279
vn 0.000000 -0.076604 -0.064279
vn 0.000000 -0.064279 -0.076604
vn 0.000000 -0.064279 -0.076604
vn 0.000000 -0.050000 -0.086603
vn 0.000000 -0.050000 -0.086603
vn 0.000000 -0.034202 -0.093969
vn 0.000000 -0.034202 -0.093969
vn 0.000000 0.100000 -0.000000
vn 0.000000 0.098481 -0.017365
vn 0.000000 0.093969 -0.034202
vn 0.000000 0.086603 -0.050000
vn 0.000000 0.076604 -0.064279
vn 0.000000 0.064279 -0.076604
vn 0.000000 0.050000 -0.086603
vn 0.000000 0.034202 -0.093969
vn 0.000000 0.017365 -0.098481
vn 0.000000 -0.000000 -0.100000
vn 0.000000 -0.017365 -0.098481
vn 0.000000 -0.034202 -0.093969
vn 0.000000 -0.050000 -0.086603
vn 0.000000 -0.064279 -0.076604
vn 0.000000 -0.076604 -0.064279
vn 0.000000 -0.086603 -0.050000
vn 0.000000 -0.093969 -0.034202
vn 0.000000 -0.098481 -0.017365
vn -0.000000 -0.100000 0.000000
vn -0.000000 -0.098481 0.017365
vn -0.000000 -0.093969 0.034202
vn -0.000000 -0.086603 0.050000
vn -0.000000 -0.076604 0.064279
vn -0.000000 -0.064279 0.076604
vn -0.000000 -0.050000 0.086603
vn -0.000000 -0.034202 0.093969
vn -0.000000 -0.017365 0.098481
vn -0.000000 -0.000000 0.100000
vn -0.000000 0.017365 0.098481
vn -0.000000 0.034202 0.093969
vn -0.000000 0.050000 0.086603
vn -0.000000 0.064279 0.076604
vn -0.000000 0.076604 0.064279
vn -0.000000 0.086603 0.050000
vn -0.000000 0.093969 0.034202
vn -0.000000 0.098481 0.017365
vn 0.000000 0.100000 -0.000000
vn 0.000000 0.098481 -0.017365
vn 0.000000 0.093969 -0.034202
vn 0.000000 0.086603 -0.050000
vn 0.000000 0.076604 -0.064279
vn 0.000000 0.064279 -0.076604
vn 0.000000 0.050000 -0.086603
vn 0.000000 0.034202 -0.093969
vn 0.000000 0.017365 -0.098481
vn 0.000000 -0.000000 -0.100000
vn 0.000000 -0.017365 -0.098481
vn 0.000000 -0.034202 -0.093969
vn 0.000000 -0.050000 -0.086603
vn 0.000000 -0.064279 -0.076604
vn 0.000000 -0.076604 -0.064279
vn 0.000000 -0.086603 -0.050000
vn 0.000000 -0.093969 -0.034202
vn 0.000000 -0.098481 -0.017365
vn -0.000000 -0.100000 0.000000
vn -0.000000 -0.098481 0.017365
vn -0.000000 -0.093969 0.034202
vn -0.000000 -0.086603 0.050000
vn -0.000000 -0.076604 0.064279
vn -0.000000 -0.064279 0.076604
vn -0.000000 -0.050000 0.086603
vn -0.000000 -0.034202 0.093969
vn -0.000000 -0.017365 0.098481
vn -0.000000 -0.000000 0.100000
vn -0.000000 0.017365 0.098481
vn -0.000000 0.034202 0.093969
vn -0.000000 0.050000 0.086603
vn -0.000000 0.064279 0.076604
vn -0.000000 0.076604 0.064279
vn -0.000000 0.086603 0.050000
vn -0.000000 0.093969 0.034202
vn -0.000000 0.098481 0.017365
vn -0.100000 0.000000 0.000000
vn -0.100000 0.000000 0.000000
vn -0.100000 0.000000 0.000000
vn -0.100000 0.000000 0.000000
vn -0.100000 0.000000 0.000000
vn -0.100000 0.000000 0.000000
vn -0.100000 0.000000 0.000000
vn -0.100000 0.000000 0.000000
vn -0.100000 0.000000 0.000000
vn -0.100000 0.000000 0.000000
vn -0.100000 0.000000 0.000000
vn -0.100000 0.000000 0.000000
vn -0.100000 0.000000 0.000000
vn -0.100000 0.000000 0.000000
vn -0.100000 0.000000 0.000000
vn -0.100000 0.000000 0.000000
vn -0.100000 0.000000 0.000000
vn -0.100000 0.000000 0.000000
vn -0.100000 0.000000 0.000000
vn -0.100000 0.000000 0.000000
vn -0.100000 0.000000 0.000000
vn -0.100000 0.000000 0.000000
vn -0.100000 0.000000 0.000000
vn -0.100000 0.000000 0.000000
vn -0.100000 0.000000 0.000000
vn -0.100000 0.000000 0.000000
vn -0.100000 0.000000 0.000000
vn -0.100000 0.000000 0.000000
vn -0.100000 0.000000 0.000000
vn -0.100000 0.000000 0.000000
vn -0.100000 0.000000 0.000000
vn -0.100000 0.000000 0.000000
vn -0.100000 0.000000 0.000000
vn -0.100000 0.000000 0.000000
vn -0.100000 0.000000 0.000000
vn -0.100000 0.000000 0.000000
vn -0.100000 0.000000 0.000000
vn -0.100000 0.000000 0.000000
vn -0.100000 0.000000 0.000000
vn -0.100000 0.000000 0.000000
vn 0.070711 0.000000 -0.070711
vn 0.070711 0.000000 -0.070711
vn 0.070711 0.000000 -0.070711
vn 0.070711 0.000000 -0.070711
vn 0.100000 0.000000 0.000000
vn 0.100000 0.000000 0.000000
vn 0.100000 0.000000 0.000000
vn 0.100000 0.000000 0.000000
vn 0.100000 0.000000 0.000000
vn 0.100000 0.000000 0.000000
vn 0.100000 0.000000 0.000000
vn 0.100000 0.000000 0.000000
vn 0.100000 0.000000 0.000000
vn 0.100000 0.000000 0.000000
vn 0.100000 0.000000 0.000000
vn 0.100000 0.000000 0.000000
vn 0.100000 0.000000 0.000000
vn 0.100000 0.000000 0.000000
vn 0.100000 0.000000 0.000000
vn 0.100000 0.000000 0.000000
vn 0.100000 0.000000 0.000000
vn 0.100000 0.000000 0.000000
vn 0.100000 0.000000 0.000000
vn 0.100000 0.000000 0.000000
vn 0.100000 0.000000 0.000000
vn 0.100000 0.000000 0.000000
vn 0.100000 0.000000 0.000000
vn 0.100000 0.000000 0.000000
vn 0.100000 0.000000 0.000000
vn 0.100000 0.000000 0.000000
vn 0.100000 0.000000 0.000000
vn 0.100000 0.000000 0.000000
vn 0.100000 0.000000 0.000000
vn 0.100000 0.000000 0.000000
vn 0.100000 0.000000 0.000000
vn 0.100000 0.000000 0.000000
vn 0.100000 0.000000 0.000000
vn 0.100000 0.000000 0.000000
vn 0.100000 0.000000 0.000000
vn 0.100000 0.000000 0.000000
vn 0.100000 0.000000 0.000000
vn 0.100000 0.000000 0.000000
vn 0.100000 0.000000 0.000000
vn 0.100000 0.000000 0.000000
vn -0.100000 0.000000 0.000000
vn -0.100000 0.000000 0.000000
vn -0.100000 0.000000 0.000000
vn -0.100000 0.000000 0.000000
vn -0.100000 0.000000 0.000000
vn -0.100000 0.000000 0.000000
vn -0.100000 0.000000 0.000000
vn -0.100000 0.000000 0.000000
vn -0.100000 0.000000 0.000000
vn -0.100000 0.000000 0.000000
vn -0.100000 0.000000 0.000000
vn -0.100000 0.000000 0.000000
vn -0.100000 0.000000 0.000000
vn -0.100000 0.000000 0.000000
vn -0.100000 0.000000 0.000000
vn -0.100000 0.000000 0.000000
vn -0.100000 0.000000 0.000000
vn -0.100000 0.000000 0.000000
vn -0.100000 0.000000 0.000000
vn -0.100000 0.000000 0.000000
vn -0.100000 0.000000 0.000000
vn -0.100000 0.000000 0.000000
vn -0.100000 0.000000 0.000000
vn -0.100000 0.000000 0.000000
vn -0.100000 0.000000 0.000000
vn -0.100000 0.000000 0.000000
vn -0.100000 0.000000 0.000000
vn -0.100000 0.000000 0.000000
vn -0.100000 0.000000 0.000000
vn -0.100000 0.000000 0.000000
vn -0.100000 0.000000 0.000000
vn -0.100000 0.000000 0.000000
vn -0.100000 0.000000 0.000000
vn -0.100000 0.000000 0.000000
vn -0.100000 0.000000 0.000000
vn -0.100000 0.000000 0.000000
vn -0.100000 0.000000 0.000000
vn -0.100000 0.000000 0.000000
vn -0.100000 0.000000 0.000000
vn -0.100000 0.000000 0.000000
vn -0.000000 0.000000 -0.100000
vn -0.000000 0.000000 -0.100000
vn -0.000000 0.000000 -0.100000
vn -0.000000 0.000000 -0.100000
vn -0.000000 0.000000 -0.100000
vn -0.000000 0.000000 -0.100000
vn -0.000000 0.000000 -0.100000
vn -0.000000 0.000000 -0.100000
vn -0.000000 0.000000 -0.100000
vn -0.000000 0.000000 -0.100000
vn -0.000000 0.000000 -0.100000
vn -0.000000 0.000000 -0.100000
vn -0.000000 0.000000 -0.100000
vn -0.000000 0.000000 -0.100000
vn -0.000000 0.000000 -0.100000
vn -0.000000 0.000000 -0.100000
vn -0.000000 0.000000 -0.100000
vn -0.000000 0.000000 -0.100000
vn -0.000000 0.000000 -0.100000
vn -0.000000 0.000000 -0.100000
vn -0.000000 0.000000 -0.100000
vn -0.000000 0.000000 -0.100000
vn -0.000000 0.000000 -0.100000
vn -0.000000 0.000000 -0.100000
vn -0.000000 0.000000 -0.100000
vn -0.000000 0.000000 -0.100000
vn -0.000000 0.000000 -0.100000
vn -0.070711 -0.070711 -0.000000
vn -0.070711 -0.070711 -0.000000
vn -0.070711 -0.070711 -0.000000
vn -0.070711 -0.070711 -0.000000
vn -0.100000 0.000000 -0.000000
vn -0.100000 0.000000 -0.000000
vn -0.100000 0.000000 -0.000000
vn -0.100000 0.000000 -0.000000
vn -0.100000 0.000000 -0.000000
vn -0.100000 0.000000 -0.000000
vn -0.100000 0.000000 -0.000000
vn -0.100000 0.000000 -0.000000
vn -0.100000 0.000000 -0.000000
vn -0.100000 0.000000 -0.000000
vn -0.100000 0.000000 -0.000000
vn 0.000000 0.000000 0.100000
vn 0.000000 0.000000 0.100000
vn 0.000000 0.000000 0.100000
vn 0.000000 0.000000 0.100000
vn 0.000000 0.000000 0.100000
vn 0.000000 0.000000 0.100000
vn 0.000000 0.000000 0.100000
vn 0.000000 0.000000 0.100000
vn 0.000000 0.000000 0.100000
vn 0.000000 0.000000 0.100000
vn 0.000000 0.000000 0.100000
vn 0.000000 0.000000 0.100000
vn 0.000000 0.000000 0.100000
vn 0.000000 0.000000 0.100000
vn 0.000000 0.000000 0.100000
vn 0.000000 0.000000 0.100000
vn 0.000000 0.000000 0.100000
vn 0.000000 0.000000 0.100000
vn 0.000000 0.000000 0.100000
vn 0.000000 0.000000 0.100000
vn 0.000000 0.000000 0.100000
vn 0.000000 0.000000 0.100000
vn 0.000000 0.000000 0.100000
vn 0.000000 0.000000 0.100000
vn 0.000000 0.000000 0.100000
vn 0.000000 0.000000 0.100000
vn 0.000000 0.000000 0.100000
vn 0.000000 0.000000 0.100000
vn 0.000000 0.000000 0.100000
vn 0.000000 0.000000 0.100000
vn 0.000000 0.000000 0.100000
vn 0.000000 0.000000 0.100000
vn 0.000000 0.000000 0.100000
vn 0.000000 0.000000 0.100000
vn 0.000000 0.000000 0.100000
vn 0.000000 0.000000 0.100000
vn 0.000000 0.000000 0.100000
vn 0.000000 0.000000 0.100000
vn 0.000000 0.000000 0.100000
vn 0.000000 0.000000 0.100000
vn 0.000000 0.000000 0.100000
vn 0.000000 0.000000 0.100000
vn 0.000000 0.000000 0.100000
vn 0.000000 0.000000 0.100000
vn 0.000000 0.000000 0.100000
vn 0.000000 0.000000 0.100000
vn 0.000000 0.000000 0.100000
vn 0.000000 0.000000 0.100000
vn 0.000000 0.000000 0.100000
vn 0.000000 0.000000 0.100000
vn 0.000000 0.000000 0.100000
vn 0.000000 0.000000 0.100000
vn 0.000000 0.000000 0.100000
vn 0.000000 0.000000 0.100000
vn 0.000000 0.000000 0.100000
vn 0.000000 0.000000 0.100000
vn 0.000000 0.000000 0.100000
vn 0.000000 0.000000 0.100000
vn 0.070711 -0.070711 0.000000
vn 0.070711 -0.070711 0.000000
vn 0.070711 -0.070711 0.000000
vn 0.070711 -0.070711 0.000000
vn 0.100000 0.000000 0.000000
vn 0.100000 0.000000 0.000000
vn 0.100000 0.000000 0.000000
vn 0.100000 0.000000 0.000000
vn 0.100000 0.000000 0.000000
vn 0.100000 0.000000 0.000000
vn 0.100000 0.000000 0.000000
vn 0.100000 0.000000 0.000000
vn 0.100000 0.000000 0.000000
vn 0.100000 0.000000 0.000000
vn 0.100000 0.000000 0.000000
vn -0.070711 0.000000 0.070711
vn -0.070711 0.000000 0.070711
vn -0.070711 0.000000 0.070711
vn -0.070711 0.000000 0.070711
vn 0.000000 0.000000 0.100000
vn 0.000000 0.000000 0.100000
vn 0.000000 0.000000 0.100000
vn 0.000000 0.000000 0.100000
vn -0.000000 -0.100000 0.000000
vn -0.000000 -0.100000 0.000000
vn -0.000000 -0.100000 0.000000
vn -0.000000 -0.100000 0.000000
vn -0.000000 -0.100000 0.000000
vn -0.000000 -0.100000 0.000000
vn -0.000000 -0.100000 0.000000
vn -0.000000 -0.100000 0.000000
vn -0.000000 -0.100000 0.000000
vn -0.000000 -0.100000 0.000000
vn -0.000000 -0.100000 0.000000
vn -0.000000 -0.100000 0.000000
vn -0.000000 -0.100000 0.000000
vn -0.000000 -0.100000 0.000000
vn -0.000000 -0.100000 0.000000
vn -0.000000 -0.100000 0.000000
vn -0.000000 -0.100000 0.000000
vn -0.000000 -0.100000 0.000000
vn -0.000000 -0.100000 0.000000
vn -0.000000 -0.100000 0.000000
vn -0.000000 -0.100000 0.000000
vn -0.000000 -0.100000 0.000000
vn -0.000000 -0.100000 0.000000
vn -0.000000 -0.100000 0.000000
vn -0.000000 -0.100000 0.000000
vn -0.000000 -0.100000 0.000000
vn -0.000000 -0.100000 0.000000
vn -0.000000 -0.100000 0.000000
vn -0.000000 -0.100000 0.000000
vn -0.000000 -0.100000 0.000000
vn -0.000000 -0.100000 0.000000
vn -0.000000 -0.100000 0.000000
vn -0.000000 -0.100000 0.000000
vn -0.000000 -0.100000 0.000000
vn -0.000000 -0.100000 0.000000
vn -0.000000 -0.100000 0.000000
vn -0.000000 -0.100000 0.000000
vn -0.000000 -0.100000 0.000000
vn -0.000000 -0.100000 0.000000
vn -0.000000 -0.100000 0.000000
vn -0.000000 -0.100000 0.000000
vn -0.000000 -0.100000 0.000000
vn -0.000000 -0.100000 0.000000
vn -0.000000 -0.100000 0.000000
vn -0.000000 -0.100000 0.000000
vn -0.000000 -0.100000 0.000000
vn -0.000000 -0.100000 0.000000
vn -0.000000 -0.100000 0.000000
vn -0.000000 -0.100000 0.000000
vn -0.000000 -0.100000 0.000000
vn -0.000000 -0.100000 0.000000
vn -0.000000 -0.100000 0.000000
vn -0.000000 -0.100000 0.000000
vn -0.000000 -0.100000 0.000000
vn -0.000000 -0.100000 0.000000
vn -0.000000 -0.100000 0.000000
vn -0.000000 -0.100000 0.000000
vn -0.000000 -0.100000 0.000000
vn -0.000000 -0.100000 0.000000
vn -0.000000 -0.100000 0.000000
vn -0.000000 -0.100000 0.000000
vn -0.000000 -0.100000 0.000000
vn -0.000000 -0.100000 0.000000
vn -0.000000 -0.100000 0.000000
vn -0.000000 -0.100000 0.000000
vn -0.000000 -0.100000 0.000000
vn -0.000000 -0.100000 0.000000
vn -0.000000 -0.100000 0.000000
vn -0.000000 -0.100000 0.000000
vn -0.000000 -0.100000 0.000000
vn -0.000000 -0.100000 0.000000
vn -0.000000 -0.100000 0.000000
vn -0.000000 -0.100000 0.000000
vn -0.000000 -0.100000 0.000000
vn -0.000000 -0.100000 0.000000
vn -0.000000 -0.100000 0.000000
vn -0.000000 -0.100000 0.000000
vn -0.000000 -0.100000 0.000000
vn -0.000000 -0.100000 0.000000
vn -0.000000 -0.100000 0.000000
vn -0.000000 -0.100000 0.000000
vn -0.000000 -0.100000 0.000000
vn -0.000000 -0.100000 0.000000
vn -0.000000 -0.100000 0.000000
vn -0.000000 -0.100000 0.000000
vn -0.000000 -0.100000 0.000000
vn -0.000000 -0.100000 0.000000
vn -0.000000 -0.100000 0.000000
vn -0.000000 -0.100000 0.000000
vn -0.000000 -0.100000 0.000000
vn -0.000000 -0.100000 0.000000
vn -0.000000 -0.100000 0.000000
vn -0.000000 -0.100000 0.000000
vn -0.000000 -0.100000 0.000000
vn -0.000000 -0.100000 0.000000
vn -0.000000 -0.100000 0.000000
vn -0.000000 -0.100000 0.000000
vn -0.000000 -0.100000 0.000000
vn -0.000000 -0.100000 0.000000
vn -0.000000 -0.100000 0.000000
vn -0.000000 -0.100000 0.000000
vn -0.000000 -0.100000 0.000000
vn -0.000000 -0.100000 0.000000
vn -0.000000 -0.100000 0.000000
vn -0.000000 -0.100000 0.000000
vn -0.000000 -0.100000 0.000000
vn -0.000000 -0.100000 0.000000
vn -0.000000 -0.100000 0.000000
vn -0.000000 -0.100000 0.000000
vn -0.000000 -0.100000 0.000000
vn -0.000000 -0.100000 0.000000
vn -0.000000 -0.100000 0.000000
vn -0.000000 -0.100000 0.000000
vn -0.000000 -0.100000 0.000000
vn -0.000000 -0.100000 0.000000
vn -0.000000 -0.100000 0.000000
vn -0.000000 -0.100000 0.000000
vn -0.000000 -0.100000 0.000000
vn -0.000000 -0.100000 0.000000
vn -0.000000 -0.100000 0.000000
vn -0.000000 -0.100000 0.000000
vn -0.000000 -0.100000 0.000000
vn -0.000000 -0.100000 0.000000
vn -0.000000 -0.100000 0.000000
vn -0.000000 -0.100000 0.000000
vn -0.000000 -0.100000 0.000000
vn -0.000000 -0.100000 0.000000
vn -0.000000 -0.100000 0.000000
vn -0.000000 -0.100000 0.000000
vn -0.000000 -0.100000 0.000000
vn -0.000000 -0.100000 0.000000
vn -0.000000 -0.100000 0.000000
vn -0.000000 -0.100000 0.000000
vn -0.000000 -0.100000 0.000000
vn -0.000000 -0.100000 0.000000
vn -0.000000 -0.100000 0.000000
vn -0.000000 -0.100000 0.000000
vn -0.000000 -0.100000 0.000000
vn -0.000000 -0.100000 0.000000
vn -0.000000 -0.100000 0.000000
vn -0.000000 -0.100000 0.000000
vn -0.000000 -0.100000 0.000000
vn -0.000000 -0.100000 0.000000
vn -0.000000 -0.100000 0.000000
vn -0.000000 -0.100000 0.000000
vn -0.000000 -0.100000 0.000000
vn -0.000000 -0.100000 0.000000
vn -0.000000 -0.100000 0.000000
vn -0.000000 -0.100000 0.000000
vn -0.000000 -0.100000 0.000000
vn -0.000000 -0.100000 0.000000
vn -0.000000 -0.100000 0.000000
vn 0.070711 -0.000000 0.070711
vn 0.070711 -0.000000 0.070711
vn 0.070711 -0.000000 0.070711
vn 0.070711 -0.000000 0.070711
vn 0.070711 0.000000 -0.070711
vn 0.070711 0.000000 -0.070711
vn 0.070711 0.000000 -0.070711
vn 0.070711 0.000000 -0.070711
vn 0.070711 0.000000 -0.070711
vn 0.070711 0.000000 -0.070711
vn 0.070711 0.000000 -0.070711
vn 0.070711 0.000000 -0.070711
vn 0.070711 0.000000 -0.070711
vn 0.070711 0.000000 -0.070711
vn -0.070711 0.000000 -0.070711
vn -0.070711 0.000000 -0.070711
vn -0.070711 0.000000 -0.070711
vn -0.070711 0.000000 -0.070711
vn 0.000000 0.100000 0.000000
vn 0.000000 0.100000 0.000000
vn 0.000000 0.100000 0.000000
vn 0.000000 0.100000 0.000000
vn 0.000000 0.100000 0.000000
vn -0.100000 0.000000 0.000000
vn -0.100000 0.000000 0.000000
vn -0.100000 0.000000 0.000000
vn -0.100000 0.000000 0.000000
vn 0.070711 0.000000 -0.070711
vn 0.070711 0.000000 -0.070711
vn 0.070711 0.000000 -0.070711
vn 0.070711 0.000000 -0.070711
vn 0.000000 -0.100000 0.000000
vn 0.000000 -0.100000 0.000000
vn 0.000000 -0.100000 0.000000
vn 0.000000 -0.100000 0.000000
vn 0.000000 -0.100000 0.000000
vn -0.070711 0.000000 -0.070711
vn -0.070711 0.000000 -0.070711
vn -0.070711 0.000000 -0.070711
vn -0.070711 0.000000 -0.070711
vn 0.100000 0.000000 0.000000
vn 0.100000 0.000000 0.000000
vn 0.100000 0.000000 0.000000
vn 0.100000 0.000000 0.000000
vn 0.000000 0.100000 0.000000
vn 0.000000 0.100000 0.000000
vn 0.000000 0.100000 0.000000
vn 0.000000 0.100000 0.000000
vn 0.000000 0.100000 0.000000
vn -0.100000 0.000000 0.000000
vn -0.100000 0.000000 0.000000
vn -0.100000 0.000000 0.000000
vn -0.100000 0.000000 0.000000
vn 0.070711 0.000000 -0.070711
vn 0.070711 0.000000 -0.070711
vn 0.070711 0.000000 -0.070711
vn 0.070711 0.000000 -0.070711
vn 0.000000 -0.100000 0.000000
vn 0.000000 -0.100000 0.000000
vn 0.000000 -0.100000 0.000000
vn 0.000000 -0.100000 0.000000
vn 0.000000 -0.100000 0.000000
vn -0.070711 0.000000 -0.070711
vn -0.070711 0.000000 -0.070711
vn -0.070711 0.000000 -0.070711
vn -0.070711 0.000000 -0.070711
vn 0.100000 0.000000 0.000000
vn 0.100000 0.000000 0.000000
vn 0.100000 0.000000 0.000000
vn 0.100000 0.000000 0.000000
vn -0.070711 0.000000 -0.070711
vn -0.070711 0.000000 -0.070711
vn -0.070711 0.000000 -0.070711
vn -0.070711 0.000000 -0.070711
vn -0.070711 0.000000 -0.070711
vn -0.070711 0.000000 -0.070711
vn -0.070711 0.000000 -0.070711
vn -0.070711 0.000000 -0.070711
vn -0.070711 0.000000 -0.070711
vn -0.000000 0.100000 -0.000000
vn -0.000000 0.100000 -0.000000
vn -0.000000 0.100000 -0.000000
vn -0.000000 0.100000 -0.000000
vn 0.070711 0.000000 -0.070711
vn 0.070711 0.000000 -0.070711
vn 0.070711 0.000000 -0.070711
vn 0.070711 0.000000 -0.070711
vn 0.070711 0.000000 -0.070711
vn 0.070711 0.000000 -0.070711
vn 0.070711 0.000000 -0.070711
vn 0.070711 0.000000 -0.070711
vn 0.070711 0.000000 -0.070711
vn -0.000000 0.100000 -0.000000
vn -0.000000 0.100000 -0.000000
vn -0.000000 0.100000 -0.000000
vn -0.000000 0.100000 -0.000000
vn 0.099803 0.000000 0.006279
vn 0.099803 0.000000 0.006279
vn 0.099803 0.000000 0.006279
vn 0.099803 0.000000 0.006279
vn 0.095106 0.000000 0.030902
vn 0.095106 0.000000 0.030902
vn 0.095106 0.000000 0.030902
vn 0.095106 0.000000 0.030902
vn 0.090483 0.000000 0.042578
vn 0.090483 0.000000 0.042578
vn 0.090483 0.000000 0.042578
vn 0.090483 0.000000 0.042578
vn 0.084433 0.000000 0.053583
vn 0.084433 0.000000 0.053583
vn 0.084433 0.000000 0.053583
vn 0.084433 0.000000 0.053583
vn 0.077051 0.000000 0.063742
vn 0.077051 0.000000 0.063742
vn 0.077051 0.000000 0.063742
vn 0.077051 0.000000 0.063742
vn 0.098229 0.000000 -0.018738
vn 0.098229 0.000000 -0.018738
vn 0.098229 0.000000 -0.018738
vn 0.098229 0.000000 -0.018738
vn 0.099803 0.000000 -0.006279
vn 0.099803 0.000000 -0.006279
vn 0.099803 0.000000 -0.006279
vn 0.099803 0.000000 -0.006279
vn 0.098229 0.000000 0.018738
vn 0.098229 0.000000 0.018738
vn 0.098229 0.000000 0.018738
vn 0.098229 0.000000 0.018738
vn 0.077051 0.000000 -0.063742
vn 0.077051 0.000000 -0.063742
vn 0.077051 0.000000 -0.063742
vn 0.077051 0.000000 -0.063742
vn 0.084433 0.000000 -0.053583
vn 0.084433 0.000000 -0.053583
vn 0.084433 0.000000 -0.053583
vn 0.084433 0.000000 -0.053583
vn 0.058779 0.000000 -0.080902
vn 0.058779 0.000000 -0.080902
vn 0.058779 0.000000 -0.080902
vn 0.058779 0.000000 -0.080902
vn 0.068455 0.000000 -0.072897
vn 0.068455 0.000000 -0.072897
vn 0.068455 0.000000 -0.072897
vn 0.068455 0.000000 -0.072897
vn 0.095106 0.000000 -0.030902
vn 0.095106 0.000000 -0.030902
vn 0.095106 0.000000 -0.030902
vn 0.095106 0.000000 -0.030902
vn 0.036812 0.000000 -0.092978
vn 0.036812 0.000000 -0.092978
vn 0.036812 0.000000 -0.092978
vn 0.036812 0.000000 -0.092978
vn 0.048176 0.000000 -0.087631
vn 0.048176 0.000000 -0.087631
vn 0.048176 0.000000 -0.087631
vn 0.048176 0.000000 -0.087631
vn 0.090483 0.000000 -0.042578
vn 0.090483 0.000000 -0.042578
vn 0.090483 0.000000 -0.042578
vn 0.090483 0.000000 -0.042578
vn 0.068455 0.000000 0.072897
vn 0.068455 0.000000 0.072897
vn 0.068455 0.000000 0.072897
vn 0.068455 0.000000 0.072897
vn 0.058779 0.000000 0.080902
vn 0.058779 0.000000 0.080902
vn 0.058779 0.000000 0.080902
vn 0.058779 0.000000 0.080902
vn 0.048175 0.000000 0.087631
vn 0.048175 0.000000 0.087631
vn 0.048175 0.000000 0.087631
vn 0.048175 0.000000 0.087631
vn 0.036812 0.000000 0.092978
vn 0.036812 0.000000 0.092978
vn 0.036812 0.000000 0.092978
vn 0.036812 0.000000 0.092978
vn 0.024869 0.000000 0.096858
vn 0.024869 0.000000 0.096858
vn 0.024869 0.000000 0.096858
vn 0.024869 0.000000 0.096858
vn 0.012533 0.000000 0.099211
vn 0.012533 0.000000 0.099211
vn 0.012533 0.000000 0.099211
vn 0.012533 0.000000 0.099211
vn 0.000000 0.000000 0.100000
vn 0.000000 0.000000 0.100000
vn 0.000000 0.000000 0.100000
vn 0.000000 0.000000 0.100000
vn -0.012533 0.000000 0.099211
vn -0.012533 0.000000 0.099211
vn -0.012533 0.000000 0.099211
vn -0.012533 0.000000 0.099211
vn -0.024869 0.000000 0.096858
vn -0.024869 0.000000 0.096858
vn -0.024869 0.000000 0.096858
vn -0.024869 0.000000 0.096858
vn -0.036812 0.000000 0.092978
vn -0.036812 0.000000 0.092978
vn -0.036812 0.000000 0.092978
vn -0.036812 0.000000 0.092978
vn -0.048175 0.000000 0.087631
vn -0.048175 0.000000 0.087631
vn -0.048175 0.000000 0.087631
vn -0.048175 0.000000 0.087631
vn -0.058779 0.000000 0.080902
vn -0.058779 0.000000 0.080902
vn -0.058779 0.000000 0.080902
vn -0.058779 0.000000 0.080902
vn -0.068455 0.000000 0.072897
vn -0.068455 0.000000 0.072897
vn -0.068455 0.000000 0.072897
vn -0.068455 0.000000 0.072897
vn -0.077051 0.000000 0.063742
vn -0.077051 0.000000 0.063742
vn -0.077051 0.000000 0.063742
vn -0.077051 0.000000 0.063742
vn -0.084433 0.000000 0.053583
vn -0.084433 0.000000 0.053583
vn -0.084433 0.000000 0.053583
vn -0.084433 0.000000 0.053583
vn -0.090483 0.000000 0.042578
vn -0.090483 0.000000 0.042578
vn -0.090483 0.000000 0.042578
vn -0.090483 0.000000 0.042578
vn -0.095106 0.000000 0.030902
vn -0.095106 0.000000 0.030902
vn -0.095106 0.000000 0.030902
vn -0.095106 0.000000 0.030902
vn -0.098229 0.000000 0.018738
vn -0.098229 0.000000 0.018738
vn -0.098229 0.000000 0.018738
vn -0.098229 0.000000 0.018738
vn -0.099803 0.000000 0.006279
vn -0.099803 0.000000 0.006279
vn -0.099803 0.000000 0.006279
vn -0.099803 0.000000 0.006279
vn -0.099803 0.000000 -0.006279
vn -0.099803 0.000000 -0.006279
vn -0.099803 0.000000 -0.006279
vn -0.099803 0.000000 -0.006279
vn -0.098229 0.000000 -0.018738
vn -0.098229 0.000000 -0.018738
vn -0.098229 0.000000 -0.018738
vn -0.098229 0.000000 -0.018738
vn -0.095106 0.000000 -0.030902
vn -0.095106 0.000000 -0.030902
vn -0.095106 0.000000 -0.030902
vn -0.095106 0.000000 -0.030902
vn -0.090483 0.000000 -0.042578
vn -0.090483 0.000000 -0.042578
vn -0.090483 0.000000 -0.042578
vn -0.090483 0.000000 -0.042578
vn -0.084433 0.000000 -0.053583
vn -0.084433 0.000000 -0.053583
vn -0.084433 0.000000 -0.053583
vn -0.084433 0.000000 -0.053583
vn -0.077051 0.000000 -0.063742
vn -0.077051 0.000000 -0.063742
vn -0.077051 0.000000 -0.063742
vn -0.077051 0.000000 -0.063742
vn -0.068455 0.000000 -0.072897
vn -0.068455 0.000000 -0.072897
vn -0.068455 0.000000 -0.072897
vn -0.068455 0.000000 -0.072897
vn -0.058779 0.000000 -0.080902
vn -0.058779 0.000000 -0.080902
vn -0.058779 0.000000 -0.080902
vn -0.058779 0.000000 -0.080902
vn -0.048175 0.000000 -0.087631
vn -0.048175 0.000000 -0.087631
vn -0.048175 0.000000 -0.087631
vn -0.048175 0.000000 -0.087631
vn -0.036812 0.000000 -0.092978
vn -0.036812 0.000000 -0.092978
vn -0.036812 0.000000 -0.092978
vn -0.036812 0.000000 -0.092978
vn -0.024869 0.000000 -0.096858
vn -0.024869 0.000000 -0.096858
vn -0.024869 0.000000 -0.096858
vn -0.024869 0.000000 -0.096858
vn -0.012533 0.000000 -0.099211
vn -0.012533 0.000000 -0.099211
vn -0.012533 0.000000 -0.099211
vn -0.012533 0.000000 -0.099211
vn 0.000000 0.000000 -0.100000
vn 0.000000 0.000000 -0.100000
vn 0.000000 0.000000 -0.100000
vn 0.000000 0.000000 -0.100000
vn 0.012533 0.000000 -0.099211
vn 0.012533 0.000000 -0.099211
vn 0.012533 0.000000 -0.099211
vn 0.012533 0.000000 -0.099211
vn 0.024869 0.000000 -0.096858
vn 0.024869 0.000000 -0.096858
vn 0.024869 0.000000 -0.096858
vn 0.024869 0.000000 -0.096858
vn -0.071644 0.000000 -0.069765
vn -0.071644 0.000000 -0.069765
vn -0.071644 0.000000 -0.069765
vn -0.071644 0.000000 -0.069765
vn -0.051145 0.000000 -0.085931
vn -0.051145 0.000000 -0.085931
vn -0.051145 0.000000 -0.085931
vn -0.051145 0.000000 -0.085931
vn -0.027163 0.000000 -0.096240
vn -0.027163 0.000000 -0.096240
vn -0.027163 0.000000 -0.096240
vn -0.027163 0.000000 -0.096240
vn -0.001328 0.000000 -0.099991
vn -0.001328 0.000000 -0.099991
vn -0.001328 0.000000 -0.099991
vn -0.001328 0.000000 -0.099991
vn 0.024597 0.000000 -0.096928
vn 0.024597 0.000000 -0.096928
vn 0.024597 0.000000 -0.096928
vn 0.024597 0.000000 -0.096928
vn 0.048845 0.000000 -0.087259
vn 0.048845 0.000000 -0.087259
vn 0.048845 0.000000 -0.087259
vn 0.048845 0.000000 -0.087259
vn 0.069766 0.000000 -0.071643
vn 0.069766 0.000000 -0.071643
vn 0.069766 0.000000 -0.071643
vn 0.069766 0.000000 -0.071643
vn 0.085931 0.000000 -0.051146
vn 0.085931 0.000000 -0.051146
vn 0.085931 0.000000 -0.051146
vn 0.085931 0.000000 -0.051146
vn 0.096240 0.000000 -0.027163
vn 0.096240 0.000000 -0.027163
vn 0.096240 0.000000 -0.027163
vn 0.096240 0.000000 -0.027163
vn 0.099991 0.000000 -0.001328
vn 0.099991 0.000000 -0.001328
vn 0.099991 0.000000 -0.001328
vn 0.099991 0.000000 -0.001328
vn 0.096928 0.000000 0.024597
vn 0.096928 0.000000 0.024597
vn 0.096928 0.000000 0.024597
vn 0.096928 0.000000 0.024597
vn 0.087259 0.000000 0.048846
vn 0.087259 0.000000 0.048846
vn 0.087259 0.000000 0.048846
vn 0.087259 0.000000 0.048846
vn 0.071643 0.000000 0.069766
vn 0.071643 0.000000 0.069766
vn 0.071643 0.000000 0.069766
vn 0.071643 0.000000 0.069766
vn 0.051146 0.000000 0.085931
vn 0.051146 0.000000 0.085931
vn 0.051146 0.000000 0.085931
vn 0.051146 0.000000 0.085931
vn 0.024597 0.000000 -0.096928
vn 0.024597 0.000000 -0.096928
vn 0.024597 0.000000 -0.096928
vn 0.024597 0.000000 -0.096928
vn 0.027163 0.000000 0.096240
vn 0.027163 0.000000 0.096240
vn 0.027163 0.000000 0.096240
vn 0.027163 0.000000 0.096240
vn 0.001328 0.000000 0.099991
vn 0.001328 0.000000 0.099991
vn 0.001328 0.000000 0.099991
vn 0.001328 0.000000 0.099991
vn -0.024599 0.000000 0.096927
vn -0.024599 0.000000 0.096927
vn -0.024599 0.000000 0.096927
vn -0.024599 0.000000 0.096927
vn -0.048844 0.000000 0.087260
vn -0.048844 0.000000 0.087260
vn -0.048844 0.000000 0.087260
vn -0.048844 0.000000 0.087260
vn -0.069766 0.000000 0.071643
vn -0.069766 0.000000 0.071643
vn -0.069766 0.000000 0.071643
vn -0.069766 0.000000 0.071643
vn -0.085931 0.000000 0.051146
vn -0.085931 0.000000 0.051146
vn -0.085931 0.000000 0.051146
vn -0.085931 0.000000 0.051146
vn -0.096240 0.000000 0.027162
vn -0.096240 0.000000 0.027162
vn -0.096240 0.000000 0.027162
vn -0.096240 0.000000 0.027162
vn -0.099991 0.000000 0.001328
vn -0.099991 0.000000 0.001328
vn -0.099991 0.000000 0.001328
vn -0.099991 0.000000 0.001328
vn -0.096928 0.000000 -0.024597
vn -0.096928 0.000000 -0.024597
vn -0.096928 0.000000 -0.024597
vn -0.096928 0.000000 -0.024597
vn -0.087259 0.000000 -0.048846
vn -0.087259 0.000000 -0.048846
vn -0.087259 0.000000 -0.048846
vn -0.087259 0.000000 -0.048846
vn 0.048845 0.000000 -0.087259
vn 0.048845 0.000000 -0.087259
vn 0.048845 0.000000 -0.087259
vn 0.048845 0.000000 -0.087259
vn 0.069766 0.000000 -0.071643
vn 0.069766 0.000000 -0.071643
vn 0.069766 0.000000 -0.071643
vn 0.069766 0.000000 -0.071643
vn 0.085930 0.000000 -0.051147
vn 0.085930 0.000000 -0.051147
vn 0.085930 0.000000 -0.051147
vn 0.085930 0.000000 -0.051147
vn 0.096241 0.000000 -0.027162
vn 0.096241 0.000000 -0.027162
vn 0.096241 0.000000 -0.027162
vn 0.096241 0.000000 -0.027162
vn 0.099991 0.000000 -0.001329
vn 0.099991 0.000000 -0.001329
vn 0.099991 0.000000 -0.001329
vn 0.099991 0.000000 -0.001329
vn 0.096928 0.000000 0.024598
vn 0.096928 0.000000 0.024598
vn 0.096928 0.000000 0.024598
vn 0.096928 0.000000 0.024598
vn 0.087259 0.000000 0.048845
vn 0.087259 0.000000 0.048845
vn 0.087259 0.000000 0.048845
vn 0.087259 0.000000 0.048845
vn 0.071643 0.000000 0.069766
vn 0.071643 0.000000 0.069766
vn 0.071643 0.000000 0.069766
vn 0.071643 0.000000 0.069766
vn 0.051147 0.000000 0.085930
vn 0.051147 0.000000 0.085930
vn 0.051147 0.000000 0.085930
vn 0.051147 0.000000 0.085930
vn 0.027163 0.000000 0.096240
vn 0.027163 0.000000 0.096240
vn 0.027163 0.000000 0.096240
vn 0.027163 0.000000 0.096240
vn 0.001328 0.000000 0.099991
vn 0.001328 0.000000 0.099991
vn 0.001328 0.000000 0.099991
vn 0.001328 0.000000 0.099991
vn -0.024599 0.000000 0.096927
vn -0.024599 0.000000 0.096927
vn -0.024599 0.000000 0.096927
vn -0.024599 0.000000 0.096927
vn -0.048844 0.000000 0.087260
vn -0.048844 0.000000 0.087260
vn -0.048844 0.000000 0.087260
vn -0.048844 0.000000 0.087260
vn -0.069766 0.000000 0.071643
vn -0.069766 0.000000 0.071643
vn -0.069766 0.000000 0.071643
vn -0.069766 0.000000 0.071643
vn -0.085932 0.000000 0.051144
vn -0.085932 0.000000 0.051144
vn -0.085932 0.000000 0.051144
vn -0.085932 0.000000 0.051144
vn -0.096240 0.000000 0.027163
vn -0.096240 0.000000 0.027163
vn -0.096240 0.000000 0.027163
vn -0.096240 0.000000 0.027163
vn -0.099991 0.000000 0.001328
vn -0.099991 0.000000 0.001328
vn -0.099991 0.000000 0.001328
vn -0.099991 0.000000 0.001328
vn -0.096928 0.000000 -0.024597
vn -0.096928 0.000000 -0.024597
vn -0.096928 0.000000 -0.024597
vn -0.096928 0.000000 -0.024597
vn -0.087259 0.000000 -0.048845
vn -0.087259 0.000000 -0.048845
vn -0.087259 0.000000 -0.048845
vn -0.087259 0.000000 -0.048845
vn -0.071644 0.000000 -0.069765
vn -0.071644 0.000000 -0.069765
vn -0.071644 0.000000 -0.069765
vn -0.071644 0.000000 -0.069765
vn -0.051145 0.000000 -0.085931
vn -0.051145 0.000000 -0.085931
vn -0.051145 0.000000 -0.085931
vn -0.051145 0.000000 -0.085931
vn -0.027163 0.000000 -0.096240
vn -0.027163 0.000000 -0.096240
vn -0.027163 0.000000 -0.096240
vn -0.027163 0.000000 -0.096240
vn -0.001328 0.000000 -0.099991
vn -0.001328 0.000000 -0.099991
vn -0.001328 0.000000 -0.099991
vn -0.001328 0.000000 -0.099991
vn 0.024597 0.000000 -0.096928
vn 0.024597 0.000000 -0.096928
vn 0.024597 0.000000 -0.096928
vn 0.024597 0.000000 -0.096928
vn -0.087259 0.000000 -0.048845
vn -0.087259 0.000000 -0.048845
vn -0.087259 0.000000 -0.048845
vn -0.087259 0.000000 -0.048845
vn -0.071643 0.000000 -0.069766
vn -0.071643 0.000000 -0.069766
vn -0.071643 0.000000 -0.069766
vn -0.071643 0.000000 -0.069766
vn -0.051147 0.000000 -0.085930
vn -0.051147 0.000000 -0.085930
vn -0.051147 0.000000 -0.085930
vn -0.051147 0.000000 -0.085930
vn -0.027162 0.000000 -0.096240
vn -0.027162 0.000000 -0.096240
vn -0.027162 0.000000 -0.096240
vn -0.027162 0.000000 -0.096240
vn -0.001328 0.000000 -0.099991
vn -0.001328 0.000000 -0.099991
vn -0.001328 0.000000 -0.099991
vn -0.001328 0.000000 -0.099991
vn 0.024597 0.000000 -0.096928
vn 0.024597 0.000000 -0.096928
vn 0.024597 0.000000 -0.096928
vn 0.024597 0.000000 -0.096928
vn 0.048846 0.000000 -0.087259
vn 0.048846 0.000000 -0.087259
vn 0.048846 0.000000 -0.087259
vn 0.048846 0.000000 -0.087259
vn 0.069765 0.000000 -0.071644
vn 0.069765 0.000000 -0.071644
vn 0.069765 0.000000 -0.071644
vn 0.069765 0.000000 -0.071644
vn 0.085931 0.000000 -0.051146
vn 0.085931 0.000000 -0.051146
vn 0.085931 0.000000 -0.051146
vn 0.085931 0.000000 -0.051146
vn 0.096241 0.000000 -0.027161
vn 0.096241 0.000000 -0.027161
vn 0.096241 0.000000 -0.027161
vn 0.096241 0.000000 -0.027161
vn 0.099991 0.000000 -0.001329
vn 0.099991 0.000000 -0.001329
vn 0.099991 0.000000 -0.001329
vn 0.099991 0.000000 -0.001329
vn 0.096928 0.000000 0.024598
vn 0.096928 0.000000 0.024598
vn 0.096928 0.000000 0.024598
vn 0.096928 0.000000 0.024598
vn 0.087259 0.000000 0.048845
vn 0.087259 0.000000 0.048845
vn 0.087259 0.000000 0.048845
vn 0.087259 0.000000 0.048845
vn 0.071644 0.000000 0.069765
vn 0.071644 0.000000 0.069765
vn 0.071644 0.000000 0.069765
vn 0.071644 0.000000 0.069765
vn 0.051145 0.000000 0.085931
vn 0.051145 0.000000 0.085931
vn 0.051145 0.000000 0.085931
vn 0.051145 0.000000 0.085931
vn 0.027163 0.000000 0.096240
vn 0.027163 0.000000 0.096240
vn 0.027163 0.000000 0.096240
vn 0.027163 0.000000 0.096240
vn 0.001328 0.000000 0.099991
vn 0.001328 0.000000 0.099991
vn 0.001328 0.000000 0.099991
vn 0.001328 0.000000 0.099991
vn -0.024597 0.000000 0.096928
vn -0.024597 0.000000 0.096928
vn -0.024597 0.000000 0.096928
vn -0.024597 0.000000 0.096928
vn -0.048845 0.000000 0.087259
vn -0.048845 0.000000 0.087259
vn -0.048845 0.000000 0.087259
vn -0.048845 0.000000 0.087259
vn -0.069765 0.000000 0.071644
vn -0.069765 0.000000 0.071644
vn -0.069765 0.000000 0.071644
vn -0.069765 0.000000 0.071644
vn -0.085931 0.000000 0.051145
vn -0.085931 0.000000 0.051145
vn -0.085931 0.000000 0.051145
vn -0.085931 0.000000 0.051145
vn -0.096240 0.000000 0.027163
vn -0.096240 0.000000 0.027163
vn -0.096240 0.000000 0.027163
vn -0.096240 0.000000 0.027163
vn -0.099991 0.000000 0.001328
vn -0.099991 0.000000 0.001328
vn -0.099991 0.000000 0.001328
vn -0.099991 0.000000 0.001328
vn -0.096928 0.000000 -0.024597
vn -0.096928 0.000000 -0.024597
vn -0.096928 0.000000 -0.024597
vn -0.096928 0.000000 -0.024597
vn -0.048846 0.000000 0.087259
vn -0.048846 0.000000 0.087259
vn -0.048846 0.000000 0.087259
vn -0.048846 0.000000 0.087259
vn -0.069765 0.000000 0.071644
vn -0.069765 0.000000 0.071644
vn -0.069765 0.000000 0.071644
vn -0.069765 0.000000 0.071644
vn -0.085931 0.000000 0.051146
vn -0.085931 0.000000 0.051146
vn -0.085931 0.000000 0.051146
vn -0.085931 0.000000 0.051146
vn -0.096240 0.000000 0.027162
vn -0.096240 0.000000 0.027162
vn -0.096240 0.000000 0.027162
vn -0.096240 0.000000 0.027162
vn -0.099991 0.000000 0.001328
vn -0.099991 0.000000 0.001328
vn -0.099991 0.000000 0.001328
vn -0.099991 0.000000 0.001328
vn -0.096928 0.000000 -0.024597
vn -0.096928 0.000000 -0.024597
vn -0.096928 0.000000 -0.024597
vn -0.096928 0.000000 -0.024597
vn -0.087259 0.000000 -0.048845
vn -0.087259 0.000000 -0.048845
vn -0.087259 0.000000 -0.048845
vn -0.087259 0.000000 -0.048845
vn -0.071644 0.000000 -0.069765
vn -0.071644 0.000000 -0.069765
vn -0.071644 0.000000 -0.069765
vn -0.071644 0.000000 -0.069765
vn -0.051146 0.000000 -0.085931
vn -0.051146 0.000000 -0.085931
vn -0.051146 0.000000 -0.085931
vn -0.051146 0.000000 -0.085931
vn -0.027162 0.000000 -0.096240
vn -0.027162 0.000000 -0.096240
vn -0.027162 0.000000 -0.096240
vn -0.027162 0.000000 -0.096240
vn -0.001328 0.000000 -0.099991
vn -0.001328 0.000000 -0.099991
vn -0.001328 0.000000 -0.099991
vn -0.001328 0.000000 -0.099991
vn 0.048845 0.000000 -0.087259
vn 0.048845 0.000000 -0.087259
vn 0.048845 0.000000 -0.087259
vn 0.048845 0.000000 -0.087259
vn 0.069765 0.000000 -0.071644
vn 0.069765 0.000000 -0.071644
vn 0.069765 0.000000 -0.071644
vn 0.069765 0.000000 -0.071644
vn 0.085931 0.000000 -0.051146
vn 0.085931 0.000000 -0.051146
vn 0.085931 0.000000 -0.051146
vn 0.085931 0.000000 -0.051146
vn 0.096240 0.000000 -0.027162
vn 0.096240 0.000000 -0.027162
vn 0.096240 0.000000 -0.027162
vn 0.096240 0.000000 -0.027162
vn 0.099991 0.000000 -0.001328
vn 0.099991 0.000000 -0.001328
vn 0.099991 0.000000 -0.001328
vn 0.099991 0.000000 -0.001328
vn 0.096928 0.000000 0.024597
vn 0.096928 0.000000 0.024597
vn 0.096928 0.000000 0.024597
vn 0.096928 0.000000 0.024597
vn 0.087259 0.000000 0.048845
vn 0.087259 0.000000 0.048845
vn 0.087259 0.000000 0.048845
vn 0.087259 0.000000 0.048845
vn 0.071643 0.000000 0.069766
vn 0.071643 0.000000 0.069766
vn 0.071643 0.000000 0.069766
vn 0.071643 0.000000 0.069766
vn 0.051146 0.000000 0.085931
vn 0.051146 0.000000 0.085931
vn 0.051146 0.000000 0.085931
vn 0.051146 0.000000 0.085931
vn 0.027162 0.000000 0.096240
vn 0.027162 0.000000 0.096240
vn 0.027162 0.000000 0.096240
vn 0.027162 0.000000 0.096240
vn 0.001328 0.000000 0.099991
vn 0.001328 0.000000 0.099991
vn 0.001328 0.000000 0.099991
vn 0.001328 0.000000 0.099991
vn -0.024597 0.000000 0.096928
vn -0.024597 0.000000 0.096928
vn -0.024597 0.000000 0.096928
vn -0.024597 0.000000 0.096928
vn 0.000000 0.100000 0.000000
vn 0.000000 0.100000 0.000000
vn 0.000000 0.100000 0.000000
vn 0.000000 0.100000 0.000000
vn 0.000000 0.100000 0.000000
vn 0.000000 0.100000 0.000000
vn 0.000000 0.100000 0.000000
vn 0.000000 0.100000 0.000000
vn 0.000000 0.100000 0.000000
vn 0.000000 0.100000 0.000000
vn 0.000000 0.100000 0.000000
vn 0.000000 0.100000 0.000000
vn 0.000000 0.100000 0.000000
vn 0.000000 0.100000 0.000000
vn 0.000000 0.100000 0.000000
vn 0.000000 0.100000 0.000000
vn 0.000000 0.100000 0.000000
vn 0.000000 0.100000 0.000000
vn 0.000000 0.100000 0.000000
vn 0.000000 0.100000 0.000000
vn 0.000000 0.100000 0.000000
vn 0.000000 0.100000 0.000000
vn 0.000000 0.100000 0.000000
vn 0.000000 0.100000 0.000000
vn 0.000000 0.100000 0.000000
vn 0.000000 0.100000 0.000000
vn 0.000000 0.100000 0.000000
vn 0.000000 0.100000 0.000000
vn 0.000000 0.100000 0.000000
vn 0.000000 0.100000 0.000000
vn 0.000000 0.100000 0.000000
vn 0.000000 0.100000 0.000000
vn 0.000000 0.100000 0.000000
vn 0.000000 0.100000 0.000000
vn 0.000000 0.100000 0.000000
vn 0.000000 0.100000 0.000000
vn 0.000000 0.100000 0.000000
vn 0.000000 0.100000 0.000000
vn 0.000000 0.100000 0.000000
vn 0.000000 0.100000 0.000000
vn 0.000000 0.100000 0.000000
vn 0.000000 0.100000 0.000000
vn 0.000000 0.100000 0.000000
vn 0.000000 0.100000 0.000000
vn 0.000000 0.100000 0.000000
vn 0.000000 0.100000 0.000000
vn 0.000000 0.100000 0.000000
vn 0.000000 0.100000 0.000000
vn 0.000000 0.100000 0.000000
vn 0.000000 0.100000 0.000000
vn 0.000000 0.100000 0.000000
vn 0.000000 0.100000 0.000000
vn 0.000000 0.100000 0.000000
vn 0.000000 0.100000 0.000000
vn 0.000000 0.100000 0.000000
vn 0.000000 0.100000 0.000000
vn 0.000000 0.100000 0.000000
vn 0.000000 0.100000 0.000000
vn 0.000000 0.100000 0.000000
vn 0.000000 0.100000 0.000000
vn 0.000000 0.100000 0.000000
vn 0.000000 0.100000 0.000000
vn 0.000000 0.100000 0.000000
vn 0.000000 0.100000 0.000000
vn 0.000000 0.100000 0.000000
vn 0.000000 0.100000 0.000000
vn 0.000000 0.100000 0.000000
vn 0.000000 0.100000 0.000000
vn 0.000000 0.100000 0.000000
vn 0.000000 0.100000 0.000000
vn 0.000000 0.100000 0.000000
vn 0.000000 0.100000 0.000000
vn 0.000000 0.100000 0.000000
vn 0.000000 0.100000 0.000000
vn 0.000000 0.100000 0.000000
vn 0.000000 0.100000 0.000000
vn 0.000000 0.100000 0.000000
vn 0.000000 0.100000 0.000000
vn 0.000000 0.100000 0.000000
vn 0.000000 0.100000 0.000000
vn 0.000000 0.100000 0.000000
vn 0.000000 0.100000 0.000000
vn 0.000000 0.100000 0.000000
vn 0.000000 0.100000 0.000000
vn 0.000000 0.100000 0.000000
vn 0.000000 0.100000 0.000000
vn 0.000000 0.100000 0.000000
vn 0.000000 0.100000 0.000000
vn 0.000000 0.100000 0.000000
vn 0.000000 0.100000 0.000000
vn 0.000000 0.100000 0.000000
vn 0.000000 0.100000 0.000000
vn 0.000000 0.100000 0.000000
vn 0.000000 0.100000 0.000000
vn 0.000000 0.100000 0.000000
vn 0.000000 0.100000 0.000000
vn 0.000000 0.100000 0.000000
vn 0.000000 0.100000 0.000000
vn 0.000000 0.100000 0.000000
vn 0.000000 0.100000 0.000000
vn 0.000000 0.100000 0.000000
vn 0.000000 0.100000 0.000000
vn 0.000000 0.100000 0.000000
vn 0.000000 0.100000 0.000000
vn 0.000000 0.100000 0.000000
vn 0.000000 0.100000 0.000000
vn 0.000000 0.100000 0.000000
vn 0.000000 0.100000 0.000000
vn 0.000000 0.100000 0.000000
vn 0.000000 0.100000 0.000000
vn 0.000000 0.100000 0.000000
vn 0.000000 0.100000 0.000000
vn 0.000000 0.100000 0.000000
vn 0.000000 0.100000 0.000000
vn 0.000000 0.100000 0.000000
vn 0.000000 0.100000 0.000000
vn 0.000000 0.100000 0.000000
vn 0.000000 0.100000 0.000000
vn 0.000000 0.100000 0.000000
vn 0.000000 0.100000 0.000000
vn 0.000000 0.100000 0.000000
vn 0.000000 0.100000 0.000000
vn 0.000000 0.100000 0.000000
vn 0.000000 0.100000 0.000000
vn 0.000000 0.100000 0.000000
vn 0.000000 0.100000 0.000000
vn 0.000000 0.100000 0.000000
vn 0.000000 0.100000 0.000000
vn 0.000000 0.100000 0.000000
vn 0.000000 0.100000 0.000000
vn 0.000000 0.100000 0.000000
vn 0.000000 0.100000 0.000000
vn 0.000000 0.100000 0.000000
vn 0.000000 0.100000 0.000000
vn 0.000000 0.100000 0.000000
vn 0.000000 0.100000 0.000000
vn 0.000000 0.100000 0.000000
vn 0.000000 0.100000 0.000000
vn 0.000000 0.100000 0.000000
vn 0.000000 0.100000 0.000000
vn 0.000000 0.100000 0.000000
vn 0.000000 0.100000 0.000000
vn 0.000000 0.100000 0.000000
vn 0.000000 0.100000 0.000000
vn 0.000000 0.100000 0.000000
vn 0.000000 0.100000 0.000000
vn 0.000000 0.100000 0.000000
vn 0.000000 0.100000 0.000000
vn 0.000000 0.100000 0.000000
vn 0.000000 0.100000 0.000000
vn 0.000000 0.100000 0.000000
vn 0.000000 0.100000 0.000000
vn 0.000000 0.100000 0.000000
vn 0.000000 0.100000 0.000000
vn 0.000000 0.100000 0.000000
vn 0.000000 0.100000 0.000000
vn 0.000000 0.100000 0.000000
vn 0.000000 0.100000 0.000000
vn 0.000000 0.100000 0.000000
vn 0.000000 0.100000 0.000000
vn -0.100000 0.000000 0.000000
vn -0.100000 0.000000 0.000000
vn -0.100000 0.000000 0.000000
vn -0.100000 0.000000 0.000000
vn -0.100000 0.000000 0.000000
vn -0.100000 0.000000 0.000000
vn 0.096293 0.026977 0.000000
vn 0.096293 0.026977 0.000000
vn 0.096293 0.026977 0.000000
vn 0.096293 0.026977 0.000000
vn -0.096293 0.026977 0.000000
vn -0.096293 0.026977 0.000000
vn -0.096293 0.026977 0.000000
vn -0.096293 0.026977 0.000000
vn 0.096293 -0.026977 0.000000
vn 0.096293 -0.026977 0.000000
vn 0.096293 -0.026977 0.000000
vn 0.096293 -0.026977 0.000000
vn -0.096293 -0.026977 0.000000
vn -0.096293 -0.026977 0.000000
vn -0.096293 -0.026977 0.000000
vn -0.096293 -0.026977 0.000000
vn 0.000000 0.000000 0.100000
vn 0.000000 0.000000 0.100000
vn 0.000000 0.000000 0.100000
vn 0.000000 0.000000 0.100000
vn 0.000000 0.000000 0.100000
vn 0.000000 0.000000 0.100000
vn 0.000000 0.000000 0.100000
vn 0.000000 0.000000 0.100000
vn 0.000000 0.100000 0.000000
vn 0.000000 0.100000 0.000000
vn 0.000000 0.100000 0.000000
vn 0.000000 0.100000 0.000000
vn 0.000000 -0.100000 0.000000
vn 0.000000 -0.100000 0.000000
vn 0.000000 -0.100000 0.000000
vn 0.000000 -0.100000 0.000000
vn 0.000000 -0.100000 0.000000
vn 0.000000 -0.100000 0.000000
vn 0.000000 -0.100000 0.000000
vn 0.000000 -0.100000 0.000000
vn 0.000000 -0.100000 0.000000
vn 0.000000 -0.100000 0.000000
vn 0.000000 -0.100000 0.000000
vn 0.000000 -0.100000 0.000000
vn 0.000000 -0.100000 0.000000
vn 0.000000 -0.100000 0.000000
vn 0.000000 -0.100000 0.000000
vn 0.000000 -0.100000 0.000000
vn 0.000000 -0.100000 0.000000
vn 0.000000 -0.100000 0.000000
vn 0.000000 0.000000 0.100000
vn 0.000000 0.000000 0.100000
vn 0.000000 0.000000 0.100000
vn 0.000000 0.000000 0.100000
vn 0.000000 0.000000 0.100000
vn 0.000000 0.000000 0.100000
vn 0.000000 0.000000 0.100000
vn 0.000000 0.000000 0.100000
vn 0.000000 0.000000 0.100000
vn 0.000000 0.000000 0.100000
vn 0.000000 0.000000 0.100000
vn 0.000000 0.000000 0.100000
vn -0.100000 0.000000 0.000000
vn -0.100000 0.000000 0.000000
vn -0.100000 0.000000 0.000000
vn -0.100000 0.000000 0.000000
vn 0.100000 0.000000 0.000000
vn 0.100000 0.000000 0.000000
vn 0.100000 0.000000 0.000000
vn 0.100000 0.000000 0.000000
vn 0.000000 0.100000 0.000000
vn 0.000000 0.100000 0.000000
vn 0.000000 0.100000 0.000000
vn 0.000000 0.100000 0.000000
vn 0.100000 0.000000 0.000000
vn 0.100000 0.000000 0.000000
vn 0.100000 0.000000 0.000000
vn 0.100000 0.000000 0.000000
vn 0.100000 0.000000 0.000000
vn 0.100000 0.000000 0.000000
vn 0.000000 0.070711 0.070711
vn 0.000000 0.070711 0.070711
vn 0.000000 0.070711 0.070711
vn 0.000000 0.070711 0.070711
vn 0.000000 0.070711 0.070711
vn 0.000000 0.070711 0.070711
vn 0.000000 0.070711 0.070711
vn 0.000000 0.070711 0.070711
vn 0.100000 0.000000 0.000000
vn 0.100000 0.000000 0.000000
vn 0.100000 0.000000 0.000000
vn 0.100000 0.000000 0.000000
vn -0.100000 0.000000 0.000000
vn -0.100000 0.000000 0.000000
vn -0.100000 0.000000 0.000000
vn -0.100000 0.000000 0.000000
vn 0.000000 0.000000 0.100000
vn 0.000000 0.000000 0.100000
vn 0.000000 0.000000 0.100000
vn 0.000000 0.000000 0.100000
vn 0.000000 0.000000 0.100000
vn 0.000000 0.000000 0.100000
vn 0.000000 0.000000 0.100000
vn 0.000000 0.000000 0.100000
vn 0.000000 0.000000 0.100000
vn 0.000000 0.000000 0.100000
vn 0.000000 0.000000 0.100000
vn 0.000000 0.000000 0.100000
vn 0.000000 0.000000 0.100000
vn 0.000000 0.000000 0.100000
vn 0.000000 0.000000 0.100000
vn 0.000000 0.000000 0.100000
vn 0.000000 0.000000 0.100000
vn 0.000000 0.000000 0.100000
vn 0.000000 0.000000 0.100000
vn 0.000000 0.000000 0.100000
vn 0.000000 0.000000 0.100000
vn 0.000000 0.000000 0.100000
vn 0.000000 0.000000 0.100000
vn 0.000000 0.000000 0.100000
vn 0.000000 0.000000 0.100000
vn 0.000000 0.000000 0.100000
vn 0.000000 0.000000 0.100000
vn 0.000000 0.000000 0.100000
vn 0.079338 -0.060873 0.000000
vn 0.079338 -0.060873 0.000000
vn 0.079338 -0.060873 0.000000
vn 0.079338 -0.060873 0.000000
vn 0.092387 -0.038270 0.000000
vn 0.092387 -0.038270 0.000000
vn 0.092387 -0.038270 0.000000
vn 0.092387 -0.038270 0.000000
vn 0.099145 -0.013052 0.000000
vn 0.099145 -0.013052 0.000000
vn 0.099145 -0.013052 0.000000
vn 0.099145 -0.013052 0.000000
vn 0.099145 0.013052 0.000000
vn 0.099145 0.013052 0.000000
vn 0.099145 0.013052 0.000000
vn 0.099145 0.013052 0.000000
vn 0.092387 0.038271 0.000000
vn 0.092387 0.038271 0.000000
vn 0.092387 0.038271 0.000000
vn 0.092387 0.038271 0.000000
vn 0.079338 0.060873 0.000000
vn 0.079338 0.060873 0.000000
vn 0.079338 0.060873 0.000000
vn 0.079338 0.060873 0.000000
vn 0.060875 0.079336 0.000000
vn 0.060875 0.079336 0.000000
vn 0.060875 0.079336 0.000000
vn 0.060875 0.079336 0.000000
vn 0.038270 0.092387 0.000000
vn 0.038270 0.092387 0.000000
vn 0.038270 0.092387 0.000000
vn 0.038270 0.092387 0.000000
vn 0.013052 0.099145 0.000000
vn 0.013052 0.099145 0.000000
vn 0.013052 0.099145 0.000000
vn 0.013052 0.099145 0.000000
vn -0.013052 0.099145 0.000000
vn -0.013052 0.099145 0.000000
vn -0.013052 0.099145 0.000000
vn -0.013052 0.099145 0.000000
vn -0.038271 0.092387 0.000000
vn -0.038271 0.092387 0.000000
vn -0.038271 0.092387 0.000000
vn -0.038271 0.092387 0.000000
vn -0.060875 0.079336 0.000000
vn -0.060875 0.079336 0.000000
vn -0.060875 0.079336 0.000000
vn -0.060875 0.079336 0.000000
vn -0.079336 0.060875 0.000000
vn -0.079336 0.060875 0.000000
vn -0.079336 0.060875 0.000000
vn -0.079336 0.060875 0.000000
vn -0.092387 0.038271 0.000000
vn -0.092387 0.038271 0.000000
vn -0.092387 0.038271 0.000000
vn -0.092387 0.038271 0.000000
vn -0.099145 0.013052 0.000000
vn -0.099145 0.013052 0.000000
vn -0.099145 0.013052 0.000000
vn -0.099145 0.013052 0.000000
vn -0.099145 -0.013052 0.000000
vn -0.099145 -0.013052 0.000000
vn -0.099145 -0.013052 0.000000
vn -0.099145 -0.013052 0.000000
vn -0.092387 -0.038270 0.000000
vn -0.092387 -0.038270 0.000000
vn -0.092387 -0.038270 0.000000
vn -0.092387 -0.038270 0.000000
vn -0.079336 -0.060875 0.000000
vn -0.079336 -0.060875 0.000000
vn -0.079336 -0.060875 0.000000
vn -0.079336 -0.060875 0.000000
vn -0.060873 -0.079338 0.000000
vn -0.060873 -0.079338 0.000000
vn -0.060873 -0.079338 0.000000
vn -0.060873 -0.079338 0.000000
vn -0.038271 -0.092387 0.000000
vn -0.038271 -0.092387 0.000000
vn -0.038271 -0.092387 0.000000
vn -0.038271 -0.092387 0.000000
vn -0.013052 -0.099145 0.000000
vn -0.013052 -0.099145 0.000000
vn -0.013052 -0.099145 0.000000
vn -0.013052 -0.099145 0.000000
vn 0.013052 -0.099145 0.000000
vn 0.013052 -0.099145 0.000000
vn 0.013052 -0.099145 0.000000
vn 0.013052 -0.099145 0.000000
vn 0.038270 -0.092387 0.000000
vn 0.038270 -0.092387 0.000000
vn 0.038270 -0.092387 0.000000
vn 0.038270 -0.092387 0.000000
vn 0.060873 -0.079338 0.000000
vn 0.060873 -0.079338 0.000000
vn 0.060873 -0.079338 0.000000
vn 0.060873 -0.079338 0.000000
vn 0.000000 0.000000 0.100000
vn 0.000000 0.000000 0.100000
vn 0.000000 0.000000 0.100000
vn 0.000000 0.000000 0.100000
vn 0.000000 0.000000 0.100000
vn 0.000000 0.000000 0.100000
vn 0.000000 0.000000 0.100000
vn 0.000000 0.000000 0.100000
vn 0.000000 0.000000 0.100000
vn 0.000000 0.000000 0.100000
vn 0.000000 0.000000 0.100000
vn 0.000000 0.000000 0.100000
vn 0.000000 0.000000 0.100000
vn 0.000000 0.000000 0.100000
vn 0.000000 0.000000 0.100000
vn 0.000000 0.000000 0.100000
vn 0.000000 0.000000 0.100000
vn 0.000000 0.000000 0.100000
vn 0.000000 0.000000 0.100000
vn 0.000000 0.000000 0.100000
vn 0.000000 0.000000 0.100000
vn 0.000000 0.000000 0.100000
vn 0.000000 0.000000 0.100000
vn 0.000000 0.000000 0.100000
vn 0.050747 -0.086167 0.000000
vn 0.050747 -0.086167 0.000000
vn 0.050747 -0.086167 0.000000
vn 0.050747 -0.086167 0.000000
vn 0.071321 -0.070095 0.000000
vn 0.071321 -0.070095 0.000000
vn 0.071321 -0.070095 0.000000
vn 0.071321 -0.070095 0.000000
vn 0.087031 -0.049251 0.000000
vn 0.087031 -0.049251 0.000000
vn 0.087031 -0.049251 0.000000
vn 0.087031 -0.049251 0.000000
vn 0.096814 -0.025042 0.000000
vn 0.096814 -0.025042 0.000000
vn 0.096814 -0.025042 0.000000
vn 0.096814 -0.025042 0.000000
vn 0.099996 0.000864 0.000000
vn 0.099996 0.000864 0.000000
vn 0.099996 0.000864 0.000000
vn 0.099996 0.000864 0.000000
vn 0.096365 0.026716 0.000000
vn 0.096365 0.026716 0.000000
vn 0.096365 0.026716 0.000000
vn 0.096365 0.026716 0.000000
vn 0.086166 0.050748 0.000000
vn 0.086166 0.050748 0.000000
vn 0.086166 0.050748 0.000000
vn 0.086166 0.050748 0.000000
vn 0.070096 0.071320 0.000000
vn 0.070096 0.071320 0.000000
vn 0.070096 0.071320 0.000000
vn 0.070096 0.071320 0.000000
vn 0.049248 0.087032 0.000000
vn 0.049248 0.087032 0.000000
vn 0.049248 0.087032 0.000000
vn 0.049248 0.087032 0.000000
vn 0.025047 0.096812 0.000000
vn 0.025047 0.096812 0.000000
vn 0.025047 0.096812 0.000000
vn 0.025047 0.096812 0.000000
vn -0.000869 0.099996 0.000000
vn -0.000869 0.099996 0.000000
vn -0.000869 0.099996 0.000000
vn -0.000869 0.099996 0.000000
vn -0.026718 0.096365 0.000000
vn -0.026718 0.096365 0.000000
vn -0.026718 0.096365 0.000000
vn -0.026718 0.096365 0.000000
vn -0.050747 0.086167 0.000000
vn -0.050747 0.086167 0.000000
vn -0.050747 0.086167 0.000000
vn -0.050747 0.086167 0.000000
vn -0.071320 0.070096 0.000000
vn -0.071320 0.070096 0.000000
vn -0.071320 0.070096 0.000000
vn -0.071320 0.070096 0.000000
vn -0.087031 0.049251 0.000000
vn -0.087031 0.049251 0.000000
vn -0.087031 0.049251 0.000000
vn -0.087031 0.049251 0.000000
vn -0.096814 0.025042 0.000000
vn -0.096814 0.025042 0.000000
vn -0.096814 0.025042 0.000000
vn -0.096814 0.025042 0.000000
vn -0.099996 -0.000864 0.000000
vn -0.099996 -0.000864 0.000000
vn -0.099996 -0.000864 0.000000
vn -0.099996 -0.000864 0.000000
vn -0.096365 -0.026716 0.000000
vn -0.096365 -0.026716 0.000000
vn -0.096365 -0.026716 0.000000
vn -0.096365 -0.026716 0.000000
vn -0.086166 -0.050748 0.000000
vn -0.086166 -0.050748 0.000000
vn -0.086166 -0.050748 0.000000
vn -0.086166 -0.050748 0.000000
vn -0.070095 -0.071321 0.000000
vn -0.070095 -0.071321 0.000000
vn -0.070095 -0.071321 0.000000
vn -0.070095 -0.071321 0.000000
vn -0.049250 -0.087031 0.000000
vn -0.049250 -0.087031 0.000000
vn -0.049250 -0.087031 0.000000
vn -0.049250 -0.087031 0.000000
vn -0.025045 -0.096813 0.000000
vn -0.025045 -0.096813 0.000000
vn -0.025045 -0.096813 0.000000
vn -0.025045 -0.096813 0.000000
vn 0.000866 -0.099996 0.000000
vn 0.000866 -0.099996 0.000000
vn 0.000866 -0.099996 0.000000
vn 0.000866 -0.099996 0.000000
vn 0.026716 -0.096365 0.000000
vn 0.026716 -0.096365 0.000000
vn 0.026716 -0.096365 0.000000
vn 0.026716 -0.096365 0.000000
usemtl Polymide_(Kapton)
f 1/1/1 2/2/2 65/3/3
f 65/3/3 2/2/2 64/4/4
f 64/4/4 2/2/2 3/5/5
f 64/4/4 3/5/5 63/6/6
f 63/6/6 3/5/5 4/7/7
f 63/6/6 4/7/7 62/8/8
f 62/8/8 4/7/7 5/9/9
f 62/8/8 5/9/9 61/10/10
f 61/10/10 5/9/9 6/11/11
f 61/10/10 6/11/11 60/12/12
f 60/12/12 6/11/11 7/13/13
f 60/12/12 7/13/13 59/14/14
f 59/14/14 7/13/13 8/15/15
f 59/14/14 8/15/15 58/16/16
f 58/16/16 8/15/15 9/17/17
f 58/16/16 9/17/17 57/18/18
f 57/18/18 9/17/17 10/19/19
f 57/18/18 10/19/19 56/20/20
f 56/20/20 10/19/19 11/21/21
f 56/20/20 11/21/21 55/22/22
f 55/22/22 11/21/21 12/23/23
f 55/22/22 12/23/23 54/24/24
f 54/24/24 12/23/23 13/25/25
f 54/24/24 13/25/25 53/26/26
f 53/26/26 13/25/25 14/27/27
f 53/26/26 14/27/27 52/28/28
f 52/28/28 14/27/27 15/29/29
f 52/28/28 15/29/29 51/30/30
f 51/30/30 15/29/29 16/31/31
f 51/30/30 16/31/31 50/32/32
f 50/32/32 16/31/31 17/33/33
f 50/32/32 17/33/33 49/34/34
f 49/34/34 17/33/33 18/35/35
f 49/34/34 18/35/35 48/36/36
f 48/36/36 18/35/35 19/37/37
f 48/36/36 19/37/37 47/38/38
f 47/38/38 19/37/37 20/39/39
f 47/38/38 20/39/39 46/40/40
f 46/40/40 20/39/39 21/41/41
f 46/40/40 21/41/41 45/42/42
f 45/42/42 21/41/41 22/43/43
f 45/42/42 22/43/43 44/44/44
f 44/44/44 22/43/43 23/45/45
f 44/44/44 23/45/45 43/46/46
f 43/46/46 23/45/45 24/47/47
f 43/46/46 24/47/47 42/48/48
f 42/48/48 24/47/47 25/49/49
f 42/48/48 25/49/49 41/50/50
f 41/50/50 25/49/49 26/51/51
f 41/50/50 26/51/51 40/52/52
f 40/52/52 26/51/51 27/53/53
f 40/52/52 27/53/53 39/54/54
f 39/54/54 27/53/53 28/55/55
f 39/54/54 28/55/55 38/56/56
f 38/56/56 28/55/55 29/57/57
f 38/56/56 29/57/57 37/58/58
f 37/58/58 29/57/57 30/59/59
f 37/58/58 30/59/59 36/60/60
f 36/60/60 30/59/59 31/61/61
f 36/60/60 31/61/61 35/62/62
f 35/62/62 31/61/61 32/63/63
f 35/62/62 32/63/63 34/64/64
f 34/64/64 32/63/63 33/65/65
f 66/66/66 67/67/67 130/68/68
f 130/68/68 67/67/67 129/69/69
f 129/69/69 67/67/67 68/70/70
f 129/69/69 68/70/70 128/71/71
f 128/71/71 68/70/70 69/72/72
f 128/71/71 69/72/72 127/73/73
f 127/73/73 69/72/72 70/74/74
f 127/73/73 70/74/74 126/75/75
f 126/75/75 70/74/74 71/76/76
f 126/75/75 71/76/76 125/77/77
f 125/77/77 71/76/76 72/78/78
f 125/77/77 72/78/78 124/79/79
f 124/79/79 72/78/78 73/80/80
f 124/79/79 73/80/80 123/81/81
f 123/81/81 73/80/80 74/82/82
f 123/81/81 74/82/82 122/83/83
f 122/83/83 74/82/82 75/84/84
f 122/83/83 75/84/84 121/85/85
f 121/85/85 75/84/84 76/86/86
f 121/85/85 76/86/86 120/87/87
f 120/87/87 76/86/86 77/88/88
f 120/87/87 77/88/88 119/89/89
f 119/89/89 77/88/88 78/90/90
f 119/89/89 78/90/90 118/91/91
f 118/91/91 78/90/90 79/92/92
f 118/91/91 79/92/92 117/93/93
f 117/93/93 79/92/92 80/94/94
f 117/93/93 80/94/94 116/95/95
f 116/95/95 80/94/94 81/96/96
f 116/95/95 81/96/96 115/97/97
f 115/97/97 81/96/96 82/98/98
f 115/97/97 82/98/98 114/99/99
f 114/99/99 82/98/98 83/100/100
f 114/99/99 83/100/100 113/101/101
f 113/101/101 83/100/100 84/102/102
f 113/101/101 84/102/102 112/103/103
f 112/103/103 84/102/102 85/104/104
f 112/103/103 85/104/104 111/105/105
f 111/105/105 85/104/104 86/106/106
f 111/105/105 86/106/106 110/107/107
f 110/107/107 86/106/106 87/108/108
f 110/107/107 87/108/108 109/109/109
f 109/109/109 87/108/108 88/110/110
f 109/109/109 88/110/110 108/111/111
f 108/111/111 88/110/110 89/112/112
f 108/111/111 89/112/112 107/113/113
f 107/113/113 89/112/112 90/114/114
f 107/113/113 90/114/114 106/115/115
f 106/115/115 90/114/114 91/116/116
f 106/115/115 91/116/116 105/117/117
f 105/117/117 91/116/116 92/118/118
f 105/117/117 92/118/118 104/119/119
f 104/119/119 92/118/118 93/120/120
f 104/119/119 93/120/120 103/121/121
f 103/121/121 93/120/120 94/122/122
f 103/121/121 94/122/122 102/123/123
f 102/123/123 94/122/122 95/124/124
f 102/123/123 95/124/124 101/125/125
f 101/125/125 95/124/124 96/126/126
f 101/125/125 96/126/126 100/127/127
f 100/127/127 96/126/126 97/128/128
f 100/127/127 97/128/128 99/129/129
f 99/129/129 97/128/128 98/130/130
f 132/131/131 114/132/132 131/133/133
f 131/133/133 114/132/132 113/134/134
f 131/133/133 113/134/134 112/135/135
f 133/136/136 122/137/137 132/131/131
f 132/131/131 122/137/137 121/138/138
f 132/131/131 121/138/138 120/139/139
f 130/140/140 129/141/141 133/136/136
f 133/136/136 129/141/141 128/142/142
f 133/136/136 128/142/142 127/143/143
f 127/143/143 126/144/144 133/136/136
f 133/136/136 126/144/144 125/145/145
f 133/136/136 125/145/145 124/146/146
f 124/146/146 123/147/147 133/136/136
f 133/136/136 123/147/147 122/137/137
f 120/139/139 119/148/148 132/131/131
f 132/131/131 119/148/148 118/149/149
f 132/131/131 118/149/149 117/150/150
f 117/150/150 116/151/151 132/131/131
f 132/131/131 116/151/151 115/152/152
f 132/131/131 115/152/152 114/132/132
f 112/135/135 111/153/153 131/133/133
f 131/133/133 111/153/153 110/154/154
f 131/133/133 110/154/154 109/155/155
f 109/155/155 108/156/156 131/133/133
f 131/133/133 108/156/156 107/157/157
f 131/133/133 107/157/157 134/158/158
f 134/158/158 107/157/157 106/159/159
f 134/158/158 106/159/159 105/160/160
f 105/160/160 104/161/161 134/158/158
f 134/158/158 104/161/161 103/162/162
f 134/158/158 103/162/162 102/163/163
f 102/163/163 101/164/164 134/158/158
f 134/158/158 101/164/164 100/165/165
f 134/158/158 100/165/165 99/166/166
f 136/167/167 50/168/168 135/169/169
f 135/169/169 50/168/168 49/170/170
f 135/169/169 49/170/170 48/171/171
f 137/172/172 57/173/173 136/167/167
f 136/167/167 57/173/173 56/174/174
f 136/167/167 56/174/174 55/175/175
f 65/176/176 64/177/177 137/172/172
f 137/172/172 64/177/177 63/178/178
f 137/172/172 63/178/178 62/179/179
f 62/179/179 61/180/180 137/172/172
f 137/172/172 61/180/180 60/181/181
f 137/172/172 60/181/181 59/182/182
f 59/182/182 58/183/183 137/172/172
f 137/172/172 58/183/183 57/173/173
f 55/175/175 54/184/184 136/167/167
f 136/167/167 54/184/184 53/185/185
f 136/167/167 53/185/185 52/186/186
f 52/186/186 51/187/187 136/167/167
f 136/167/167 51/187/187 50/168/168
f 48/171/171 47/188/188 135/169/169
f 135/169/169 47/188/188 46/189/189
f 135/169/169 46/189/189 45/190/190
f 45/190/190 44/191/191 135/169/169
f 135/169/169 44/191/191 43/192/192
f 135/169/169 43/192/192 42/193/193
f 135/169/169 42/193/193 138/194/194
f 138/194/194 42/193/193 41/195/195
f 138/194/194 41/195/195 40/196/196
f 40/196/196 39/197/197 138/194/194
f 138/194/194 39/197/197 38/198/198
f 138/194/194 38/198/198 37/199/199
f 37/199/199 36/200/200 138/194/194
f 138/194/194 36/200/200 35/201/201
f 138/194/194 35/201/201 34/202/202
f 139/203/203 140/204/204 138/205/205
f 138/205/205 140/204/204 135/206/206
f 142/207/207 133/208/208 141/209/209
f 141/209/209 133/208/208 132/210/210
f 144/211/211 8/212/212 143/213/213
f 143/213/213 8/212/212 7/214/214
f 143/213/213 7/214/214 178/215/215
f 178/215/215 7/214/214 6/216/216
f 178/215/215 6/216/216 177/217/217
f 177/217/217 6/216/216 5/218/218
f 177/217/217 5/218/218 176/219/219
f 176/219/219 5/218/218 4/220/220
f 176/219/219 4/220/220 175/221/221
f 175/221/221 4/220/220 3/222/222
f 175/221/221 3/222/222 174/223/223
f 174/223/223 3/222/222 2/224/224
f 174/223/223 2/224/224 173/225/225
f 173/225/225 2/224/224 1/226/226
f 173/225/225 1/226/226 172/227/227
f 172/227/227 1/226/226 171/228/228
f 171/228/228 1/226/226 170/229/229
f 170/229/229 1/226/226 33/230/230
f 170/229/229 33/230/230 169/231/231
f 169/231/231 33/230/230 168/232/232
f 168/232/232 33/230/230 167/233/233
f 167/233/233 33/230/230 32/234/234
f 167/233/233 32/234/234 166/235/235
f 166/235/235 32/234/234 31/236/236
f 166/235/235 31/236/236 165/237/237
f 165/237/237 31/236/236 30/238/238
f 165/237/237 30/238/238 164/239/239
f 164/239/239 30/238/238 29/240/240
f 164/239/239 29/240/240 163/241/241
f 163/241/241 29/240/240 28/242/242
f 163/241/241 28/242/242 162/243/243
f 162/243/243 28/242/242 27/244/244
f 162/243/243 27/244/244 161/245/245
f 161/245/245 27/244/244 26/246/246
f 161/245/245 26/246/246 160/247/247
f 160/247/247 26/246/246 25/248/248
f 160/247/247 25/248/248 159/249/249
f 159/249/249 25/248/248 24/250/250
f 159/249/249 24/250/250 158/251/251
f 158/251/251 24/250/250 23/252/252
f 158/251/251 23/252/252 157/253/253
f 157/253/253 23/252/252 22/254/254
f 157/253/253 22/254/254 156/255/255
f 156/255/255 22/254/254 21/256/256
f 156/255/255 21/256/256 155/257/257
f 155/257/257 21/256/256 20/258/258
f 155/257/257 20/258/258 154/259/259
f 154/259/259 20/258/258 19/260/260
f 154/259/259 19/260/260 153/261/261
f 153/261/261 19/260/260 18/262/262
f 153/261/261 18/262/262 152/263/263
f 152/263/263 18/262/262 17/264/264
f 152/263/263 17/264/264 16/265/265
f 8/212/212 144/211/211 9/266/266
f 9/266/266 144/211/211 145/267/267
f 9/266/266 145/267/267 10/268/268
f 10/268/268 145/267/267 146/269/269
f 10/268/268 146/269/269 11/270/270
f 11/270/270 146/269/269 147/271/271
f 11/270/270 147/271/271 12/272/272
f 12/272/272 147/271/271 148/273/273
f 12/272/272 148/273/273 13/274/274
f 13/274/274 148/273/273 149/275/275
f 13/274/274 149/275/275 14/276/276
f 14/276/276 149/275/275 150/277/277
f 14/276/276 150/277/277 15/278/278
f 15/278/278 150/277/277 151/279/279
f 15/278/278 151/279/279 16/265/265
f 16/265/265 151/279/279 152/263/263
f 180/280/280 92/281/281 179/282/282
f 179/282/282 92/281/281 91/283/283
f 179/282/282 91/283/283 214/284/284
f 214/284/284 91/283/283 90/285/285
f 214/284/284 90/285/285 213/286/286
f 213/286/286 90/285/285 89/287/287
f 213/286/286 89/287/287 212/288/288
f 212/288/288 89/287/287 88/289/289
f 212/288/288 88/289/289 211/290/290
f 211/290/290 88/289/289 87/291/291
f 211/290/290 87/291/291 210/292/292
f 210/292/292 87/291/291 86/293/293
f 210/292/292 86/293/293 209/294/294
f 209/294/294 86/293/293 85/295/295
f 209/294/294 85/295/295 208/296/296
f 208/296/296 85/295/295 84/297/297
f 208/296/296 84/297/297 207/298/298
f 207/298/298 84/297/297 83/299/299
f 207/298/298 83/299/299 206/300/300
f 206/300/300 83/299/299 82/301/301
f 206/300/300 82/301/301 81/302/302
f 92/281/281 180/280/280 93/303/303
f 93/303/303 180/280/280 181/304/304
f 93/303/303 181/304/304 94/305/305
f 94/305/305 181/304/304 182/306/306
f 94/305/305 182/306/306 95/307/307
f 95/307/307 182/306/306 183/308/308
f 95/307/307 183/308/308 96/309/309
f 96/309/309 183/308/308 184/310/310
f 96/309/309 184/310/310 97/311/311
f 97/311/311 184/310/310 185/312/312
f 97/311/311 185/312/312 98/313/313
f 98/313/313 185/312/312 186/314/314
f 98/313/313 186/314/314 187/315/315
f 187/315/315 188/316/316 98/313/313
f 98/313/313 188/316/316 66/317/317
f 66/317/317 188/316/316 189/318/318
f 66/317/317 189/318/318 190/319/319
f 190/319/319 191/320/320 66/317/317
f 66/317/317 191/320/320 67/321/321
f 67/321/321 191/320/320 192/322/322
f 67/321/321 192/322/322 68/323/323
f 68/323/323 192/322/322 193/324/324
f 68/323/323 193/324/324 69/325/325
f 69/325/325 193/324/324 194/326/326
f 69/325/325 194/326/326 70/327/327
f 70/327/327 194/326/326 195/328/328
f 70/327/327 195/328/328 71/329/329
f 71/329/329 195/328/328 196/330/330
f 71/329/329 196/330/330 72/331/331
f 72/331/331 196/330/330 197/332/332
f 72/331/331 197/332/332 73/333/333
f 73/333/333 197/332/332 198/334/334
f 73/333/333 198/334/334 74/335/335
f 74/335/335 198/334/334 199/336/336
f 74/335/335 199/336/336 75/337/337
f 75/337/337 199/336/336 200/338/338
f 75/337/337 200/338/338 76/339/339
f 76/339/339 200/338/338 201/340/340
f 76/339/339 201/340/340 77/341/341
f 77/341/341 201/340/340 202/342/342
f 77/341/341 202/342/342 78/343/343
f 78/343/343 202/342/342 203/344/344
f 78/343/343 203/344/344 79/345/345
f 79/345/345 203/344/344 204/346/346
f 79/345/345 204/346/346 80/347/347
f 80/347/347 204/346/346 205/348/348
f 80/347/347 205/348/348 81/302/302
f 81/302/302 205/348/348 206/300/300
f 215/349/349 216/350/350 254/351/351
f 254/351/351 216/350/350 253/352/352
f 253/352/352 216/350/350 252/353/353
f 252/353/353 216/350/350 251/354/354
f 251/354/354 216/350/350 250/355/355
f 250/355/355 216/350/350 249/356/356
f 249/356/356 216/350/350 248/357/357
f 248/357/357 216/350/350 247/358/358
f 247/358/358 216/350/350 246/359/359
f 246/359/359 216/350/350 245/360/360
f 245/360/360 216/350/350 244/361/361
f 244/361/361 216/350/350 243/362/362
f 243/362/362 216/350/350 217/363/363
f 243/362/362 217/363/363 242/364/364
f 242/364/364 217/363/363 241/365/365
f 241/365/365 217/363/363 240/366/366
f 240/366/366 217/363/363 239/367/367
f 239/367/367 217/363/363 238/368/368
f 238/368/368 217/363/363 218/369/369
f 238/368/368 218/369/369 237/370/370
f 237/370/370 218/369/369 236/371/371
f 236/371/371 218/369/369 235/372/372
f 235/372/372 218/369/369 234/373/373
f 234/373/373 218/369/369 233/374/374
f 233/374/374 218/369/369 232/375/375
f 232/375/375 218/369/369 231/376/376
f 231/376/376 218/369/369 219/377/377
f 231/376/376 219/377/377 230/378/378
f 230/378/378 219/377/377 229/379/379
f 229/379/379 219/377/377 228/380/380
f 228/380/380 219/377/377 227/381/381
f 227/381/381 219/377/377 226/382/382
f 226/382/382 219/377/377 225/383/383
f 225/383/383 219/377/377 224/384/384
f 224/384/384 219/377/377 223/385/385
f 223/385/385 219/377/377 222/386/386
f 222/386/386 219/377/377 221/387/387
f 221/387/387 219/377/377 220/388/388
f 220/388/388 219/377/377 215/349/349
f 141/389/389 140/390/390 142/391/391
f 142/391/391 140/390/390 139/392/392
f 142/391/391 139/392/392 267/393/393
f 267/393/393 139/392/392 255/394/394
f 267/393/393 255/394/394 262/395/395
f 262/395/395 255/394/394 261/396/396
f 261/396/396 255/394/394 260/397/397
f 260/397/397 255/394/394 256/398/398
f 260/397/397 256/398/398 259/399/399
f 259/399/399 256/398/398 257/400/400
f 259/399/399 257/400/400 258/401/401
f 262/395/395 263/402/402 267/393/393
f 267/393/393 263/402/402 266/403/403
f 266/403/403 263/402/402 219/404/404
f 266/403/403 219/404/404 265/405/405
f 265/405/405 219/404/404 264/406/406
f 264/406/406 219/404/404 218/407/407
f 178/408/408 269/409/409 143/410/410
f 143/410/410 269/409/409 268/411/411
f 143/412/410 268/413/411 144/414/412
f 144/414/412 268/413/411 303/415/413
f 144/414/412 303/415/413 145/416/414
f 145/416/414 303/415/413 302/417/415
f 145/416/414 302/417/415 146/418/416
f 146/418/416 302/417/415 301/419/417
f 146/418/416 301/419/417 147/420/418
f 147/420/418 301/419/417 300/421/419
f 147/420/418 300/421/419 148/422/420
f 148/422/420 300/421/419 299/423/421
f 148/422/420 299/423/421 149/424/422
f 149/424/422 299/423/421 298/425/423
f 149/424/422 298/425/423 150/426/424
f 150/426/424 298/425/423 297/427/425
f 150/426/424 297/427/425 151/428/426
f 151/428/426 297/427/425 296/429/427
f 151/428/426 296/429/427 152/430/428
f 152/430/428 296/429/427 295/431/429
f 152/430/428 295/431/429 153/432/430
f 153/432/430 295/431/429 294/433/431
f 153/432/430 294/433/431 154/434/432
f 154/434/432 294/433/431 293/435/433
f 154/434/432 293/435/433 155/436/434
f 155/436/434 293/435/433 292/437/435
f 155/436/434 292/437/435 156/438/436
f 156/438/436 292/437/435 291/439/437
f 156/438/436 291/439/437 157/440/438
f 157/440/438 291/439/437 290/441/439
f 157/440/438 290/441/439 158/442/440
f 158/442/440 290/441/439 289/443/441
f 158/442/440 289/443/441 159/444/442
f 159/444/442 289/443/441 288/445/443
f 159/444/442 288/445/443 160/446/444
f 160/446/444 288/445/443 287/447/445
f 160/446/444 287/447/445 161/448/446
f 161/448/446 287/447/445 286/449/447
f 161/448/446 286/449/447 162/450/448
f 162/450/448 286/449/447 285/451/449
f 162/450/448 285/451/449 163/452/450
f 163/452/450 285/451/449 284/453/451
f 163/452/450 284/453/451 164/454/452
f 164/454/452 284/453/451 283/455/453
f 164/454/452 283/455/453 165/456/454
f 165/456/454 283/455/453 282/457/455
f 165/456/454 282/457/455 166/458/456
f 166/458/456 282/457/455 281/459/457
f 166/458/456 281/459/457 167/460/458
f 167/460/458 281/459/457 280/461/459
f 167/460/458 280/461/459 168/462/460
f 168/462/460 280/461/459 279/463/461
f 168/462/460 279/463/461 169/464/462
f 169/464/462 279/463/461 278/465/463
f 169/464/462 278/465/463 170/466/464
f 170/466/464 278/465/463 277/467/465
f 170/466/464 277/467/465 171/468/466
f 171/468/466 277/467/465 276/469/467
f 171/468/466 276/469/467 172/470/468
f 172/470/468 276/469/467 275/471/469
f 172/470/468 275/471/469 173/472/470
f 173/472/470 275/471/469 274/473/471
f 173/472/470 274/473/471 174/474/472
f 174/474/472 274/473/471 273/475/473
f 174/474/472 273/475/473 175/476/474
f 175/476/474 273/475/473 272/477/475
f 175/476/474 272/477/475 176/478/476
f 176/478/476 272/477/475 271/479/477
f 176/478/476 271/479/477 177/480/478
f 177/480/478 271/479/477 270/481/479
f 177/480/478 270/481/479 178/408/408
f 178/408/408 270/481/479 269/409/409
f 214/482/480 303/415/413 179/483/481
f 179/483/481 303/415/413 268/413/411
f 179/484/481 268/411/411 180/485/482
f 180/485/482 268/411/411 269/409/409
f 180/485/482 269/409/409 181/486/483
f 181/486/483 269/409/409 270/481/479
f 181/486/483 270/481/479 182/487/484
f 182/487/484 270/481/479 271/479/477
f 182/487/484 271/479/477 183/488/485
f 183/488/485 271/479/477 272/477/475
f 183/488/485 272/477/475 184/489/486
f 184/489/486 272/477/475 273/475/473
f 184/489/486 273/475/473 185/490/487
f 185/490/487 273/475/473 274/473/471
f 185/490/487 274/473/471 186/491/488
f 186/491/488 274/473/471 275/471/469
f 186/491/488 275/471/469 187/492/489
f 187/492/489 275/471/469 276/469/467
f 187/492/489 276/469/467 188/493/490
f 188/493/490 276/469/467 277/467/465
f 188/493/490 277/467/465 189/494/491
f 189/494/491 277/467/465 278/465/463
f 189/494/491 278/465/463 190/495/492
f 190/495/492 278/465/463 279/463/461
f 190/495/492 279/463/461 191/496/493
f 191/496/493 279/463/461 280/461/459
f 191/496/493 280/461/459 192/497/494
f 192/497/494 280/461/459 281/459/457
f 192/497/494 281/459/457 193/498/495
f 193/498/495 281/459/457 282/457/455
f 193/498/495 282/457/455 194/499/496
f 194/499/496 282/457/455 283/455/453
f 194/499/496 283/455/453 195/500/497
f 195/500/497 283/455/453 284/453/451
f 195/500/497 284/453/451 196/501/498
f 196/501/498 284/453/451 285/451/449
f 196/501/498 285/451/449 197/502/499
f 197/502/499 285/451/449 286/449/447
f 197/502/499 286/449/447 198/503/500
f 198/503/500 286/449/447 287/447/445
f 198/503/500 287/447/445 199/504/501
f 199/504/501 287/447/445 288/445/443
f 199/504/501 288/445/443 200/505/502
f 200/505/502 288/445/443 289/443/441
f 200/505/502 289/443/441 201/506/503
f 201/506/503 289/443/441 290/441/439
f 201/506/503 290/441/439 202/507/504
f 202/507/504 290/441/439 291/439/437
f 202/507/504 291/439/437 203/508/505
f 203/508/505 291/439/437 292/437/435
f 203/508/505 292/437/435 204/509/506
f 204/509/506 292/437/435 293/435/433
f 204/509/506 293/435/433 205/510/507
f 205/510/507 293/435/433 294/433/431
f 205/510/507 294/433/431 206/511/508
f 206/511/508 294/433/431 295/431/429
f 206/511/508 295/431/429 207/512/509
f 207/512/509 295/431/429 296/429/427
f 207/512/509 296/429/427 208/513/510
f 208/513/510 296/429/427 297/427/425
f 208/513/510 297/427/425 209/514/511
f 209/514/511 297/427/425 298/425/423
f 209/514/511 298/425/423 210/515/512
f 210/515/512 298/425/423 299/423/421
f 210/515/512 299/423/421 211/516/513
f 211/516/513 299/423/421 300/421/419
f 211/516/513 300/421/419 212/517/514
f 212/517/514 300/421/419 301/419/417
f 212/517/514 301/419/417 213/518/515
f 213/518/515 301/419/417 302/417/415
f 213/518/515 302/417/415 214/482/480
f 214/482/480 302/417/415 303/415/413
f 1/519/516 255/520/517 33/521/518
f 33/521/518 255/520/517 139/522/519
f 33/521/518 139/522/519 138/523/520
f 65/524/521 304/525/522 1/519/516
f 1/519/516 304/525/522 305/526/523
f 1/519/516 305/526/523 255/520/517
f 65/524/521 137/527/524 304/525/522
f 138/523/520 34/528/525 33/521/518
f 140/529/526 141/530/527 135/531/528
f 135/531/528 141/530/527 132/532/529
f 135/531/528 132/532/529 131/533/530
f 131/533/530 136/534/531 135/531/528
f 136/535/532 131/536/533 137/537/534
f 137/537/534 131/536/533 134/538/535
f 137/537/534 134/538/535 304/539/536
f 304/539/536 134/538/535 306/540/537
f 304/539/536 306/540/537 305/541/538
f 305/541/538 306/540/537 307/542/539
f 305/541/538 307/542/539 311/543/540
f 311/543/540 307/542/539 308/544/541
f 311/543/540 308/544/541 310/545/542
f 310/545/542 308/544/541 309/546/543
f 311/543/540 312/547/544 305/541/538
f 305/541/538 312/547/544 315/548/545
f 315/548/545 312/547/544 313/549/546
f 315/548/545 313/549/546 314/550/547
f 317/551/548 356/552/549 316/553/550
f 316/553/550 356/552/549 352/554/551
f 316/555/550 352/556/551 351/557/552
f 351/557/552 352/556/551 492/558/553
f 351/557/552 492/558/553 350/559/554
f 350/559/554 492/558/553 488/560/555
f 350/559/554 488/560/555 349/561/556
f 349/561/556 488/560/555 484/562/557
f 349/561/556 484/562/557 348/563/558
f 348/563/558 484/562/557 480/564/559
f 348/563/558 480/564/559 347/565/560
f 347/565/560 480/564/559 476/566/561
f 347/565/560 476/566/561 346/567/562
f 346/567/562 476/566/561 472/568/563
f 346/567/562 472/568/563 345/569/564
f 345/569/564 472/568/563 468/570/565
f 345/569/564 468/570/565 344/571/566
f 344/571/566 468/570/565 464/572/567
f 344/571/566 464/572/567 343/573/568
f 343/573/568 464/572/567 460/574/569
f 343/573/568 460/574/569 342/575/570
f 342/575/570 460/574/569 456/576/571
f 342/575/570 456/576/571 341/577/572
f 341/577/572 456/576/571 452/578/573
f 341/577/572 452/578/573 340/579/574
f 340/579/574 452/578/573 448/580/575
f 340/579/574 448/580/575 339/581/576
f 339/581/576 448/580/575 444/582/577
f 339/581/576 444/582/577 338/583/578
f 338/583/578 444/582/577 440/584/579
f 338/583/578 440/584/579 337/585/580
f 337/585/580 440/584/579 436/586/581
f 337/585/580 436/586/581 336/587/582
f 336/587/582 436/586/581 432/588/583
f 336/587/582 432/588/583 335/589/584
f 335/589/584 432/588/583 428/590/585
f 335/589/584 428/590/585 334/591/586
f 334/591/586 428/590/585 424/592/587
f 334/591/586 424/592/587 333/593/588
f 333/593/588 424/592/587 420/594/589
f 333/593/588 420/594/589 332/595/590
f 332/595/590 420/594/589 416/596/591
f 332/595/590 416/596/591 331/597/592
f 331/597/592 416/596/591 412/598/593
f 331/597/592 412/598/593 330/599/594
f 330/599/594 412/598/593 408/600/595
f 330/599/594 408/600/595 329/601/596
f 329/601/596 408/600/595 404/602/597
f 329/601/596 404/602/597 328/603/598
f 328/603/598 404/602/597 400/604/599
f 328/603/598 400/604/599 327/605/600
f 327/605/600 400/604/599 396/606/601
f 327/605/600 396/606/601 326/607/602
f 326/607/602 396/606/601 392/608/603
f 326/607/602 392/608/603 325/609/604
f 325/609/604 392/608/603 388/610/605
f 325/609/604 388/610/605 324/611/606
f 324/611/606 388/610/605 384/612/607
f 324/611/606 384/612/607 323/613/608
f 323/613/608 384/612/607 380/614/609
f 323/613/608 380/614/609 322/615/610
f 322/615/610 380/614/609 376/616/611
f 322/615/610 376/616/611 321/617/612
f 321/617/612 376/616/611 372/618/613
f 321/617/612 372/618/613 320/619/614
f 320/619/614 372/618/613 368/620/615
f 320/619/614 368/620/615 319/621/616
f 319/621/616 368/620/615 364/622/617
f 319/621/616 364/622/617 318/623/618
f 318/623/618 364/622/617 360/624/619
f 318/623/618 360/624/619 317/551/548
f 317/551/548 360/624/619 356/552/549
f 254/625/620 387/626/621 215/627/622
f 215/627/622 387/626/621 391/628/623
f 215/627/622 391/628/623 220/629/624
f 220/629/624 391/628/623 395/630/625
f 220/629/624 395/630/625 221/631/626
f 221/631/626 395/630/625 399/632/627
f 221/631/626 399/632/627 222/633/628
f 222/633/628 399/632/627 403/634/629
f 222/633/628 403/634/629 223/635/630
f 223/635/630 403/634/629 407/636/631
f 223/635/630 407/636/631 224/637/632
f 224/637/632 407/636/631 411/638/633
f 224/637/632 411/638/633 225/639/634
f 225/639/634 411/638/633 415/640/635
f 225/639/634 415/640/635 226/641/636
f 226/641/636 415/640/635 419/642/637
f 226/641/636 419/642/637 227/643/638
f 227/643/638 419/642/637 423/644/639
f 227/643/638 423/644/639 228/645/640
f 228/645/640 423/644/639 427/646/641
f 228/645/640 427/646/641 229/647/642
f 229/647/642 427/646/641 431/648/643
f 229/647/642 431/648/643 230/649/644
f 230/649/644 431/648/643 435/650/645
f 230/649/644 435/650/645 231/651/646
f 231/651/646 435/650/645 439/652/647
f 231/651/646 439/652/647 232/653/648
f 232/653/648 439/652/647 443/654/649
f 232/653/648 443/654/649 233/655/650
f 233/655/650 443/654/649 447/656/651
f 233/655/650 447/656/651 234/657/652
f 234/657/652 447/656/651 451/658/653
f 234/657/652 451/658/653 235/659/654
f 235/659/654 451/658/653 455/660/655
f 235/659/654 455/660/655 236/661/656
f 236/661/656 455/660/655 459/662/657
f 236/661/656 459/662/657 237/663/658
f 237/663/658 459/662/657 463/664/659
f 237/663/658 463/664/659 238/665/660
f 238/665/660 463/664/659 467/666/661
f 238/665/660 467/666/661 239/667/662
f 239/667/662 467/666/661 471/668/663
f 239/667/662 471/668/663 240/669/664
f 240/669/664 471/668/663 475/670/665
f 240/669/664 475/670/665 241/671/666
f 241/671/666 475/670/665 479/672/667
f 241/671/666 479/672/667 242/673/668
f 242/673/668 479/672/667 483/674/669
f 242/673/668 483/674/669 243/675/670
f 243/675/670 483/674/669 487/676/671
f 243/675/670 487/676/671 244/677/672
f 244/677/672 487/676/671 491/678/673
f 244/677/672 491/678/673 245/679/674
f 245/679/674 491/678/673 495/680/675
f 245/679/674 495/680/675 246/681/676
f 246/681/676 495/680/675 355/682/677
f 246/683/676 355/684/677 247/685/678
f 247/685/678 355/684/677 359/686/679
f 247/685/678 359/686/679 248/687/680
f 248/687/680 359/686/679 363/688/681
f 248/687/680 363/688/681 249/689/682
f 249/689/682 363/688/681 367/690/683
f 249/689/682 367/690/683 250/691/684
f 250/691/684 367/690/683 371/692/685
f 250/691/684 371/692/685 251/693/686
f 251/693/686 371/692/685 375/694/687
f 251/693/686 375/694/687 252/695/688
f 252/695/688 375/694/687 379/696/689
f 252/695/688 379/696/689 253/697/690
f 253/697/690 379/696/689 383/698/691
f 253/697/690 383/698/691 254/625/620
f 254/625/620 383/698/691 387/626/621
f 352/556/551 353/699/692 492/558/553
f 492/558/553 353/699/692 493/700/693
f 492/558/553 493/700/693 488/560/555
f 488/560/555 493/700/693 489/701/694
f 488/560/555 489/701/694 484/562/557
f 484/562/557 489/701/694 485/702/695
f 484/562/557 485/702/695 480/564/559
f 480/564/559 485/702/695 481/703/696
f 480/564/559 481/703/696 476/566/561
f 476/566/561 481/703/696 477/704/697
f 476/566/561 477/704/697 472/568/563
f 472/568/563 477/704/697 473/705/698
f 472/568/563 473/705/698 468/570/565
f 468/570/565 473/705/698 469/706/699
f 468/570/565 469/706/699 464/572/567
f 464/572/567 469/706/699 465/707/700
f 464/572/567 465/707/700 460/574/569
f 460/574/569 465/707/700 461/708/701
f 460/574/569 461/708/701 456/576/571
f 456/576/571 461/708/701 457/709/702
f 456/576/571 457/709/702 452/578/573
f 452/578/573 457/709/702 453/710/703
f 452/578/573 453/710/703 448/580/575
f 448/580/575 453/710/703 449/711/704
f 448/580/575 449/711/704 444/582/577
f 444/582/577 449/711/704 445/712/705
f 444/582/577 445/712/705 440/584/579
f 440/584/579 445/712/705 441/713/706
f 440/584/579 441/713/706 436/586/581
f 436/586/581 441/713/706 437/714/707
f 436/586/581 437/714/707 432/588/583
f 432/588/583 437/714/707 433/715/708
f 432/588/583 433/715/708 428/590/585
f 428/590/585 433/715/708 429/716/709
f 428/590/585 429/716/709 424/592/587
f 424/592/587 429/716/709 425/717/710
f 424/592/587 425/717/710 420/594/589
f 420/594/589 425/717/710 421/718/711
f 420/594/589 421/718/711 416/596/591
f 416/596/591 421/718/711 417/719/712
f 416/596/591 417/719/712 412/598/593
f 412/598/593 417/719/712 413/720/713
f 412/598/593 413/720/713 408/600/595
f 408/600/595 413/720/713 409/721/714
f 408/600/595 409/721/714 404/602/597
f 404/602/597 409/721/714 405/722/715
f 404/602/597 405/722/715 400/604/599
f 400/604/599 405/722/715 401/723/716
f 400/604/599 401/723/716 396/606/601
f 396/606/601 401/723/716 397/724/717
f 396/606/601 397/724/717 392/608/603
f 392/608/603 397/724/717 393/725/718
f 392/608/603 393/725/718 388/610/605
f 388/610/605 393/725/718 389/726/719
f 388/610/605 389/726/719 384/612/607
f 384/612/607 389/726/719 385/727/720
f 384/612/607 385/727/720 380/614/609
f 380/614/609 385/727/720 381/728/721
f 380/614/609 381/728/721 376/616/611
f 376/616/611 381/728/721 377/729/722
f 376/616/611 377/729/722 372/618/613
f 372/618/613 377/729/722 373/730/723
f 372/618/613 373/730/723 368/620/615
f 368/620/615 373/730/723 369/731/724
f 368/620/615 369/731/724 364/622/617
f 364/622/617 369/731/724 365/732/725
f 364/622/617 365/732/725 360/624/619
f 360/624/619 365/732/725 361/733/726
f 360/624/619 361/733/726 356/552/549
f 356/552/549 361/733/726 357/734/727
f 356/552/549 357/734/727 352/554/551
f 352/554/551 357/734/727 353/735/692
f 353/699/692 354/736/728 493/700/693
f 493/700/693 354/736/728 494/737/729
f 493/700/693 494/737/729 489/701/694
f 489/701/694 494/737/729 490/738/730
f 489/701/694 490/738/730 485/702/695
f 485/702/695 490/738/730 486/739/731
f 485/702/695 486/739/731 481/703/696
f 481/703/696 486/739/731 482/740/732
f 481/703/696 482/740/732 477/704/697
f 477/704/697 482/740/732 478/741/733
f 477/704/697 478/741/733 473/705/698
f 473/705/698 478/741/733 474/742/734
f 473/705/698 474/742/734 469/706/699
f 469/706/699 474/742/734 470/743/735
f 469/706/699 470/743/735 465/707/700
f 465/707/700 470/743/735 466/744/736
f 465/707/700 466/744/736 461/708/701
f 461/708/701 466/744/736 462/745/737
f 461/708/701 462/745/737 457/709/702
f 457/709/702 462/745/737 458/746/738
f 457/709/702 458/746/738 453/710/703
f 453/710/703 458/746/738 454/747/739
f 453/710/703 454/747/739 449/711/704
f 449/711/704 454/747/739 450/748/740
f 449/711/704 450/748/740 445/712/705
f 445/712/705 450/748/740 446/749/741
f 445/712/705 446/749/741 441/713/706
f 441/713/706 446/749/741 442/750/742
f 441/713/706 442/750/742 437/714/707
f 437/714/707 442/750/742 438/751/743
f 437/714/707 438/751/743 433/715/708
f 433/715/708 438/751/743 434/752/744
f 433/715/708 434/752/744 429/716/709
f 429/716/709 434/752/744 430/753/745
f 429/716/709 430/753/745 425/717/710
f 425/717/710 430/753/745 426/754/746
f 425/717/710 426/754/746 421/718/711
f 421/718/711 426/754/746 422/755/747
f 421/718/711 422/755/747 417/719/712
f 417/719/712 422/755/747 418/756/748
f 417/719/712 418/756/748 413/720/713
f 413/720/713 418/756/748 414/757/749
f 413/720/713 414/757/749 409/721/714
f 409/721/714 414/757/749 410/758/750
f 409/721/714 410/758/750 405/722/715
f 405/722/715 410/758/750 406/759/751
f 405/722/715 406/759/751 401/723/716
f 401/723/716 406/759/751 402/760/752
f 401/723/716 402/760/752 397/724/717
f 397/724/717 402/760/752 398/761/753
f 397/724/717 398/761/753 393/725/718
f 393/725/718 398/761/753 394/762/754
f 393/725/718 394/762/754 389/726/719
f 389/726/719 394/762/754 390/763/755
f 389/726/719 390/763/755 385/727/720
f 385/727/720 390/763/755 386/764/756
f 385/727/720 386/764/756 381/728/721
f 381/728/721 386/764/756 382/765/757
f 381/728/721 382/765/757 377/729/722
f 377/729/722 382/765/757 378/766/758
f 377/729/722 378/766/758 373/730/723
f 373/730/723 378/766/758 374/767/759
f 373/730/723 374/767/759 369/731/724
f 369/731/724 374/767/759 370/768/760
f 369/731/724 370/768/760 365/732/725
f 365/732/725 370/768/760 366/769/761
f 365/732/725 366/769/761 361/733/726
f 361/733/726 366/769/761 362/770/762
f 361/733/726 362/770/762 357/734/727
f 357/734/727 362/770/762 358/771/763
f 357/734/727 358/771/763 353/735/692
f 353/735/692 358/771/763 354/772/728
f 354/736/728 355/682/677 494/737/729
f 494/737/729 355/682/677 495/680/675
f 494/737/729 495/680/675 490/738/730
f 490/738/730 495/680/675 491/678/673
f 490/738/730 491/678/673 486/739/731
f 486/739/731 491/678/673 487/676/671
f 486/739/731 487/676/671 482/740/732
f 482/740/732 487/676/671 483/674/669
f 482/740/732 483/674/669 478/741/733
f 478/741/733 483/674/669 479/672/667
f 478/741/733 479/672/667 474/742/734
f 474/742/734 479/672/667 475/670/665
f 474/742/734 475/670/665 470/743/735
f 470/743/735 475/670/665 471/668/663
f 470/743/735 471/668/663 466/744/736
f 466/744/736 471/668/663 467/666/661
f 466/744/736 467/666/661 462/745/737
f 462/745/737 467/666/661 463/664/659
f 462/745/737 463/664/659 458/746/738
f 458/746/738 463/664/659 459/662/657
f 458/746/738 459/662/657 454/747/739
f 454/747/739 459/662/657 455/660/655
f 454/747/739 455/660/655 450/748/740
f 450/748/740 455/660/655 451/658/653
f 450/748/740 451/658/653 446/749/741
f 446/749/741 451/658/653 447/656/651
f 446/749/741 447/656/651 442/750/742
f 442/750/742 447/656/651 443/654/649
f 442/750/742 443/654/649 438/751/743
f 438/751/743 443/654/649 439/652/647
f 438/751/743 439/652/647 434/752/744
f 434/752/744 439/652/647 435/650/645
f 434/752/744 435/650/645 430/753/745
f 430/753/745 435/650/645 431/648/643
f 430/753/745 431/648/643 426/754/746
f 426/754/746 431/648/643 427/646/641
f 426/754/746 427/646/641 422/755/747
f 422/755/747 427/646/641 423/644/639
f 422/755/747 423/644/639 418/756/748
f 418/756/748 423/644/639 419/642/637
f 418/756/748 419/642/637 414/757/749
f 414/757/749 419/642/637 415/640/635
f 414/757/749 415/640/635 410/758/750
f 410/758/750 415/640/635 411/638/633
f 410/758/750 411/638/633 406/759/751
f 406/759/751 411/638/633 407/636/631
f 406/759/751 407/636/631 402/760/752
f 402/760/752 407/636/631 403/634/629
f 402/760/752 403/634/629 398/761/753
f 398/761/753 403/634/629 399/632/627
f 398/761/753 399/632/627 394/762/754
f 394/762/754 399/632/627 395/630/625
f 394/762/754 395/630/625 390/763/755
f 390/763/755 395/630/625 391/628/623
f 390/763/755 391/628/623 386/764/756
f 386/764/756 391/628/623 387/626/621
f 386/764/756 387/626/621 382/765/757
f 382/765/757 387/626/621 383/698/691
f 382/765/757 383/698/691 378/766/758
f 378/766/758 383/698/691 379/696/689
f 378/766/758 379/696/689 374/767/759
f 374/767/759 379/696/689 375/694/687
f 374/767/759 375/694/687 370/768/760
f 370/768/760 375/694/687 371/692/685
f 370/768/760 371/692/685 366/769/761
f 366/769/761 371/692/685 367/690/683
f 366/769/761 367/690/683 362/770/762
f 362/770/762 367/690/683 363/688/681
f 362/770/762 363/688/681 358/771/763
f 358/771/763 363/688/681 359/686/679
f 358/771/763 359/686/679 354/772/728
f 354/772/728 359/686/679 355/684/677
f 497/773/764 572/774/765 496/775/766
f 496/775/766 572/774/765 568/776/767
f 496/777/766 568/778/767 531/779/768
f 531/779/768 568/778/767 708/780/769
f 531/779/768 708/780/769 530/781/770
f 530/781/770 708/780/769 704/782/771
f 530/781/770 704/782/771 529/783/772
f 529/783/772 704/782/771 700/784/773
f 529/783/772 700/784/773 528/785/774
f 528/785/774 700/784/773 696/786/775
f 528/785/774 696/786/775 527/787/776
f 527/787/776 696/786/775 692/788/777
f 527/787/776 692/788/777 526/789/778
f 526/789/778 692/788/777 688/790/779
f 526/789/778 688/790/779 525/791/780
f 525/791/780 688/790/779 684/792/781
f 525/791/780 684/792/781 524/793/782
f 524/793/782 684/792/781 680/794/783
f 524/793/782 680/794/783 523/795/784
f 523/795/784 680/794/783 676/796/785
f 523/795/784 676/796/785 522/797/786
f 522/797/786 676/796/785 672/798/787
f 522/797/786 672/798/787 521/799/788
f 521/799/788 672/798/787 668/800/789
f 521/799/788 668/800/789 520/801/790
f 520/801/790 668/800/789 664/802/791
f 520/801/790 664/802/791 519/803/792
f 519/803/792 664/802/791 660/804/793
f 519/803/792 660/804/793 518/805/794
f 518/805/794 660/804/793 656/806/795
f 518/805/794 656/806/795 517/807/796
f 517/807/796 656/806/795 652/808/797
f 517/807/796 652/808/797 516/809/798
f 516/809/798 652/808/797 648/810/799
f 516/809/798 648/810/799 515/811/800
f 515/811/800 648/810/799 644/812/801
f 515/811/800 644/812/801 514/813/802
f 514/813/802 644/812/801 640/814/803
f 514/813/802 640/814/803 513/815/804
f 513/815/804 640/814/803 636/816/805
f 513/815/804 636/816/805 512/817/806
f 512/817/806 636/816/805 632/818/807
f 512/817/806 632/818/807 511/819/808
f 511/819/808 632/818/807 628/820/809
f 511/819/808 628/820/809 510/821/810
f 510/821/810 628/820/809 624/822/811
f 510/821/810 624/822/811 509/823/812
f 509/823/812 624/822/811 620/824/813
f 509/823/812 620/824/813 508/825/814
f 508/825/814 620/824/813 616/826/815
f 508/825/814 616/826/815 507/827/816
f 507/827/816 616/826/815 612/828/817
f 507/827/816 612/828/817 506/829/818
f 506/829/818 612/828/817 608/830/819
f 506/829/818 608/830/819 505/831/820
f 505/831/820 608/830/819 604/832/821
f 505/831/820 604/832/821 504/833/822
f 504/833/822 604/832/821 600/834/823
f 504/833/822 600/834/823 503/835/824
f 503/835/824 600/834/823 596/836/825
f 503/835/824 596/836/825 502/837/826
f 502/837/826 596/836/825 592/838/827
f 502/837/826 592/838/827 501/839/828
f 501/839/828 592/838/827 588/840/829
f 501/839/828 588/840/829 500/841/830
f 500/841/830 588/840/829 584/842/831
f 500/841/830 584/842/831 499/843/832
f 499/843/832 584/842/831 580/844/833
f 499/843/832 580/844/833 498/845/834
f 498/845/834 580/844/833 576/846/835
f 498/845/834 576/846/835 497/773/764
f 497/773/764 576/846/835 572/774/765
f 533/847/836 675/848/837 532/849/838
f 532/849/838 675/848/837 679/850/839
f 532/849/838 679/850/839 567/851/840
f 567/851/840 679/850/839 683/852/841
f 567/851/840 683/852/841 566/853/842
f 566/853/842 683/852/841 687/854/843
f 566/853/842 687/854/843 565/855/844
f 565/855/844 687/854/843 691/856/845
f 565/855/844 691/856/845 564/857/846
f 564/857/846 691/856/845 695/858/847
f 564/857/846 695/858/847 563/859/848
f 563/859/848 695/858/847 699/860/849
f 563/859/848 699/860/849 562/861/850
f 562/861/850 699/860/849 703/862/851
f 562/861/850 703/862/851 561/863/852
f 561/863/852 703/862/851 707/864/853
f 561/863/852 707/864/853 560/865/854
f 560/865/854 707/864/853 711/866/855
f 560/865/854 711/866/855 559/867/856
f 559/867/856 711/866/855 571/868/857
f 559/869/856 571/870/857 558/871/858
f 558/871/858 571/870/857 575/872/859
f 558/871/858 575/872/859 557/873/860
f 557/873/860 575/872/859 579/874/861
f 557/873/860 579/874/861 556/875/862
f 556/875/862 579/874/861 583/876/863
f 556/875/862 583/876/863 555/877/864
f 555/877/864 583/876/863 587/878/865
f 555/877/864 587/878/865 554/879/866
f 554/879/866 587/878/865 591/880/867
f 554/879/866 591/880/867 553/881/868
f 553/881/868 591/880/867 595/882/869
f 553/881/868 595/882/869 552/883/870
f 552/883/870 595/882/869 599/884/871
f 552/883/870 599/884/871 551/885/872
f 551/885/872 599/884/871 603/886/873
f 551/885/872 603/886/873 550/887/874
f 550/887/874 603/886/873 607/888/875
f 550/887/874 607/888/875 549/889/876
f 549/889/876 607/888/875 611/890/877
f 549/889/876 611/890/877 548/891/878
f 548/891/878 611/890/877 615/892/879
f 548/891/878 615/892/879 547/893/880
f 547/893/880 615/892/879 619/894/881
f 547/893/880 619/894/881 546/895/882
f 546/895/882 619/894/881 623/896/883
f 546/895/882 623/896/883 545/897/884
f 545/897/884 623/896/883 627/898/885
f 545/897/884 627/898/885 544/899/886
f 544/899/886 627/898/885 631/900/887
f 544/899/886 631/900/887 543/901/888
f 543/901/888 631/900/887 635/902/889
f 543/901/888 635/902/889 542/903/890
f 542/903/890 635/902/889 639/904/891
f 542/903/890 639/904/891 541/905/892
f 541/905/892 639/904/891 643/906/893
f 541/905/892 643/906/893 540/907/894
f 540/907/894 643/906/893 647/908/895
f 540/907/894 647/908/895 539/909/896
f 539/909/896 647/908/895 651/910/897
f 539/909/896 651/910/897 538/911/898
f 538/911/898 651/910/897 655/912/899
f 538/911/898 655/912/899 537/913/900
f 537/913/900 655/912/899 659/914/901
f 537/913/900 659/914/901 536/915/902
f 536/915/902 659/914/901 663/916/903
f 536/915/902 663/916/903 535/917/904
f 535/917/904 663/916/903 667/918/905
f 535/917/904 667/918/905 534/919/906
f 534/919/906 667/918/905 671/920/907
f 534/919/906 671/920/907 533/847/836
f 533/847/836 671/920/907 675/848/837
f 568/778/767 569/921/908 708/780/769
f 708/780/769 569/921/908 709/922/909
f 708/780/769 709/922/909 704/782/771
f 704/782/771 709/922/909 705/923/910
f 704/782/771 705/923/910 700/784/773
f 700/784/773 705/923/910 701/924/911
f 700/784/773 701/924/911 696/786/775
f 696/786/775 701/924/911 697/925/912
f 696/786/775 697/925/912 692/788/777
f 692/788/777 697/925/912 693/926/913
f 692/788/777 693/926/913 688/790/779
f 688/790/779 693/926/913 689/927/914
f 688/790/779 689/927/914 684/792/781
f 684/792/781 689/927/914 685/928/915
f 684/792/781 685/928/915 680/794/783
f 680/794/783 685/928/915 681/929/916
f 680/794/783 681/929/916 676/796/785
f 676/796/785 681/929/916 677/930/917
f 676/796/785 677/930/917 672/798/787
f 672/798/787 677/930/917 673/931/918
f 672/798/787 673/931/918 668/800/789
f 668/800/789 673/931/918 669/932/919
f 668/800/789 669/932/919 664/802/791
f 664/802/791 669/932/919 665/933/920
f 664/802/791 665/933/920 660/804/793
f 660/804/793 665/933/920 661/934/921
f 660/804/793 661/934/921 656/806/795
f 656/806/795 661/934/921 657/935/922
f 656/806/795 657/935/922 652/808/797
f 652/808/797 657/935/922 653/936/923
f 652/808/797 653/936/923 648/810/799
f 648/810/799 653/936/923 649/937/924
f 648/810/799 649/937/924 644/812/801
f 644/812/801 649/937/924 645/938/925
f 644/812/801 645/938/925 640/814/803
f 640/814/803 645/938/925 641/939/926
f 640/814/803 641/939/926 636/816/805
f 636/816/805 641/939/926 637/940/927
f 636/816/805 637/940/927 632/818/807
f 632/818/807 637/940/927 633/941/928
f 632/818/807 633/941/928 628/820/809
f 628/820/809 633/941/928 629/942/929
f 628/820/809 629/942/929 624/822/811
f 624/822/811 629/942/929 625/943/930
f 624/822/811 625/943/930 620/824/813
f 620/824/813 625/943/930 621/944/931
f 620/824/813 621/944/931 616/826/815
f 616/826/815 621/944/931 617/945/932
f 616/826/815 617/945/932 612/828/817
f 612/828/817 617/945/932 613/946/933
f 612/828/817 613/946/933 608/830/819
f 608/830/819 613/946/933 609/947/934
f 608/830/819 609/947/934 604/832/821
f 604/832/821 609/947/934 605/948/935
f 604/832/821 605/948/935 600/834/823
f 600/834/823 605/948/935 601/949/936
f 600/834/823 601/949/936 596/836/825
f 596/836/825 601/949/936 597/950/937
f 596/836/825 597/950/937 592/838/827
f 592/838/827 597/950/937 593/951/938
f 592/838/827 593/951/938 588/840/829
f 588/840/829 593/951/938 589/952/939
f 588/840/829 589/952/939 584/842/831
f 584/842/831 589/952/939 585/953/940
f 584/842/831 585/953/940 580/844/833
f 580/844/833 585/953/940 581/954/941
f 580/844/833 581/954/941 576/846/835
f 576/846/835 581/954/941 577/955/942
f 576/846/835 577/955/942 572/774/765
f 572/774/765 577/955/942 573/956/943
f 572/774/765 573/956/943 568/776/767
f 568/776/767 573/956/943 569/957/908
f 569/921/908 570/958/944 709/922/909
f 709/922/909 570/958/944 710/959/945
f 709/922/909 710/959/945 705/923/910
f 705/923/910 710/959/945 706/960/946
f 705/923/910 706/960/946 701/924/911
f 701/924/911 706/960/946 702/961/947
f 701/924/911 702/961/947 697/925/912
f 697/925/912 702/961/947 698/962/948
f 697/925/912 698/962/948 693/926/913
f 693/926/913 698/962/948 694/963/949
f 693/926/913 694/963/949 689/927/914
f 689/927/914 694/963/949 690/964/950
f 689/927/914 690/964/950 685/928/915
f 685/928/915 690/964/950 686/965/951
f 685/928/915 686/965/951 681/929/916
f 681/929/916 686/965/951 682/966/952
f 681/929/916 682/966/952 677/930/917
f 677/930/917 682/966/952 678/967/953
f 677/930/917 678/967/953 673/931/918
f 673/931/918 678/967/953 674/968/954
f 673/931/918 674/968/954 669/932/919
f 669/932/919 674/968/954 670/969/955
f 669/932/919 670/969/955 665/933/920
f 665/933/920 670/969/955 666/970/956
f 665/933/920 666/970/956 661/934/921
f 661/934/921 666/970/956 662/971/957
f 661/934/921 662/971/957 657/935/922
f 657/935/922 662/971/957 658/972/958
f 657/935/922 658/972/958 653/936/923
f 653/936/923 658/972/958 654/973/959
f 653/936/923 654/973/959 649/937/924
f 649/937/924 654/973/959 650/974/960
f 649/937/924 650/974/960 645/938/925
f 645/938/925 650/974/960 646/975/961
f 645/938/925 646/975/961 641/939/926
f 641/939/926 646/975/961 642/976/962
f 641/939/926 642/976/962 637/940/927
f 637/940/927 642/976/962 638/977/963
f 637/940/927 638/977/963 633/941/928
f 633/941/928 638/977/963 634/978/964
f 633/941/928 634/978/964 629/942/929
f 629/942/929 634/978/964 630/979/965
f 629/942/929 630/979/965 625/943/930
f 625/943/930 630/979/965 626/980/966
f 625/943/930 626/980/966 621/944/931
f 621/944/931 626/980/966 622/981/967
f 621/944/931 622/981/967 617/945/932
f 617/945/932 622/981/967 618/982/968
f 617/945/932 618/982/968 613/946/933
f 613/946/933 618/982/968 614/983/969
f 613/946/933 614/983/969 609/947/934
f 609/947/934 614/983/969 610/984/970
f 609/947/934 610/984/970 605/948/935
f 605/948/935 610/984/970 606/985/971
f 605/948/935 606/985/971 601/949/936
f 601/949/936 606/985/971 602/986/972
f 601/949/936 602/986/972 597/950/937
f 597/950/937 602/986/972 598/987/973
f 597/950/937 598/987/973 593/951/938
f 593/951/938 598/987/973 594/988/974
f 593/951/938 594/988/974 589/952/939
f 589/952/939 594/988/974 590/989/975
f 589/952/939 590/989/975 585/953/940
f 585/953/940 590/989/975 586/990/976
f 585/953/940 586/990/976 581/954/941
f 581/954/941 586/990/976 582/991/977
f 581/954/941 582/991/977 577/955/942
f 577/955/942 582/991/977 578/992/978
f 577/955/942 578/992/978 573/956/943
f 573/956/943 578/992/978 574/993/979
f 573/956/943 574/993/979 569/957/908
f 569/957/908 574/993/979 570/994/944
f 570/958/944 571/868/857 710/959/945
f 710/959/945 571/868/857 711/866/855
f 710/959/945 711/866/855 706/960/946
f 706/960/946 711/866/855 707/864/853
f 706/960/946 707/864/853 702/961/947
f 702/961/947 707/864/853 703/862/851
f 702/961/947 703/862/851 698/962/948
f 698/962/948 703/862/851 699/860/849
f 698/962/948 699/860/849 694/963/949
f 694/963/949 699/860/849 695/858/847
f 694/963/949 695/858/847 690/964/950
f 690/964/950 695/858/847 691/856/845
f 690/964/950 691/856/845 686/965/951
f 686/965/951 691/856/845 687/854/843
f 686/965/951 687/854/843 682/966/952
f 682/966/952 687/854/843 683/852/841
f 682/966/952 683/852/841 678/967/953
f 678/967/953 683/852/841 679/850/839
f 678/967/953 679/850/839 674/968/954
f 674/968/954 679/850/839 675/848/837
f 674/968/954 675/848/837 670/969/955
f 670/969/955 675/848/837 671/920/907
f 670/969/955 671/920/907 666/970/956
f 666/970/956 671/920/907 667/918/905
f 666/970/956 667/918/905 662/971/957
f 662/971/957 667/918/905 663/916/903
f 662/971/957 663/916/903 658/972/958
f 658/972/958 663/916/903 659/914/901
f 658/972/958 659/914/901 654/973/959
f 654/973/959 659/914/901 655/912/899
f 654/973/959 655/912/899 650/974/960
f 650/974/960 655/912/899 651/910/897
f 650/974/960 651/910/897 646/975/961
f 646/975/961 651/910/897 647/908/895
f 646/975/961 647/908/895 642/976/962
f 642/976/962 647/908/895 643/906/893
f 642/976/962 643/906/893 638/977/963
f 638/977/963 643/906/893 639/904/891
f 638/977/963 639/904/891 634/978/964
f 634/978/964 639/904/891 635/902/889
f 634/978/964 635/902/889 630/979/965
f 630/979/965 635/902/889 631/900/887
f 630/979/965 631/900/887 626/980/966
f 626/980/966 631/900/887 627/898/885
f 626/980/966 627/898/885 622/981/967
f 622/981/967 627/898/885 623/896/883
f 622/981/967 623/896/883 618/982/968
f 618/982/968 623/896/883 619/894/881
f 618/982/968 619/894/881 614/983/969
f 614/983/969 619/894/881 615/892/879
f 614/983/969 615/892/879 610/984/970
f 610/984/970 615/892/879 611/890/877
f 610/984/970 611/890/877 606/985/971
f 606/985/971 611/890/877 607/888/875
f 606/985/971 607/888/875 602/986/972
f 602/986/972 607/888/875 603/886/873
f 602/986/972 603/886/873 598/987/973
f 598/987/973 603/886/873 599/884/871
f 598/987/973 599/884/871 594/988/974
f 594/988/974 599/884/871 595/882/869
f 594/988/974 595/882/869 590/989/975
f 590/989/975 595/882/869 591/880/867
f 590/989/975 591/880/867 586/990/976
f 586/990/976 591/880/867 587/878/865
f 586/990/976 587/878/865 582/991/977
f 582/991/977 587/878/865 583/876/863
f 582/991/977 583/876/863 578/992/978
f 578/992/978 583/876/863 579/874/861
f 578/992/978 579/874/861 574/993/979
f 574/993/979 579/874/861 575/872/859
f 574/993/979 575/872/859 570/994/944
f 570/994/944 575/872/859 571/870/857
f 712/995/980 551/996/981 258/997/982
f 258/997/982 551/996/981 550/998/983
f 258/997/982 550/998/983 549/999/984
f 713/1000/985 556/1001/986 712/995/980
f 712/995/980 556/1001/986 555/1002/987
f 712/995/980 555/1002/987 554/1003/988
f 532/1004/989 567/1005/990 713/1000/985
f 713/1000/985 567/1005/990 566/1006/991
f 713/1000/985 566/1006/991 565/1007/992
f 565/1007/992 564/1008/993 713/1000/985
f 713/1000/985 564/1008/993 563/1009/994
f 713/1000/985 563/1009/994 562/1010/995
f 562/1010/995 561/1011/996 713/1000/985
f 713/1000/985 561/1011/996 560/1012/997
f 713/1000/985 560/1012/997 559/1013/998
f 559/1013/998 558/1014/999 713/1000/985
f 713/1000/985 558/1014/999 557/1015/1000
f 713/1000/985 557/1015/1000 556/1001/986
f 554/1003/988 553/1016/1001 712/995/980
f 712/995/980 553/1016/1001 552/1017/1002
f 712/995/980 552/1017/1002 551/996/981
f 549/999/984 548/1018/1003 258/997/982
f 258/997/982 548/1018/1003 547/1019/1004
f 258/997/982 547/1019/1004 546/1020/1005
f 546/1020/1005 545/1021/1006 258/997/982
f 258/997/982 545/1021/1006 544/1022/1007
f 258/997/982 544/1022/1007 259/1023/1008
f 259/1023/1008 544/1022/1007 543/1024/1009
f 259/1023/1008 543/1024/1009 542/1025/1010
f 542/1025/1010 541/1026/1011 259/1023/1008
f 259/1023/1008 541/1026/1011 540/1027/1012
f 259/1023/1008 540/1027/1012 539/1028/1013
f 539/1028/1013 538/1029/1014 259/1023/1008
f 259/1023/1008 538/1029/1014 537/1030/1015
f 259/1023/1008 537/1030/1015 536/1031/1016
f 536/1031/1016 535/1032/1017 259/1023/1008
f 259/1023/1008 535/1032/1017 534/1033/1018
f 259/1023/1008 534/1033/1018 533/1034/1019
f 533/1034/1019 532/1004/989 259/1023/1008
f 256/1035/1020 255/1036/1021 315/1037/1022
f 315/1037/1022 255/1036/1021 305/1038/1023
f 257/1039/1024 505/1040/1025 314/1041/1026
f 314/1041/1026 505/1040/1025 504/1042/1027
f 314/1041/1026 504/1042/1027 503/1043/1028
f 256/1044/1029 514/1045/1030 257/1039/1024
f 257/1039/1024 514/1045/1030 513/1046/1031
f 257/1039/1024 513/1046/1031 512/1047/1032
f 315/1048/1033 523/1049/1034 256/1044/1029
f 256/1044/1029 523/1049/1034 522/1050/1035
f 256/1044/1029 522/1050/1035 521/1051/1036
f 314/1041/1026 496/1052/1037 315/1048/1033
f 315/1048/1033 496/1052/1037 531/1053/1038
f 315/1048/1033 531/1053/1038 530/1054/1039
f 530/1054/1039 529/1055/1040 315/1048/1033
f 315/1048/1033 529/1055/1040 528/1056/1041
f 315/1048/1033 528/1056/1041 527/1057/1042
f 527/1057/1042 526/1058/1043 315/1048/1033
f 315/1048/1033 526/1058/1043 525/1059/1044
f 315/1048/1033 525/1059/1044 524/1060/1045
f 524/1060/1045 523/1049/1034 315/1048/1033
f 521/1051/1036 520/1061/1046 256/1044/1029
f 256/1044/1029 520/1061/1046 519/1062/1047
f 256/1044/1029 519/1062/1047 518/1063/1048
f 518/1063/1048 517/1064/1049 256/1044/1029
f 256/1044/1029 517/1064/1049 516/1065/1050
f 256/1044/1029 516/1065/1050 515/1066/1051
f 515/1066/1051 514/1045/1030 256/1044/1029
f 512/1047/1032 511/1067/1052 257/1039/1024
f 257/1039/1024 511/1067/1052 510/1068/1053
f 257/1039/1024 510/1068/1053 509/1069/1054
f 509/1069/1054 508/1070/1055 257/1039/1024
f 257/1039/1024 508/1070/1055 507/1071/1056
f 257/1039/1024 507/1071/1056 506/1072/1057
f 506/1072/1057 505/1040/1025 257/1039/1024
f 503/1043/1028 502/1073/1058 314/1041/1026
f 314/1041/1026 502/1073/1058 501/1074/1059
f 314/1041/1026 501/1074/1059 500/1075/1060
f 500/1075/1060 499/1076/1061 314/1041/1026
f 314/1041/1026 499/1076/1061 498/1077/1062
f 314/1041/1026 498/1077/1062 497/1078/1063
f 497/1078/1063 496/1052/1037 314/1041/1026
f 266/1079/1064 325/1080/1065 308/1081/1066
f 308/1081/1066 325/1080/1065 324/1082/1067
f 308/1081/1066 324/1082/1067 323/1083/1068
f 265/1084/1069 334/1085/1070 266/1079/1064
f 266/1079/1064 334/1085/1070 333/1086/1071
f 266/1079/1064 333/1086/1071 332/1087/1072
f 309/1088/1073 343/1089/1074 265/1084/1069
f 265/1084/1069 343/1089/1074 342/1090/1075
f 265/1084/1069 342/1090/1075 341/1091/1076
f 308/1081/1066 316/1092/1077 309/1088/1073
f 309/1088/1073 316/1092/1077 351/1093/1078
f 309/1088/1073 351/1093/1078 350/1094/1079
f 350/1094/1079 349/1095/1080 309/1088/1073
f 309/1088/1073 349/1095/1080 348/1096/1081
f 309/1088/1073 348/1096/1081 347/1097/1082
f 347/1097/1082 346/1098/1083 309/1088/1073
f 309/1088/1073 346/1098/1083 345/1099/1084
f 309/1088/1073 345/1099/1084 344/1100/1085
f 344/1100/1085 343/1089/1074 309/1088/1073
f 341/1091/1076 340/1101/1086 265/1084/1069
f 265/1084/1069 340/1101/1086 339/1102/1087
f 265/1084/1069 339/1102/1087 338/1103/1088
f 338/1103/1088 337/1104/1089 265/1084/1069
f 265/1084/1069 337/1104/1089 336/1105/1090
f 265/1084/1069 336/1105/1090 335/1106/1091
f 335/1106/1091 334/1085/1070 265/1084/1069
f 332/1087/1072 331/1107/1092 266/1079/1064
f 266/1079/1064 331/1107/1092 330/1108/1093
f 266/1079/1064 330/1108/1093 329/1109/1094
f 329/1109/1094 328/1110/1095 266/1079/1064
f 266/1079/1064 328/1110/1095 327/1111/1096
f 266/1079/1064 327/1111/1096 326/1112/1097
f 326/1112/1097 325/1080/1065 266/1079/1064
f 323/1083/1068 322/1113/1098 308/1081/1066
f 308/1081/1066 322/1113/1098 321/1114/1099
f 308/1081/1066 321/1114/1099 320/1115/1100
f 320/1115/1100 319/1116/1101 308/1081/1066
f 308/1081/1066 319/1116/1101 318/1117/1102
f 308/1081/1066 318/1117/1102 317/1118/1103
f 317/1118/1103 316/1092/1077 308/1081/1066
f 314/1119/1104 313/1120/1105 257/1121/1106
f 257/1121/1106 313/1120/1105 258/1122/1107
f 258/1122/1107 313/1120/1105 712/1123/1108
f 712/1123/1108 313/1120/1105 714/1124/1109
f 712/1123/1108 714/1124/1109 722/1125/1110
f 722/1125/1110 714/1124/1109 721/1126/1111
f 721/1126/1111 714/1124/1109 724/1127/1112
f 721/1126/1111 724/1127/1112 725/1128/1113
f 714/1124/1109 715/1129/1114 724/1127/1112
f 724/1127/1112 715/1129/1114 723/1130/1115
f 723/1130/1115 715/1129/1114 728/1131/1116
f 723/1130/1115 728/1131/1116 726/1132/1117
f 726/1132/1117 728/1131/1116 729/1133/1118
f 726/1132/1117 729/1133/1118 717/1134/1119
f 717/1134/1119 729/1133/1118 727/1135/1120
f 717/1134/1119 727/1135/1120 716/1136/1121
f 716/1136/1121 727/1135/1120 217/1137/1122
f 217/1137/1122 727/1135/1120 715/1129/1114
f 217/1137/1122 715/1129/1114 310/1138/1123
f 309/1139/1124 265/1140/1125 310/1138/1123
f 310/1138/1123 265/1140/1125 264/1141/1126
f 310/1138/1123 264/1141/1126 217/1137/1122
f 217/1137/1122 264/1141/1126 218/1142/1127
f 726/1132/1117 717/1134/1119 725/1128/1113
f 725/1128/1113 717/1134/1119 718/1143/1128
f 725/1128/1113 718/1143/1128 720/1144/1129
f 720/1144/1129 718/1143/1128 722/1125/1110
f 722/1125/1110 718/1143/1128 719/1145/1130
f 722/1125/1110 719/1145/1130 712/1123/1108
f 720/1144/1129 721/1126/1111 725/1128/1113
f 727/1135/1120 728/1131/1116 715/1129/1114
f 731/1146/1131 732/1147/1132 730/1148/1133
f 730/1148/1133 732/1147/1132 733/1149/1134
f 738/1150/1135 734/1151/1136 718/1152/1137
f 718/1152/1137 734/1151/1136 732/1153/1138
f 718/1152/1137 732/1153/1138 719/1154/1139
f 719/1154/1139 732/1153/1138 735/1155/1140
f 735/1155/1140 732/1153/1138 731/1156/1141
f 735/1155/1140 731/1156/1141 261/1157/1142
f 261/1157/1142 260/1158/1143 735/1155/1140
f 718/1152/1137 736/1159/1144 738/1150/1135
f 738/1150/1135 736/1159/1144 737/1160/1145
f 730/1161/1146 791/1162/1147 731/1163/1148
f 731/1163/1148 791/1162/1147 792/1164/1149
f 731/1163/1148 792/1164/1149 261/1165/1150
f 261/1165/1150 792/1164/1149 789/1166/1151
f 261/1165/1150 789/1166/1151 262/1167/1152
f 262/1167/1152 789/1166/1151 783/1168/1153
f 262/1167/1152 783/1168/1153 784/1169/1154
f 791/1162/1147 730/1161/1146 790/1170/1155
f 790/1170/1155 730/1161/1146 739/1171/1156
f 790/1170/1155 739/1171/1156 740/1172/1157
f 262/1167/1152 765/1173/1158 740/1172/1157
f 740/1172/1157 765/1173/1158 766/1174/1159
f 740/1172/1157 766/1174/1159 764/1175/1160
f 764/1175/1160 766/1174/1159 763/1176/1161
f 763/1176/1161 766/1174/1159 767/1177/1162
f 763/1176/1161 767/1177/1162 762/1178/1163
f 762/1178/1163 767/1177/1162 768/1179/1164
f 762/1178/1163 768/1179/1164 761/1180/1165
f 761/1180/1165 768/1179/1164 769/1181/1166
f 761/1180/1165 769/1181/1166 760/1182/1167
f 760/1182/1167 769/1181/1166 770/1183/1168
f 760/1182/1167 770/1183/1168 759/1184/1169
f 759/1184/1169 770/1183/1168 771/1185/1170
f 759/1184/1169 771/1185/1170 758/1186/1171
f 758/1186/1171 771/1185/1170 772/1187/1172
f 758/1186/1171 772/1187/1172 757/1188/1173
f 757/1188/1173 772/1187/1172 773/1189/1174
f 757/1188/1173 773/1189/1174 756/1190/1175
f 756/1190/1175 773/1189/1174 774/1191/1176
f 756/1190/1175 774/1191/1176 755/1192/1177
f 755/1192/1177 774/1191/1176 775/1193/1178
f 755/1192/1177 775/1193/1178 754/1194/1179
f 754/1194/1179 775/1193/1178 789/1166/1151
f 754/1194/1179 789/1166/1151 790/1170/1155
f 764/1175/1160 741/1195/1180 740/1172/1157
f 740/1172/1157 741/1195/1180 742/1196/1181
f 740/1172/1157 742/1196/1181 743/1197/1182
f 743/1197/1182 744/1198/1183 740/1172/1157
f 740/1172/1157 744/1198/1183 745/1199/1184
f 740/1172/1157 745/1199/1184 746/1200/1185
f 746/1200/1185 747/1201/1186 740/1172/1157
f 740/1172/1157 747/1201/1186 748/1202/1187
f 740/1172/1157 748/1202/1187 790/1170/1155
f 790/1170/1155 748/1202/1187 749/1203/1188
f 790/1170/1155 749/1203/1188 750/1204/1189
f 750/1204/1189 751/1205/1190 790/1170/1155
f 790/1170/1155 751/1205/1190 752/1206/1191
f 790/1170/1155 752/1206/1191 753/1207/1192
f 753/1207/1192 754/1194/1179 790/1170/1155
f 775/1193/1178 776/1208/1193 789/1166/1151
f 789/1166/1151 776/1208/1193 777/1209/1194
f 789/1166/1151 777/1209/1194 778/1210/1195
f 778/1210/1195 779/1211/1196 789/1166/1151
f 789/1166/1151 779/1211/1196 780/1212/1197
f 789/1166/1151 780/1212/1197 781/1213/1198
f 781/1213/1198 782/1214/1199 789/1166/1151
f 789/1166/1151 782/1214/1199 783/1168/1153
f 784/1169/1154 785/1215/1200 262/1167/1152
f 262/1167/1152 785/1215/1200 786/1216/1201
f 262/1167/1152 786/1216/1201 787/1217/1202
f 787/1217/1202 788/1218/1203 262/1167/1152
f 262/1167/1152 788/1218/1203 765/1173/1158
f 739/1219/1204 793/1220/1205 740/1221/1206
f 740/1221/1206 793/1220/1205 794/1222/1207
f 262/1223/1208 740/1224/1209 799/1225/1210
f 799/1225/1210 740/1224/1209 794/1226/1211
f 799/1225/1210 794/1226/1211 716/1227/1212
f 716/1227/1212 794/1226/1211 717/1228/1213
f 717/1228/1213 794/1226/1211 795/1229/1214
f 717/1228/1213 795/1229/1214 796/1230/1215
f 797/1231/1216 798/1232/1217 796/1230/1215
f 796/1230/1215 798/1232/1217 717/1228/1213
f 799/1225/1210 263/1233/1218 262/1223/1208
f 800/1234/1219 737/1235/1220 801/1236/1221
f 801/1236/1221 737/1235/1220 736/1237/1222
f 801/1238/1223 802/1239/1224 800/1240/1225
f 800/1240/1225 802/1239/1224 803/1241/1226
f 805/1242/1227 943/1243/1228 804/1244/1229
f 804/1244/1229 943/1243/1228 944/1245/1230
f 804/1244/1229 944/1245/1230 853/1246/1231
f 853/1246/1231 944/1245/1230 945/1247/1232
f 853/1246/1231 945/1247/1232 946/1248/1233
f 806/1249/1234 717/1250/1235 805/1242/1227
f 805/1242/1227 717/1250/1235 942/1251/1236
f 805/1242/1227 942/1251/1236 943/1243/1228
f 806/1249/1234 807/1252/1237 717/1250/1235
f 717/1250/1235 807/1252/1237 808/1253/1238
f 717/1250/1235 808/1253/1238 809/1254/1239
f 717/1250/1235 809/1254/1239 718/1255/1240
f 718/1255/1240 809/1254/1239 810/1256/1241
f 718/1255/1240 810/1256/1241 811/1257/1242
f 811/1257/1242 812/1258/1243 718/1255/1240
f 718/1255/1240 812/1258/1243 911/1259/1244
f 718/1255/1240 911/1259/1244 912/1260/1245
f 911/1259/1244 812/1258/1243 910/1261/1246
f 910/1261/1246 812/1258/1243 813/1262/1247
f 910/1261/1246 813/1262/1247 909/1263/1248
f 909/1263/1248 813/1262/1247 908/1264/1249
f 908/1264/1249 813/1262/1247 814/1265/1250
f 908/1264/1249 814/1265/1250 907/1266/1251
f 907/1266/1251 814/1265/1250 906/1267/1252
f 906/1267/1252 814/1265/1250 815/1268/1253
f 906/1267/1252 815/1268/1253 905/1269/1254
f 905/1269/1254 815/1268/1253 904/1270/1255
f 904/1270/1255 815/1268/1253 903/1271/1256
f 903/1271/1256 815/1268/1253 816/1272/1257
f 903/1271/1256 816/1272/1257 902/1273/1258
f 902/1273/1258 816/1272/1257 925/1274/1259
f 925/1274/1259 816/1272/1257 924/1275/1260
f 924/1275/1260 816/1272/1257 817/1276/1261
f 924/1275/1260 817/1276/1261 923/1277/1262
f 923/1277/1262 817/1276/1261 922/1278/1263
f 922/1278/1263 817/1276/1261 818/1279/1264
f 922/1278/1263 818/1279/1264 921/1280/1265
f 921/1280/1265 818/1279/1264 819/1281/1266
f 921/1280/1265 819/1281/1266 920/1282/1267
f 920/1282/1267 819/1281/1266 820/1283/1268
f 920/1282/1267 820/1283/1268 718/1255/1240
f 718/1255/1240 820/1283/1268 821/1284/1269
f 718/1255/1240 821/1284/1269 736/1285/1270
f 736/1285/1270 821/1284/1269 822/1286/1271
f 736/1285/1270 822/1286/1271 823/1287/1272
f 823/1287/1272 824/1288/1273 736/1285/1270
f 736/1285/1270 824/1288/1273 825/1289/1274
f 736/1285/1270 825/1289/1274 893/1290/1275
f 893/1290/1275 825/1289/1274 892/1291/1276
f 892/1291/1276 825/1289/1274 891/1292/1277
f 891/1292/1277 825/1289/1274 826/1293/1278
f 891/1292/1277 826/1293/1278 890/1294/1279
f 890/1294/1279 826/1293/1278 889/1295/1280
f 889/1295/1280 826/1293/1278 888/1296/1281
f 888/1296/1281 826/1293/1278 827/1297/1282
f 888/1296/1281 827/1297/1282 887/1298/1283
f 887/1298/1283 827/1297/1282 886/1299/1284
f 886/1299/1284 827/1297/1282 828/1300/1285
f 886/1299/1284 828/1300/1285 885/1301/1286
f 885/1301/1286 828/1300/1285 884/1302/1287
f 884/1302/1287 828/1300/1285 883/1303/1288
f 883/1303/1288 828/1300/1285 829/1304/1289
f 883/1303/1288 829/1304/1289 882/1305/1290
f 882/1305/1290 829/1304/1289 830/1306/1291
f 882/1305/1290 830/1306/1291 881/1307/1292
f 881/1307/1292 830/1306/1291 801/1308/1293
f 881/1307/1292 801/1308/1293 880/1309/1294
f 880/1309/1294 801/1308/1293 879/1310/1295
f 879/1310/1295 801/1308/1293 878/1311/1296
f 878/1311/1296 801/1308/1293 901/1312/1297
f 901/1312/1297 801/1308/1293 900/1313/1298
f 900/1313/1298 801/1308/1293 899/1314/1299
f 899/1314/1299 801/1308/1293 898/1315/1300
f 898/1315/1300 801/1308/1293 736/1285/1270
f 898/1315/1300 736/1285/1270 897/1316/1301
f 897/1316/1301 736/1285/1270 896/1317/1302
f 896/1317/1302 736/1285/1270 895/1318/1303
f 895/1318/1303 736/1285/1270 894/1319/1304
f 894/1319/1304 736/1285/1270 893/1290/1275
f 830/1306/1291 831/1320/1305 801/1308/1293
f 801/1308/1293 831/1320/1305 832/1321/1306
f 801/1308/1293 832/1321/1306 833/1322/1307
f 801/1308/1293 833/1322/1307 802/1323/1308
f 802/1323/1308 833/1322/1307 834/1324/1309
f 802/1323/1308 834/1324/1309 835/1325/1310
f 835/1325/1310 836/1326/1311 802/1323/1308
f 802/1323/1308 836/1326/1311 837/1327/1312
f 802/1323/1308 837/1327/1312 877/1328/1313
f 877/1328/1313 837/1327/1312 876/1329/1314
f 876/1329/1314 837/1327/1312 838/1330/1315
f 876/1329/1314 838/1330/1315 875/1331/1316
f 875/1331/1316 838/1330/1315 874/1332/1317
f 874/1332/1317 838/1330/1315 839/1333/1318
f 874/1332/1317 839/1333/1318 873/1334/1319
f 873/1334/1319 839/1333/1318 872/1335/1320
f 872/1335/1320 839/1333/1318 840/1336/1321
f 872/1335/1320 840/1336/1321 871/1337/1322
f 871/1337/1322 840/1336/1321 870/1338/1323
f 870/1338/1323 840/1336/1321 869/1339/1324
f 869/1339/1324 840/1336/1321 841/1340/1325
f 869/1339/1324 841/1340/1325 868/1341/1326
f 868/1341/1326 841/1340/1325 867/1342/1327
f 867/1342/1327 841/1340/1325 866/1343/1328
f 866/1343/1328 841/1340/1325 842/1344/1329
f 866/1343/1328 842/1344/1329 865/1345/1330
f 865/1345/1330 842/1344/1329 798/1346/1331
f 865/1345/1330 798/1346/1331 864/1347/1332
f 864/1347/1332 798/1346/1331 863/1348/1333
f 863/1348/1333 798/1346/1331 862/1349/1334
f 862/1349/1334 798/1346/1331 861/1350/1335
f 861/1350/1335 798/1346/1331 860/1351/1336
f 860/1351/1336 798/1346/1331 802/1323/1308
f 860/1351/1336 802/1323/1308 859/1352/1337
f 859/1352/1337 802/1323/1308 858/1353/1338
f 858/1353/1338 802/1323/1308 857/1354/1339
f 857/1354/1339 802/1323/1308 856/1355/1340
f 856/1355/1340 802/1323/1308 855/1356/1341
f 855/1356/1341 802/1323/1308 854/1357/1342
f 854/1357/1342 802/1323/1308 877/1328/1313
f 842/1344/1329 843/1358/1343 798/1346/1331
f 798/1346/1331 843/1358/1343 844/1359/1344
f 798/1346/1331 844/1359/1344 845/1360/1345
f 845/1360/1345 846/1361/1346 798/1346/1331
f 798/1346/1331 846/1361/1346 717/1250/1235
f 717/1250/1235 846/1361/1346 847/1362/1347
f 717/1250/1235 847/1362/1347 933/1363/1348
f 933/1363/1348 847/1362/1347 848/1364/1349
f 933/1363/1348 848/1364/1349 932/1365/1350
f 932/1365/1350 848/1364/1349 849/1366/1351
f 932/1365/1350 849/1366/1351 931/1367/1352
f 931/1367/1352 849/1366/1351 930/1368/1353
f 930/1368/1353 849/1366/1351 850/1369/1354
f 930/1368/1353 850/1369/1354 929/1370/1355
f 929/1370/1355 850/1369/1354 928/1371/1356
f 928/1371/1356 850/1369/1354 851/1372/1357
f 928/1371/1356 851/1372/1357 927/1373/1358
f 927/1373/1358 851/1372/1357 926/1374/1359
f 926/1374/1359 851/1372/1357 949/1375/1360
f 949/1375/1360 851/1372/1357 852/1376/1361
f 949/1375/1360 852/1376/1361 948/1377/1362
f 948/1377/1362 852/1376/1361 947/1378/1363
f 947/1378/1363 852/1376/1361 853/1246/1231
f 947/1378/1363 853/1246/1231 946/1248/1233
f 912/1260/1245 913/1379/1364 718/1255/1240
f 718/1255/1240 913/1379/1364 914/1380/1365
f 718/1255/1240 914/1380/1365 915/1381/1366
f 915/1381/1366 916/1382/1367 718/1255/1240
f 718/1255/1240 916/1382/1367 917/1383/1368
f 718/1255/1240 917/1383/1368 918/1384/1369
f 918/1384/1369 919/1385/1370 718/1255/1240
f 718/1255/1240 919/1385/1370 920/1282/1267
f 933/1363/1348 934/1386/1371 717/1250/1235
f 717/1250/1235 934/1386/1371 935/1387/1372
f 717/1250/1235 935/1387/1372 936/1388/1373
f 936/1388/1373 937/1389/1374 717/1250/1235
f 717/1250/1235 937/1389/1374 938/1390/1375
f 717/1250/1235 938/1390/1375 939/1391/1376
f 939/1391/1376 940/1392/1377 717/1250/1235
f 717/1250/1235 940/1392/1377 941/1393/1378
f 717/1250/1235 941/1393/1378 942/1251/1236
f 797/1394/1379 803/1395/1380 798/1396/1381
f 798/1396/1381 803/1395/1380 802/1397/1382
f 66/1398/1383 267/1399/1384 98/1400/1385
f 98/1400/1385 267/1399/1384 307/1401/1386
f 98/1400/1385 307/1401/1386 306/1402/1387
f 130/1403/1388 133/1404/1389 66/1398/1383
f 66/1398/1383 133/1404/1389 142/1405/1390
f 66/1398/1383 142/1405/1390 267/1399/1384
f 134/1406/1391 99/1407/1392 306/1402/1387
f 306/1402/1387 99/1407/1392 98/1400/1385
f 267/1408/1393 266/1409/1394 307/1410/1395
f 307/1410/1395 266/1409/1394 308/1411/1396
f 950/1412/1397 951/1413/1398 954/1414/1399
f 954/1414/1399 951/1413/1398 953/1415/1400
f 953/1415/1400 951/1413/1398 952/1416/1401
f 950/1417/1402 954/1418/1403 955/1419/1404
f 955/1419/1404 954/1418/1403 956/1420/1405
f 953/1421/1406 952/1422/1407 958/1423/1408
f 958/1423/1408 952/1422/1407 957/1424/1409
f 955/1425/1410 956/1426/1411 959/1427/1412
f 959/1427/1412 956/1426/1411 958/1428/1413
f 959/1427/1412 958/1428/1413 957/1429/1414
f 958/1430/1415 956/1431/1416 953/1432/1417
f 953/1432/1417 956/1431/1416 954/1433/1418
f 959/1434/1419 957/1435/1420 951/1436/1421
f 951/1436/1421 957/1435/1420 952/1437/1422
f 961/1438/1423 962/1439/1424 960/1440/1425
f 960/1440/1425 962/1439/1424 963/1441/1426
f 960/1440/1425 963/1441/1426 964/1442/1427
f 960/1443/1428 964/1444/1429 965/1445/1430
f 965/1445/1430 964/1444/1429 966/1446/1431
f 963/1447/1432 962/1448/1433 968/1449/1434
f 968/1449/1434 962/1448/1433 967/1450/1435
f 969/1451/1436 965/1452/1437 967/1453/1438
f 967/1453/1438 965/1452/1437 968/1454/1439
f 968/1454/1439 965/1452/1437 966/1455/1440
f 968/1456/1441 966/1457/1442 963/1458/1443
f 963/1458/1443 966/1457/1442 964/1459/1444
f 969/1460/1445 967/1461/1446 961/1462/1447
f 961/1462/1447 967/1461/1446 962/1463/1448
f 959/1464/1449 260/1465/1450 955/1466/1451
f 955/1466/1451 260/1465/1450 259/1467/1452
f 955/1466/1451 259/1467/1452 532/1468/1453
f 260/1465/1450 959/1464/1449 735/1469/1454
f 735/1469/1454 959/1464/1449 951/1470/1455
f 735/1469/1454 951/1470/1455 950/1471/1456
f 955/1466/1451 532/1468/1453 950/1471/1456
f 950/1471/1456 532/1468/1453 713/1472/1457
f 950/1471/1456 713/1472/1457 735/1469/1454
f 735/1473/1458 713/1474/1459 719/1475/1460
f 719/1475/1460 713/1474/1459 712/1476/1461
f 969/1477/1462 219/1478/1463 965/1479/1464
f 965/1479/1464 219/1478/1463 263/1480/1465
f 965/1479/1464 263/1480/1465 799/1481/1466
f 219/1478/1463 969/1477/1462 215/1482/1467
f 215/1482/1467 969/1477/1462 961/1483/1468
f 215/1482/1467 961/1483/1468 216/1484/1469
f 216/1484/1469 961/1483/1468 960/1485/1470
f 216/1484/1469 960/1485/1470 799/1481/1466
f 799/1481/1466 960/1485/1470 965/1479/1464
f 799/1486/1471 716/1487/1472 216/1488/1473
f 216/1488/1473 716/1487/1472 217/1489/1474
f 821/1490/1475 820/1491/1476 971/1492/1477
f 971/1492/1477 820/1491/1476 970/1493/1478
f 819/1494/1479 818/1495/1480 973/1496/1481
f 973/1496/1481 818/1495/1480 972/1497/1482
f 818/1498/1483 817/1499/1484 972/1500/1485
f 972/1500/1485 817/1499/1484 974/1501/1486
f 817/1499/1487 816/1502/1488 974/1503/1489
f 974/1503/1489 816/1502/1488 975/1504/1490
f 816/1505/1491 815/1506/1492 975/1507/1493
f 975/1507/1493 815/1506/1492 976/1508/1494
f 823/1509/1495 822/1510/1496 978/1511/1497
f 978/1511/1497 822/1510/1496 977/1512/1498
f 822/1513/1499 821/1514/1500 977/1515/1501
f 977/1515/1501 821/1514/1500 971/1516/1502
f 820/1517/1503 819/1518/1504 970/1519/1505
f 970/1519/1505 819/1518/1504 973/1520/1506
f 827/1521/1507 826/1522/1508 980/1523/1509
f 980/1523/1509 826/1522/1508 979/1524/1510
f 826/1525/1511 825/1526/1512 979/1527/1513
f 979/1527/1513 825/1526/1512 981/1528/1514
f 829/1529/1515 828/1530/1516 983/1531/1517
f 983/1531/1517 828/1530/1516 982/1532/1518
f 828/1533/1519 827/1534/1520 982/1535/1521
f 982/1535/1521 827/1534/1520 980/1536/1522
f 824/1537/1523 823/1538/1524 984/1539/1525
f 984/1539/1525 823/1538/1524 978/1540/1526
f 831/1541/1527 830/1542/1528 986/1543/1529
f 986/1543/1529 830/1542/1528 985/1544/1530
f 830/1545/1531 829/1546/1532 985/1547/1533
f 985/1547/1533 829/1546/1532 983/1548/1534
f 825/1549/1535 824/1550/1536 981/1551/1537
f 981/1551/1537 824/1550/1536 984/1552/1538
f 815/1553/1539 814/1554/1540 976/1555/1541
f 976/1555/1541 814/1554/1540 987/1556/1542
f 814/1557/1543 813/1558/1544 987/1559/1545
f 987/1559/1545 813/1558/1544 988/1560/1546
f 813/1561/1547 812/1562/1548 988/1563/1549
f 988/1563/1549 812/1562/1548 989/1564/1550
f 812/1565/1551 811/1566/1552 989/1567/1553
f 989/1567/1553 811/1566/1552 990/1568/1554
f 811/1569/1555 810/1570/1556 990/1571/1557
f 990/1571/1557 810/1570/1556 991/1572/1558
f 810/1573/1559 809/1574/1560 991/1575/1561
f 991/1575/1561 809/1574/1560 992/1576/1562
f 809/1577/1563 808/1578/1564 992/1579/1565
f 992/1579/1565 808/1578/1564 993/1580/1566
f 808/1581/1567 807/1582/1568 993/1583/1569
f 993/1583/1569 807/1582/1568 994/1584/1570
f 807/1585/1571 806/1586/1572 994/1587/1573
f 994/1587/1573 806/1586/1572 995/1588/1574
f 806/1589/1575 805/1590/1576 995/1591/1577
f 995/1591/1577 805/1590/1576 996/1592/1578
f 805/1593/1579 804/1594/1580 996/1595/1581
f 996/1595/1581 804/1594/1580 997/1596/1582
f 804/1597/1583 853/1598/1584 997/1599/1585
f 997/1599/1585 853/1598/1584 998/1600/1586
f 853/1601/1587 852/1602/1588 998/1603/1589
f 998/1603/1589 852/1602/1588 999/1604/1590
f 852/1605/1591 851/1606/1592 999/1607/1593
f 999/1607/1593 851/1606/1592 1000/1608/1594
f 851/1609/1595 850/1610/1596 1000/1611/1597
f 1000/1611/1597 850/1610/1596 1001/1612/1598
f 850/1613/1599 849/1614/1600 1001/1615/1601
f 1001/1615/1601 849/1614/1600 1002/1616/1602
f 849/1617/1603 848/1618/1604 1002/1619/1605
f 1002/1619/1605 848/1618/1604 1003/1620/1606
f 848/1621/1607 847/1622/1608 1003/1623/1609
f 1003/1623/1609 847/1622/1608 1004/1624/1610
f 847/1625/1611 846/1626/1612 1004/1627/1613
f 1004/1627/1613 846/1626/1612 1005/1628/1614
f 846/1629/1615 845/1630/1616 1005/1631/1617
f 1005/1631/1617 845/1630/1616 1006/1632/1618
f 845/1630/1619 844/1633/1620 1006/1634/1621
f 1006/1634/1621 844/1633/1620 1007/1635/1622
f 844/1636/1623 843/1637/1624 1007/1638/1625
f 1007/1638/1625 843/1637/1624 1008/1639/1626
f 843/1640/1627 842/1641/1628 1008/1642/1629
f 1008/1642/1629 842/1641/1628 1009/1643/1630
f 842/1644/1631 841/1645/1632 1009/1646/1633
f 1009/1646/1633 841/1645/1632 1010/1647/1634
f 841/1648/1635 840/1649/1636 1010/1650/1637
f 1010/1650/1637 840/1649/1636 1011/1651/1638
f 840/1652/1639 839/1653/1640 1011/1654/1641
f 1011/1654/1641 839/1653/1640 1012/1655/1642
f 839/1656/1643 838/1657/1644 1012/1658/1645
f 1012/1658/1645 838/1657/1644 1013/1659/1646
f 1014/1660/1647 1013/1661/1648 837/1662/1649
f 837/1662/1649 1013/1661/1648 838/1663/1650
f 1015/1664/1651 1014/1665/1652 836/1666/1653
f 836/1666/1653 1014/1665/1652 837/1667/1654
f 1016/1668/1655 1015/1669/1656 835/1670/1657
f 835/1670/1657 1015/1669/1656 836/1671/1658
f 1017/1672/1659 1016/1673/1660 834/1674/1661
f 834/1674/1661 1016/1673/1660 835/1675/1662
f 1018/1676/1663 1017/1677/1664 833/1678/1665
f 833/1678/1665 1017/1677/1664 834/1679/1666
f 1019/1680/1667 1018/1681/1668 832/1682/1669
f 832/1682/1669 1018/1681/1668 833/1683/1670
f 832/1684/1671 831/1685/1672 1019/1686/1673
f 1019/1686/1673 831/1685/1672 986/1687/1674
f 882/1688/1675 881/1689/1676 1021/1690/1677
f 1021/1690/1677 881/1689/1676 1020/1691/1678
f 881/1692/1679 880/1693/1680 1020/1694/1681
f 1020/1694/1681 880/1693/1680 1022/1695/1682
f 880/1696/1683 879/1697/1684 1022/1698/1685
f 1022/1698/1685 879/1697/1684 1023/1699/1686
f 879/1700/1687 878/1701/1688 1023/1702/1689
f 1023/1702/1689 878/1701/1688 1024/1703/1690
f 878/1704/1691 901/1705/1692 1024/1706/1693
f 1024/1706/1693 901/1705/1692 1025/1707/1694
f 901/1708/1695 900/1709/1696 1025/1710/1697
f 1025/1710/1697 900/1709/1696 1026/1711/1698
f 900/1712/1699 899/1713/1700 1026/1714/1701
f 1026/1714/1701 899/1713/1700 1027/1715/1702
f 899/1716/1703 898/1717/1704 1027/1718/1705
f 1027/1718/1705 898/1717/1704 1028/1719/1706
f 898/1720/1707 897/1721/1708 1028/1722/1709
f 1028/1722/1709 897/1721/1708 1029/1723/1710
f 897/1724/1711 896/1725/1712 1029/1726/1713
f 1029/1726/1713 896/1725/1712 1030/1727/1714
f 896/1728/1715 895/1729/1716 1030/1730/1717
f 1030/1730/1717 895/1729/1716 1031/1731/1718
f 895/1732/1719 894/1733/1720 1031/1734/1721
f 1031/1734/1721 894/1733/1720 1032/1735/1722
f 894/1736/1723 893/1737/1724 1032/1738/1725
f 1032/1738/1725 893/1737/1724 1033/1739/1726
f 893/1737/1727 892/1740/1728 1033/1741/1729
f 1033/1741/1729 892/1740/1728 1034/1742/1730
f 925/1743/1731 924/1744/1732 1036/1745/1733
f 1036/1745/1733 924/1744/1732 1035/1746/1734
f 892/1747/1735 891/1748/1736 1034/1749/1737
f 1034/1749/1737 891/1748/1736 1037/1750/1738
f 891/1751/1739 890/1752/1740 1037/1753/1741
f 1037/1753/1741 890/1752/1740 1038/1754/1742
f 890/1755/1743 889/1756/1744 1038/1757/1745
f 1038/1757/1745 889/1756/1744 1039/1758/1746
f 889/1759/1747 888/1760/1748 1039/1761/1749
f 1039/1761/1749 888/1760/1748 1040/1762/1750
f 888/1763/1751 887/1764/1752 1040/1765/1753
f 1040/1765/1753 887/1764/1752 1041/1766/1754
f 887/1767/1755 886/1768/1756 1041/1769/1757
f 1041/1769/1757 886/1768/1756 1042/1770/1758
f 886/1771/1759 885/1772/1760 1042/1773/1761
f 1042/1773/1761 885/1772/1760 1043/1774/1762
f 885/1775/1763 884/1776/1764 1043/1777/1765
f 1043/1777/1765 884/1776/1764 1044/1778/1766
f 884/1779/1767 883/1780/1768 1044/1781/1769
f 1044/1781/1769 883/1780/1768 1045/1782/1770
f 883/1783/1771 882/1784/1772 1045/1785/1773
f 1045/1785/1773 882/1784/1772 1021/1786/1774
f 854/1787/1775 877/1788/1776 1047/1789/1777
f 1047/1789/1777 877/1788/1776 1046/1790/1778
f 877/1791/1779 876/1792/1780 1046/1793/1781
f 1046/1793/1781 876/1792/1780 1048/1794/1782
f 876/1795/1783 875/1796/1784 1048/1797/1785
f 1048/1797/1785 875/1796/1784 1049/1798/1786
f 875/1799/1787 874/1800/1788 1049/1801/1789
f 1049/1801/1789 874/1800/1788 1050/1802/1790
f 874/1803/1791 873/1804/1792 1050/1805/1793
f 1050/1805/1793 873/1804/1792 1051/1806/1794
f 873/1807/1795 872/1808/1796 1051/1809/1797
f 1051/1809/1797 872/1808/1796 1052/1810/1798
f 872/1811/1799 871/1812/1800 1052/1813/1801
f 1052/1813/1801 871/1812/1800 1053/1814/1802
f 871/1815/1803 870/1816/1804 1053/1817/1805
f 1053/1817/1805 870/1816/1804 1054/1818/1806
f 870/1816/1807 869/1819/1808 1054/1820/1809
f 1054/1820/1809 869/1819/1808 1055/1821/1810
f 869/1822/1811 868/1823/1812 1055/1824/1813
f 1055/1824/1813 868/1823/1812 1056/1825/1814
f 868/1826/1815 867/1827/1816 1056/1828/1817
f 1056/1828/1817 867/1827/1816 1057/1829/1818
f 867/1830/1819 866/1831/1820 1057/1832/1821
f 1057/1832/1821 866/1831/1820 1058/1833/1822
f 866/1834/1823 865/1835/1824 1058/1836/1825
f 1058/1836/1825 865/1835/1824 1059/1837/1826
f 865/1838/1827 864/1839/1828 1059/1840/1829
f 1059/1840/1829 864/1839/1828 1060/1841/1830
f 864/1842/1831 863/1843/1832 1060/1844/1833
f 1060/1844/1833 863/1843/1832 1061/1845/1834
f 863/1846/1835 862/1847/1836 1061/1848/1837
f 1061/1848/1837 862/1847/1836 1062/1849/1838
f 862/1850/1839 861/1851/1840 1062/1852/1841
f 1062/1852/1841 861/1851/1840 1063/1853/1842
f 861/1854/1843 860/1855/1844 1063/1856/1845
f 1063/1856/1845 860/1855/1844 1064/1857/1846
f 860/1855/1847 859/1858/1848 1064/1859/1849
f 1064/1859/1849 859/1858/1848 1065/1860/1850
f 859/1861/1851 858/1862/1852 1065/1863/1853
f 1065/1863/1853 858/1862/1852 1066/1864/1854
f 858/1865/1855 857/1866/1856 1066/1867/1857
f 1066/1867/1857 857/1866/1856 1067/1868/1858
f 857/1869/1859 856/1870/1860 1067/1871/1861
f 1067/1871/1861 856/1870/1860 1068/1872/1862
f 856/1873/1863 855/1874/1864 1068/1875/1865
f 1068/1875/1865 855/1874/1864 1069/1876/1866
f 855/1877/1867 854/1878/1868 1069/1879/1869
f 1069/1879/1869 854/1878/1868 1047/1880/1870
f 932/1881/1871 931/1882/1872 1071/1883/1873
f 1071/1883/1873 931/1882/1872 1070/1884/1874
f 931/1885/1875 930/1886/1876 1070/1887/1877
f 1070/1887/1877 930/1886/1876 1072/1888/1878
f 930/1889/1879 929/1890/1880 1072/1891/1881
f 1072/1891/1881 929/1890/1880 1073/1892/1882
f 929/1893/1883 928/1894/1884 1073/1895/1885
f 1073/1895/1885 928/1894/1884 1074/1896/1886
f 928/1897/1887 927/1898/1888 1074/1899/1889
f 1074/1899/1889 927/1898/1888 1075/1900/1890
f 927/1901/1891 926/1902/1892 1075/1903/1893
f 1075/1903/1893 926/1902/1892 1076/1904/1894
f 926/1905/1895 949/1906/1896 1076/1907/1897
f 1076/1907/1897 949/1906/1896 1077/1908/1898
f 949/1909/1899 948/1910/1900 1077/1911/1901
f 1077/1911/1901 948/1910/1900 1078/1912/1902
f 948/1913/1903 947/1914/1904 1078/1915/1905
f 1078/1915/1905 947/1914/1904 1079/1916/1906
f 947/1914/1907 946/1917/1908 1079/1918/1909
f 1079/1918/1909 946/1917/1908 1080/1919/1910
f 946/1920/1911 945/1921/1912 1080/1922/1913
f 1080/1922/1913 945/1921/1912 1081/1923/1914
f 945/1924/1915 944/1925/1916 1081/1926/1917
f 1081/1926/1917 944/1925/1916 1082/1927/1918
f 944/1928/1919 943/1929/1920 1082/1930/1921
f 1082/1930/1921 943/1929/1920 1083/1931/1922
f 943/1929/1923 942/1932/1924 1083/1933/1925
f 1083/1933/1925 942/1932/1924 1084/1934/1926
f 942/1935/1927 941/1936/1928 1084/1937/1929
f 1084/1937/1929 941/1936/1928 1085/1938/1930
f 941/1939/1931 940/1940/1932 1085/1941/1933
f 1085/1941/1933 940/1940/1932 1086/1942/1934
f 940/1943/1935 939/1944/1936 1086/1945/1937
f 1086/1945/1937 939/1944/1936 1087/1946/1938
f 939/1947/1939 938/1948/1940 1087/1949/1941
f 1087/1949/1941 938/1948/1940 1088/1950/1942
f 938/1951/1943 937/1952/1944 1088/1953/1945
f 1088/1953/1945 937/1952/1944 1089/1954/1946
f 937/1955/1947 936/1956/1948 1089/1957/1949
f 1089/1957/1949 936/1956/1948 1090/1958/1950
f 936/1959/1951 935/1960/1952 1090/1961/1953
f 1090/1961/1953 935/1960/1952 1091/1962/1954
f 935/1963/1955 934/1964/1956 1091/1965/1957
f 1091/1965/1957 934/1964/1956 1092/1966/1958
f 934/1967/1959 933/1968/1960 1092/1969/1961
f 1092/1969/1961 933/1968/1960 1093/1970/1962
f 933/1971/1963 932/1972/1964 1093/1973/1965
f 1093/1973/1965 932/1972/1964 1071/1974/1966
f 912/1975/1967 911/1976/1968 1094/1977/1969
f 1094/1977/1969 911/1976/1968 1095/1978/1970
f 911/1979/1971 910/1980/1972 1095/1981/1973
f 1095/1981/1973 910/1980/1972 1096/1982/1974
f 910/1983/1975 909/1984/1976 1096/1985/1977
f 1096/1985/1977 909/1984/1976 1097/1986/1978
f 909/1987/1979 908/1988/1980 1097/1989/1981
f 1097/1989/1981 908/1988/1980 1098/1990/1982
f 908/1991/1983 907/1992/1984 1098/1993/1985
f 1098/1993/1985 907/1992/1984 1099/1994/1986
f 907/1995/1987 906/1996/1988 1099/1997/1989
f 1099/1997/1989 906/1996/1988 1100/1998/1990
f 906/1999/1991 905/2000/1992 1100/2001/1993
f 1100/2001/1993 905/2000/1992 1101/2002/1994
f 905/2003/1995 904/2004/1996 1101/2005/1997
f 1101/2005/1997 904/2004/1996 1102/2006/1998
f 904/2007/1999 903/2008/2000 1102/2009/2001
f 1102/2009/2001 903/2008/2000 1103/2010/2002
f 903/2011/2003 902/2012/2004 1103/2013/2005
f 1103/2013/2005 902/2012/2004 1104/2014/2006
f 902/2015/2007 925/2016/2008 1104/2017/2009
f 1104/2017/2009 925/2016/2008 1036/2018/2010
f 924/2019/2011 923/2020/2012 1035/2021/2013
f 1035/2021/2013 923/2020/2012 1105/2022/2014
f 923/2023/2015 922/2024/2016 1105/2025/2017
f 1105/2025/2017 922/2024/2016 1106/2026/2018
f 922/2027/2019 921/2028/2020 1106/2029/2021
f 1106/2029/2021 921/2028/2020 1107/2030/2022
f 921/2031/2023 920/2032/2024 1107/2033/2025
f 1107/2033/2025 920/2032/2024 1108/2034/2026
f 920/2035/2027 919/2036/2028 1108/2037/2029
f 1108/2037/2029 919/2036/2028 1109/2038/2030
f 919/2039/2031 918/2040/2032 1109/2041/2033
f 1109/2041/2033 918/2040/2032 1110/2042/2034
f 918/2043/2035 917/2044/2036 1110/2045/2037
f 1110/2045/2037 917/2044/2036 1111/2046/2038
f 917/2047/2039 916/2048/2040 1111/2049/2041
f 1111/2049/2041 916/2048/2040 1112/2050/2042
f 916/2048/2043 915/2051/2044 1112/2052/2045
f 1112/2052/2045 915/2051/2044 1113/2053/2046
f 915/2054/2047 914/2055/2048 1113/2056/2049
f 1113/2056/2049 914/2055/2048 1114/2057/2050
f 914/2058/2051 913/2059/2052 1114/2060/2053
f 1114/2060/2053 913/2059/2052 1115/2061/2054
f 913/2062/2055 912/2063/2056 1115/2064/2057
f 1115/2064/2057 912/2063/2056 1094/2065/2058
f 800/2066/2059 1028/2067/2060 737/2068/2061
f 737/2068/2061 1028/2067/2060 1029/2069/2062
f 737/2068/2061 1029/2069/2062 1030/2070/2063
f 803/2071/2064 1018/2072/2065 800/2066/2059
f 800/2066/2059 1018/2072/2065 1019/2073/2066
f 800/2066/2059 1019/2073/2066 986/2074/2067
f 797/2075/2068 1064/2076/2069 803/2071/2064
f 803/2071/2064 1064/2076/2069 1065/2077/2070
f 803/2071/2064 1065/2077/2070 1066/2078/2071
f 796/2079/2072 1005/2080/2073 797/2075/2068
f 797/2075/2068 1005/2080/2073 1006/2081/2074
f 797/2075/2068 1006/2081/2074 1007/2082/2075
f 1116/2083/2076 1090/2084/2077 796/2079/2072
f 796/2079/2072 1090/2084/2077 1091/2085/2078
f 796/2079/2072 1091/2085/2078 1092/2086/2079
f 1117/2087/2080 1118/2088/2081 1116/2083/2076
f 1116/2083/2076 1118/2088/2081 1084/2089/2082
f 1116/2083/2076 1084/2089/2082 1085/2090/2083
f 726/2091/2084 995/2092/2085 1118/2088/2081
f 1118/2088/2081 995/2092/2085 996/2093/2086
f 1118/2088/2081 996/2093/2086 997/2094/2087
f 725/2095/2088 993/2096/2089 726/2091/2084
f 726/2091/2084 993/2096/2089 994/2097/2090
f 726/2091/2084 994/2097/2090 995/2092/2085
f 1119/2098/2091 990/2099/2092 725/2095/2088
f 725/2095/2088 990/2099/2092 991/2100/2093
f 725/2095/2088 991/2100/2093 992/2101/2094
f 1120/2102/2095 1121/2103/2096 1119/2098/2091
f 1119/2098/2091 1121/2103/2096 1095/2104/2097
f 1119/2098/2091 1095/2104/2097 1096/2105/2098
f 738/2106/2099 1110/2107/2100 1121/2103/2096
f 1121/2103/2096 1110/2107/2100 1111/2108/2101
f 1121/2103/2096 1111/2108/2101 1112/2109/2102
f 737/2068/2061 971/2110/2103 738/2106/2099
f 738/2106/2099 971/2110/2103 970/2111/2104
f 738/2106/2099 970/2111/2104 973/2112/2105
f 1068/2113/2106 1069/2114/2107 803/2071/2064
f 803/2071/2064 1069/2114/2107 1047/2115/2108
f 803/2071/2064 1047/2115/2108 1046/2116/2109
f 803/2071/2064 1046/2116/2109 1014/2117/2110
f 1014/2117/2110 1046/2116/2109 1048/2118/2111
f 1014/2117/2110 1048/2118/2111 1013/2119/2112
f 1013/2119/2112 1048/2118/2111 1049/2120/2113
f 1013/2119/2112 1049/2120/2113 1050/2121/2114
f 1013/2119/2112 1050/2121/2114 1012/2122/2115
f 1012/2122/2115 1050/2121/2114 1051/2123/2116
f 1012/2122/2115 1051/2123/2116 1052/2124/2117
f 1012/2122/2115 1052/2124/2117 1011/2125/2118
f 1011/2125/2118 1052/2124/2117 1053/2126/2119
f 1011/2125/2118 1053/2126/2119 1054/2127/2120
f 1054/2127/2120 1055/2128/2121 1011/2125/2118
f 1011/2125/2118 1055/2128/2121 1010/2129/2122
f 1010/2129/2122 1055/2128/2121 1056/2130/2123
f 1010/2129/2122 1056/2130/2123 1057/2131/2124
f 1057/2131/2124 1058/2132/2125 1010/2129/2122
f 1010/2129/2122 1058/2132/2125 1009/2133/2126
f 1009/2133/2126 1058/2132/2125 1059/2134/2127
f 1009/2133/2126 1059/2134/2127 797/2075/2068
f 797/2075/2068 1059/2134/2127 1060/2135/2128
f 797/2075/2068 1060/2135/2128 1061/2136/2129
f 1061/2136/2129 1062/2137/2130 797/2075/2068
f 797/2075/2068 1062/2137/2130 1063/2138/2131
f 797/2075/2068 1063/2138/2131 1064/2076/2069
f 1066/2078/2071 1067/2139/2132 803/2071/2064
f 803/2071/2064 1067/2139/2132 1068/2113/2106
f 1022/2140/2133 1023/2141/2134 800/2066/2059
f 800/2066/2059 1023/2141/2134 1024/2142/2135
f 800/2066/2059 1024/2142/2135 1025/2143/2136
f 1025/2143/2136 1026/2144/2137 800/2066/2059
f 800/2066/2059 1026/2144/2137 1027/2145/2138
f 800/2066/2059 1027/2145/2138 1028/2067/2060
f 1030/2070/2063 1031/2146/2139 737/2068/2061
f 737/2068/2061 1031/2146/2139 1032/2147/2140
f 737/2068/2061 1032/2147/2140 1033/2148/2141
f 737/2068/2061 1033/2148/2141 981/2149/2142
f 981/2149/2142 1033/2148/2141 1034/2150/2143
f 981/2149/2142 1034/2150/2143 1037/2151/2144
f 981/2149/2142 1037/2151/2144 979/2152/2145
f 979/2152/2145 1037/2151/2144 1038/2153/2146
f 979/2152/2145 1038/2153/2146 1039/2154/2147
f 1039/2154/2147 1040/2155/2148 979/2152/2145
f 979/2152/2145 1040/2155/2148 980/2156/2149
f 980/2156/2149 1040/2155/2148 1041/2157/2150
f 980/2156/2149 1041/2157/2150 1042/2158/2151
f 980/2156/2149 1042/2158/2151 982/2159/2152
f 982/2159/2152 1042/2158/2151 1043/2160/2153
f 982/2159/2152 1043/2160/2153 1044/2161/2154
f 1044/2161/2154 1045/2162/2155 982/2159/2152
f 982/2159/2152 1045/2162/2155 983/2163/2156
f 983/2163/2156 1045/2162/2155 1021/2164/2157
f 983/2163/2156 1021/2164/2157 985/2165/2158
f 985/2165/2158 1021/2164/2157 1020/2166/2159
f 985/2165/2158 1020/2166/2159 800/2066/2059
f 800/2066/2059 1020/2166/2159 1022/2140/2133
f 1103/2167/2160 1104/2168/2161 975/2169/2162
f 975/2169/2162 1104/2168/2161 1036/2170/2163
f 975/2169/2162 1036/2170/2163 1035/2171/2164
f 975/2169/2162 1035/2171/2164 974/2172/2165
f 974/2172/2165 1035/2171/2164 1105/2173/2166
f 974/2172/2165 1105/2173/2166 1106/2174/2167
f 974/2172/2165 1106/2174/2167 972/2175/2168
f 972/2175/2168 1106/2174/2167 1107/2176/2169
f 972/2175/2168 1107/2176/2169 973/2112/2105
f 973/2112/2105 1107/2176/2169 738/2106/2099
f 1107/2176/2169 1108/2177/2170 738/2106/2099
f 738/2106/2099 1108/2177/2170 1109/2178/2171
f 738/2106/2099 1109/2178/2171 1110/2107/2100
f 1112/2109/2102 1113/2179/2172 1121/2103/2096
f 1121/2103/2096 1113/2179/2172 1114/2180/2173
f 1121/2103/2096 1114/2180/2173 1115/2181/2174
f 1115/2181/2174 1094/2182/2175 1121/2103/2096
f 1121/2103/2096 1094/2182/2175 1095/2104/2097
f 1119/2098/2091 1096/2105/2098 988/2183/2176
f 988/2183/2176 1096/2105/2098 1097/2184/2177
f 988/2183/2176 1097/2184/2177 1098/2185/2178
f 988/2183/2176 1098/2185/2178 987/2186/2179
f 987/2186/2179 1098/2185/2178 1099/2187/2180
f 987/2186/2179 1099/2187/2180 1100/2188/2181
f 987/2186/2179 1100/2188/2181 976/2189/2182
f 976/2189/2182 1100/2188/2181 1101/2190/2183
f 976/2189/2182 1101/2190/2183 1102/2191/2184
f 1102/2191/2184 1103/2167/2160 976/2189/2182
f 976/2189/2182 1103/2167/2160 975/2169/2162
f 1075/2192/2185 1076/2193/2186 1000/2194/2187
f 1000/2194/2187 1076/2193/2186 1077/2195/2188
f 1000/2194/2187 1077/2195/2188 999/2196/2189
f 999/2196/2189 1077/2195/2188 1078/2197/2190
f 999/2196/2189 1078/2197/2190 1079/2198/2191
f 999/2196/2189 1079/2198/2191 998/2199/2192
f 998/2199/2192 1079/2198/2191 1080/2200/2193
f 998/2199/2192 1080/2200/2193 1081/2201/2194
f 1081/2201/2194 1082/2202/2195 998/2199/2192
f 998/2199/2192 1082/2202/2195 997/2094/2087
f 997/2094/2087 1082/2202/2195 1083/2203/2196
f 997/2094/2087 1083/2203/2196 1118/2088/2081
f 1118/2088/2081 1083/2203/2196 1084/2089/2082
f 1085/2090/2083 1086/2204/2197 1116/2083/2076
f 1116/2083/2076 1086/2204/2197 1087/2205/2198
f 1116/2083/2076 1087/2205/2198 1088/2206/2199
f 1088/2206/2199 1089/2207/2200 1116/2083/2076
f 1116/2083/2076 1089/2207/2200 1090/2084/2077
f 1092/2086/2079 1093/2208/2201 796/2079/2072
f 796/2079/2072 1093/2208/2201 1071/2209/2202
f 796/2079/2072 1071/2209/2202 1003/2210/2203
f 1003/2210/2203 1071/2209/2202 1002/2211/2204
f 1002/2211/2204 1071/2209/2202 1070/2212/2205
f 1002/2211/2204 1070/2212/2205 1072/2213/2206
f 1002/2211/2204 1072/2213/2206 1001/2214/2207
f 1001/2214/2207 1072/2213/2206 1073/2215/2208
f 1001/2214/2207 1073/2215/2208 1074/2216/2209
f 1001/2214/2207 1074/2216/2209 1000/2194/2187
f 1000/2194/2187 1074/2216/2209 1075/2192/2185
f 988/2183/2176 989/2217/2210 1119/2098/2091
f 1119/2098/2091 989/2217/2210 990/2099/2092
f 992/2101/2094 993/2096/2089 725/2095/2088
f 1003/2210/2203 1004/2218/2211 796/2079/2072
f 796/2079/2072 1004/2218/2211 1005/2080/2073
f 1007/2082/2075 1008/2219/2212 797/2075/2068
f 797/2075/2068 1008/2219/2212 1009/2133/2126
f 1014/2117/2110 1015/2220/2213 803/2071/2064
f 803/2071/2064 1015/2220/2213 1016/2221/2214
f 803/2071/2064 1016/2221/2214 1017/2222/2215
f 1017/2222/2215 1018/2072/2065 803/2071/2064
f 986/2074/2067 985/2165/2158 800/2066/2059
f 981/2149/2142 984/2223/2216 737/2068/2061
f 737/2068/2061 984/2223/2216 978/2224/2217
f 737/2068/2061 978/2224/2217 977/2225/2218
f 977/2225/2218 971/2110/2103 737/2068/2061
f 1116/2226/2219 1122/2227/2220 1117/2228/2221
f 1117/2228/2221 1122/2227/2220 729/2229/2222
f 729/2229/2222 1122/2227/2220 727/2230/2223
f 727/2230/2223 1122/2227/2220 793/2231/2224
f 1117/2232/2225 729/2233/2226 1123/2234/2227
f 1123/2234/2227 729/2233/2226 728/2235/2228
f 720/2236/2229 1120/2237/2230 721/2238/2231
f 721/2238/2231 1120/2237/2230 1124/2239/2232
f 1119/2240/2233 725/2241/2234 1125/2242/2235
f 1125/2242/2235 725/2241/2234 724/2243/2236
f 726/2244/2237 1118/2245/2238 723/2246/2239
f 723/2246/2239 1118/2245/2238 1126/2247/2240
f 1130/2248/2241 1127/2249/2242 311/2250/2243
f 311/2250/2243 1127/2249/2242 1128/2251/2244
f 311/2250/2243 1128/2251/2244 312/2252/2245
f 312/2252/2245 1128/2251/2244 1129/2253/2246
f 312/2252/2245 1129/2253/2246 1132/2254/2247
f 1132/2254/2247 1129/2253/2246 1130/2248/2241
f 1132/2254/2247 1130/2248/2241 1131/2255/2248
f 1131/2255/2248 1130/2248/2241 311/2250/2243
f 1129/2256/2249 791/2257/2250 1130/2258/2251
f 1130/2258/2251 791/2257/2250 790/2259/2252
f 1127/2260/2253 789/2261/2254 1128/2262/2255
f 1128/2262/2255 789/2261/2254 792/2263/2256
f 733/2264/2257 1124/2265/2258 730/2266/2259
f 730/2266/2259 1124/2265/2258 1125/2267/2260
f 730/2266/2259 1125/2267/2260 739/2268/2261
f 739/2268/2261 1125/2267/2260 1126/2269/2262
f 739/2268/2261 1126/2269/2262 1123/2270/2263
f 733/2264/2257 722/2271/2264 1124/2265/2258
f 1124/2265/2258 722/2271/2264 721/2272/2265
f 1125/2267/2260 724/2273/2266 1126/2269/2262
f 1126/2269/2262 724/2273/2266 723/2274/2267
f 739/2268/2261 1123/2270/2263 793/2275/2268
f 793/2275/2268 1123/2270/2263 728/2276/2269
f 793/2275/2268 728/2276/2269 727/2277/2270
f 1122/2278/2271 795/2279/2272 793/2280/2273
f 793/2280/2273 795/2279/2272 794/2281/2274
f 1126/2282/2275 1118/2283/2276 1123/2284/2277
f 1123/2284/2277 1118/2283/2276 1117/2285/2278
f 1120/2286/2279 1119/2287/2280 1124/2288/2281
f 1124/2288/2281 1119/2287/2280 1125/2289/2282
f 715/2290/2283 1131/2291/2284 310/2292/2285
f 310/2292/2285 1131/2291/2284 311/2293/2286
f 1132/2294/2287 714/2295/2288 312/2296/2289
f 312/2296/2289 714/2295/2288 313/2297/2290
f 714/2295/2291 1132/2298/2292 715/2299/2293
f 715/2299/2293 1132/2298/2292 1131/2300/2294
f 1121/2301/2295 1120/2302/2296 1133/2303/2297
f 1133/2303/2297 1120/2302/2296 720/2304/2298
f 1133/2303/2297 720/2304/2298 722/2305/2299
f 722/2305/2299 733/2306/2300 1133/2303/2297
f 1133/2307/2301 734/2308/2302 1121/2309/2303
f 1121/2309/2303 734/2308/2302 738/2310/2304
f 795/2311/2305 1122/2312/2306 796/2313/2307
f 796/2313/2307 1122/2312/2306 1116/2314/2308
f 791/2315/2309 1129/2316/2310 792/2317/2311
f 792/2317/2311 1129/2316/2310 1128/2318/2312
f 1130/2319/2313 790/2320/2314 1127/2321/2315
f 1127/2321/2315 790/2320/2314 789/2322/2316
f 732/2323/2317 734/2324/2318 733/2325/2319
f 733/2325/2319 734/2324/2318 1133/2326/2320
f 1157/2327/2321 1134/2328/2322 1147/2329/2323
f 1147/2329/2323 1134/2328/2322 1135/2330/2324
f 1147/2329/2323 1135/2330/2324 1146/2331/2325
f 1146/2331/2325 1135/2330/2324 1145/2332/2326
f 1145/2332/2326 1135/2330/2324 1136/2333/2327
f 1145/2332/2326 1136/2333/2327 1137/2334/2328
f 1138/2335/2329 1143/2336/2330 1137/2334/2328
f 1137/2334/2328 1143/2336/2330 1144/2337/2331
f 1137/2334/2328 1144/2337/2331 1145/2332/2326
f 1138/2335/2329 1139/2338/2332 1143/2336/2330
f 1143/2336/2330 1139/2338/2332 1140/2339/2333
f 1143/2336/2330 1140/2339/2333 1141/2340/2334
f 1141/2340/2334 1142/2341/2335 1143/2336/2330
f 1147/2329/2323 1148/2342/2336 1157/2327/2321
f 1157/2327/2321 1148/2342/2336 1149/2343/2337
f 1157/2327/2321 1149/2343/2337 1156/2344/2338
f 1156/2344/2338 1149/2343/2337 1155/2345/2339
f 1155/2345/2339 1149/2343/2337 1150/2346/2340
f 1155/2345/2339 1150/2346/2340 1151/2347/2341
f 1152/2348/2342 1153/2349/2343 1151/2347/2341
f 1151/2347/2341 1153/2349/2343 1154/2350/2344
f 1151/2347/2341 1154/2350/2344 1155/2345/2339
f 755/2351/2345 1157/2352/2346 756/2353/2347
f 756/2353/2347 1157/2352/2346 1156/2354/2348
f 754/2355/2349 1134/2356/2350 755/2357/2351
f 755/2357/2351 1134/2356/2350 1157/2358/2352
f 753/2359/2353 1135/2360/2354 754/2361/2355
f 754/2361/2355 1135/2360/2354 1134/2362/2356
f 752/2363/2357 1136/2364/2358 753/2365/2359
f 753/2365/2359 1136/2364/2358 1135/2366/2360
f 751/2367/2361 1137/2368/2362 752/2369/2363
f 752/2369/2363 1137/2368/2362 1136/2370/2364
f 750/2371/2365 1138/2372/2366 751/2373/2367
f 751/2373/2367 1138/2372/2366 1137/2374/2368
f 1138/2372/2369 750/2371/2370 1139/2375/2371
f 1139/2375/2371 750/2376/2370 749/2377/2372
f 1139/2378/2373 749/2379/2374 1140/2380/2375
f 1140/2380/2375 749/2379/2374 748/2381/2376
f 1140/2382/2377 748/2383/2378 1141/2384/2379
f 1141/2384/2379 748/2383/2378 747/2385/2380
f 1141/2386/2381 747/2387/2382 1142/2388/2383
f 1142/2388/2383 747/2387/2382 746/2389/2384
f 1142/2390/2385 746/2391/2386 1143/2392/2387
f 1143/2392/2387 746/2391/2386 745/2393/2388
f 1143/2394/2389 745/2395/2390 1144/2396/2391
f 1144/2396/2391 745/2395/2390 744/2397/2392
f 1144/2398/2393 744/2399/2394 1145/2400/2395
f 1145/2400/2395 744/2399/2394 743/2401/2396
f 1145/2402/2397 743/2403/2398 1146/2404/2399
f 1146/2404/2399 743/2403/2398 742/2405/2400
f 1146/2406/2401 742/2407/2402 1147/2408/2403
f 1147/2408/2403 742/2407/2402 741/2409/2404
f 1147/2410/2405 741/2411/2406 1148/2412/2407
f 1148/2412/2407 741/2411/2406 764/2413/2408
f 1148/2414/2409 764/2415/2410 1149/2416/2411
f 1149/2416/2411 764/2415/2410 763/2417/2412
f 1149/2418/2413 763/2419/2414 1150/2420/2415
f 1150/2420/2415 763/2419/2414 762/2421/2416
f 1150/2422/2417 762/2423/2418 1151/2424/2419
f 1151/2424/2419 762/2423/2418 761/2425/2420
f 1151/2426/2421 761/2427/2422 1152/2428/2423
f 1152/2428/2423 761/2427/2422 760/2429/2424
f 1152/2430/2425 760/2431/2426 1153/2432/2427
f 1153/2432/2427 760/2431/2426 759/2433/2428
f 1153/2434/2429 759/2435/2430 1154/2436/2431
f 1154/2436/2431 759/2435/2430 758/2437/2432
f 1154/2438/2433 758/2439/2434 1155/2440/2435
f 1155/2440/2435 758/2439/2434 757/2441/2436
f 1155/2442/2437 757/2443/2438 1156/2444/2439
f 1156/2444/2439 757/2443/2438 756/2445/2440
f 1181/2446/2441 1158/2447/2442 1171/2448/2443
f 1171/2448/2443 1158/2447/2442 1159/2449/2444
f 1171/2448/2443 1159/2449/2444 1170/2450/2445
f 1170/2450/2445 1159/2449/2444 1169/2451/2446
f 1169/2451/2446 1159/2449/2444 1168/2452/2447
f 1168/2452/2447 1159/2449/2444 1160/2453/2448
f 1168/2452/2447 1160/2453/2448 1161/2454/2449
f 1161/2454/2449 1162/2455/2450 1168/2452/2447
f 1168/2452/2447 1162/2455/2450 1167/2456/2451
f 1167/2456/2451 1162/2455/2450 1163/2457/2452
f 1167/2456/2451 1163/2457/2452 1164/2458/2453
f 1165/2459/2454 1166/2460/2455 1164/2458/2453
f 1164/2458/2453 1166/2460/2455 1167/2456/2451
f 1171/2448/2443 1172/2461/2456 1181/2446/2441
f 1181/2446/2441 1172/2461/2456 1173/2462/2457
f 1181/2446/2441 1173/2462/2457 1174/2463/2458
f 1174/2463/2458 1175/2464/2459 1181/2446/2441
f 1181/2446/2441 1175/2464/2459 1180/2465/2460
f 1180/2465/2460 1175/2464/2459 1179/2466/2461
f 1179/2466/2461 1175/2464/2459 1178/2467/2462
f 1178/2467/2462 1175/2464/2459 1177/2468/2463
f 1177/2468/2463 1175/2464/2459 1176/2469/2464
f 1179/2470/2465 781/2471/2466 1180/2472/2467
f 1180/2472/2467 781/2471/2466 780/2473/2468
f 779/2474/2469 1181/2475/2470 780/2476/2471
f 780/2476/2471 1181/2475/2470 1180/2477/2472
f 778/2478/2473 1158/2479/2474 779/2480/2475
f 779/2480/2475 1158/2479/2474 1181/2481/2476
f 777/2482/2477 1159/2483/2478 778/2484/2479
f 778/2484/2479 1159/2483/2478 1158/2485/2480
f 776/2486/2481 1160/2487/2482 777/2488/2483
f 777/2488/2483 1160/2487/2482 1159/2489/2484
f 775/2490/2485 1161/2491/2486 776/2492/2487
f 776/2492/2487 1161/2491/2486 1160/2493/2488
f 774/2494/2489 1162/2495/2490 775/2496/2491
f 775/2496/2491 1162/2495/2490 1161/2497/2492
f 1162/2495/2493 774/2494/2494 1163/2498/2495
f 1163/2498/2495 774/2499/2494 773/2500/2496
f 1163/2501/2497 773/2502/2498 1164/2503/2499
f 1164/2503/2499 773/2502/2498 772/2504/2500
f 1164/2505/2501 772/2506/2502 1165/2507/2503
f 1165/2507/2503 772/2506/2502 771/2508/2504
f 1165/2509/2505 771/2510/2506 1166/2511/2507
f 1166/2511/2507 771/2510/2506 770/2512/2508
f 1166/2513/2509 770/2514/2510 1167/2515/2511
f 1167/2515/2511 770/2514/2510 769/2516/2512
f 1167/2517/2513 769/2518/2514 1168/2519/2515
f 1168/2519/2515 769/2518/2514 768/2520/2516
f 1168/2521/2517 768/2522/2518 1169/2523/2519
f 1169/2523/2519 768/2522/2518 767/2524/2520
f 1169/2525/2521 767/2526/2522 1170/2527/2523
f 1170/2527/2523 767/2526/2522 766/2528/2524
f 1170/2529/2525 766/2530/2526 1171/2531/2527
f 1171/2531/2527 766/2530/2526 765/2532/2528
f 1171/2533/2529 765/2534/2530 1172/2535/2531
f 1172/2535/2531 765/2534/2530 788/2536/2532
f 1172/2537/2533 788/2538/2534 1173/2539/2535
f 1173/2539/2535 788/2538/2534 787/2540/2536
f 1173/2541/2537 787/2542/2538 1174/2543/2539
f 1174/2543/2539 787/2542/2538 786/2544/2540
f 1174/2545/2541 786/2546/2542 1175/2547/2543
f 1175/2547/2543 786/2546/2542 785/2548/2544
f 1175/2549/2545 785/2550/2546 1176/2551/2547
f 1176/2551/2547 785/2550/2546 784/2552/2548
f 1176/2553/2549 784/2554/2550 1177/2555/2551
f 1177/2555/2551 784/2554/2550 783/2556/2552
f 1177/2557/2553 783/2558/2554 1178/2559/2555
f 1178/2559/2555 783/2558/2554 782/2560/2556
f 1178/2561/2557 782/2562/2558 1179/2563/2559
f 1179/2563/2559 782/2562/2558 781/2564/2560
# 1181 vertices
# 2564 texture params
# 2560 normals
# 2406 facets

# 1 groups
